network_definition,physical_level,candidate_view,projection_subset,target_units,strict_target_units,target_jaccard_vs_baseline,target_recall_vs_baseline,quadrant_agreement_rate,rank_gap_spearman_vs_baseline,pdb_country_coverage,median_pdb_interconnection_footprint_percentile,dominant_pdb_interconnection_footprint_tier,interpretation
application_observation_supplementary,cable,conservative_set,all,17,3,0.32,0.5,0.5714285714285714,0.34402482435409953,0,,,"application_observation_supplementary network definition, cable-level, conservative feasible-set view, all projections"
application_observation_supplementary,cable,conservative_set,strong_only,0,0,0.0,0.0,0.0,0.0,0,,,"application_observation_supplementary network definition, cable-level, conservative feasible-set view, strong projections only"
application_observation_supplementary,cable,conservative_set,strong_or_moderate,5,0,0.0,0.0,0.35,-0.457229371688115,0,,,"application_observation_supplementary network definition, cable-level, conservative feasible-set view, strong/moderate projections only"
application_observation_supplementary,cable,weighted_support,all,14,3,0.1111111111111111,0.1875,0.43333333333333335,0.17070981077897665,0,,,"application_observation_supplementary network definition, cable-level, weighted support view, all projections"
application_observation_supplementary,cable,weighted_support,strong_only,0,0,0.0,0.0,0.0,0.0,0,,,"application_observation_supplementary network definition, cable-level, weighted support view, strong projections only"
application_observation_supplementary,cable,weighted_support,strong_or_moderate,7,0,0.0,0.0,0.3,-0.3779382661624021,0,,,"application_observation_supplementary network definition, cable-level, weighted support view, strong/moderate projections only"
application_observation_supplementary,corridor,conservative_set,all,15,5,0.47619047619047616,0.625,0.7142857142857143,0.5413738652690088,0,,,"application_observation_supplementary network definition, corridor-level, conservative feasible-set view, all projections"
application_observation_supplementary,corridor,conservative_set,strong_only,0,0,0.0,0.0,0.0,0.0,0,,,"application_observation_supplementary network definition, corridor-level, conservative feasible-set view, strong projections only"
application_observation_supplementary,corridor,conservative_set,strong_or_moderate,6,0,0.0,0.0,0.4,-0.33751104797701836,0,,,"application_observation_supplementary network definition, corridor-level, conservative feasible-set view, strong/moderate projections only"
application_observation_supplementary,corridor,weighted_support,all,11,0,0.17391304347826086,0.25,0.55,0.3373126119041028,0,,,"application_observation_supplementary network definition, corridor-level, weighted support view, all projections"
application_observation_supplementary,corridor,weighted_support,strong_only,0,0,0.0,0.0,0.0,0.0,0,,,"application_observation_supplementary network definition, corridor-level, weighted support view, strong projections only"
application_observation_supplementary,corridor,weighted_support,strong_or_moderate,6,0,0.0,0.0,0.4,-0.3147318996321128,0,,,"application_observation_supplementary network definition, corridor-level, weighted support view, strong/moderate projections only"
as_egress_primary,cable,conservative_set,all,18,5,0.6190476190476191,0.8125,0.7959183673469388,0.7149436760602601,0,,,"as_egress_primary network definition, cable-level, conservative feasible-set view, all projections"
as_egress_primary,cable,conservative_set,strong_only,0,0,0.0,0.0,0.0,0.0,0,,,"as_egress_primary network definition, cable-level, conservative feasible-set view, strong projections only"
as_egress_primary,cable,conservative_set,strong_or_moderate,5,0,0.05,0.0625,0.4,0.24637985792393624,0,,,"as_egress_primary network definition, cable-level, conservative feasible-set view, strong/moderate projections only"
as_egress_primary,cable,weighted_support,all,13,5,0.11538461538461539,0.1875,0.5333333333333333,0.4936379446254789,0,,,"as_egress_primary network definition, cable-level, weighted support view, all projections"
as_egress_primary,cable,weighted_support,strong_only,0,0,0.0,0.0,0.0,0.0,0,,,"as_egress_primary network definition, cable-level, weighted support view, strong projections only"
as_egress_primary,cable,weighted_support,strong_or_moderate,6,0,0.047619047619047616,0.0625,0.35,0.3037107043688209,0,,,"as_egress_primary network definition, cable-level, weighted support view, strong/moderate projections only"
as_egress_primary,corridor,conservative_set,all,16,5,1.0,1.0,1.0,1.0,0,,,"as_egress_primary network definition, corridor-level, conservative feasible-set view, all projections"
as_egress_primary,corridor,conservative_set,strong_only,0,0,0.0,0.0,0.0,0.0,0,,,"as_egress_primary network definition, corridor-level, conservative feasible-set view, strong projections only"
as_egress_primary,corridor,conservative_set,strong_or_moderate,6,0,0.047619047619047616,0.0625,0.45,0.4265316294581857,0,,,"as_egress_primary network definition, corridor-level, conservative feasible-set view, strong/moderate projections only"
as_egress_primary,corridor,weighted_support,all,13,0,0.20833333333333334,0.3125,0.7,0.7469541494716467,0,,,"as_egress_primary network definition, corridor-level, weighted support view, all projections"
as_egress_primary,corridor,weighted_support,strong_only,0,0,0.0,0.0,0.0,0.0,0,,,"as_egress_primary network definition, corridor-level, weighted support view, strong projections only"
as_egress_primary,corridor,weighted_support,strong_or_moderate,5,0,0.05,0.0625,0.45,0.4263604347374794,0,,,"as_egress_primary network definition, corridor-level, weighted support view, strong/moderate projections only"
as_only,cable,conservative_set,all,13,3,0.3181818181818182,0.4375,0.6428571428571429,0.4098913697549298,0,,,"as_only network definition, cable-level, conservative feasible-set view, all projections"
as_only,cable,conservative_set,strong_only,0,0,0.0,0.0,0.0,0.0,0,,,"as_only network definition, cable-level, conservative feasible-set view, strong projections only"
as_only,cable,conservative_set,strong_or_moderate,6,0,0.0,0.0,0.3,-0.4561945245559525,0,,,"as_only network definition, cable-level, conservative feasible-set view, strong/moderate projections only"
as_only,cable,weighted_support,all,13,2,0.07407407407407407,0.125,0.45,0.20533512832806225,0,,,"as_only network definition, cable-level, weighted support view, all projections"
as_only,cable,weighted_support,strong_only,0,0,0.0,0.0,0.0,0.0,0,,,"as_only network definition, cable-level, weighted support view, strong projections only"
as_only,cable,weighted_support,strong_or_moderate,7,0,0.0,0.0,0.25,-0.42975941137804136,0,,,"as_only network definition, cable-level, weighted support view, strong/moderate projections only"
as_only,corridor,conservative_set,all,10,3,0.625,0.625,0.8163265306122449,0.683535017222205,0,,,"as_only network definition, corridor-level, conservative feasible-set view, all projections"
as_only,corridor,conservative_set,strong_only,0,0,0.0,0.0,0.0,0.0,0,,,"as_only network definition, corridor-level, conservative feasible-set view, strong projections only"
as_only,corridor,conservative_set,strong_or_moderate,7,0,0.0,0.0,0.35,-0.40189061767337325,0,,,"as_only network definition, corridor-level, conservative feasible-set view, strong/moderate projections only"
as_only,corridor,weighted_support,all,9,0,0.19047619047619047,0.25,0.6166666666666667,0.4009133831949136,0,,,"as_only network definition, corridor-level, weighted support view, all projections"
as_only,corridor,weighted_support,strong_only,0,0,0.0,0.0,0.0,0.0,0,,,"as_only network definition, corridor-level, weighted support view, strong projections only"
as_only,corridor,weighted_support,strong_or_moderate,6,0,0.0,0.0,0.35,-0.3882800229073889,0,,,"as_only network definition, corridor-level, weighted support view, strong/moderate projections only"
as_pair_primary,cable,conservative_set,all,13,3,0.3181818181818182,0.4375,0.6428571428571429,0.4098913697549298,0,,,"as_pair_primary network definition, cable-level, conservative feasible-set view, all projections"
as_pair_primary,cable,conservative_set,strong_only,0,0,0.0,0.0,0.0,0.0,0,,,"as_pair_primary network definition, cable-level, conservative feasible-set view, strong projections only"
as_pair_primary,cable,conservative_set,strong_or_moderate,6,0,0.0,0.0,0.3,-0.4561945245559525,0,,,"as_pair_primary network definition, cable-level, conservative feasible-set view, strong/moderate projections only"
as_pair_primary,cable,weighted_support,all,13,2,0.07407407407407407,0.125,0.45,0.20533512832806225,0,,,"as_pair_primary network definition, cable-level, weighted support view, all projections"
as_pair_primary,cable,weighted_support,strong_only,0,0,0.0,0.0,0.0,0.0,0,,,"as_pair_primary network definition, cable-level, weighted support view, strong projections only"
as_pair_primary,cable,weighted_support,strong_or_moderate,7,0,0.0,0.0,0.25,-0.42975941137804136,0,,,"as_pair_primary network definition, cable-level, weighted support view, strong/moderate projections only"
as_pair_primary,corridor,conservative_set,all,10,3,0.625,0.625,0.8163265306122449,0.683535017222205,0,,,"as_pair_primary network definition, corridor-level, conservative feasible-set view, all projections"
as_pair_primary,corridor,conservative_set,strong_only,0,0,0.0,0.0,0.0,0.0,0,,,"as_pair_primary network definition, corridor-level, conservative feasible-set view, strong projections only"
as_pair_primary,corridor,conservative_set,strong_or_moderate,7,0,0.0,0.0,0.35,-0.40189061767337325,0,,,"as_pair_primary network definition, corridor-level, conservative feasible-set view, strong/moderate projections only"
as_pair_primary,corridor,weighted_support,all,9,0,0.19047619047619047,0.25,0.6166666666666667,0.4009133831949136,0,,,"as_pair_primary network definition, corridor-level, weighted support view, all projections"
as_pair_primary,corridor,weighted_support,strong_only,0,0,0.0,0.0,0.0,0.0,0,,,"as_pair_primary network definition, corridor-level, weighted support view, strong projections only"
as_pair_primary,corridor,weighted_support,strong_or_moderate,6,0,0.0,0.0,0.35,-0.3882800229073889,0,,,"as_pair_primary network definition, corridor-level, weighted support view, strong/moderate projections only"
combined_supplementary,cable,conservative_set,all,11,2,0.125,0.1875,0.5918367346938775,0.2829332093301655,0,,,"combined_supplementary network definition, cable-level, conservative feasible-set view, all projections"
combined_supplementary,cable,conservative_set,strong_only,0,0,0.0,0.0,0.0,0.0,0,,,"combined_supplementary network definition, cable-level, conservative feasible-set view, strong projections only"
combined_supplementary,cable,conservative_set,strong_or_moderate,6,0,0.0,0.0,0.3,-0.4920777139939799,0,,,"combined_supplementary network definition, cable-level, conservative feasible-set view, strong/moderate projections only"
combined_supplementary,cable,weighted_support,all,12,2,0.037037037037037035,0.0625,0.4166666666666667,0.0956080587507867,0,,,"combined_supplementary network definition, cable-level, weighted support view, all projections"
combined_supplementary,cable,weighted_support,strong_only,0,0,0.0,0.0,0.0,0.0,0,,,"combined_supplementary network definition, cable-level, weighted support view, strong projections only"
combined_supplementary,cable,weighted_support,strong_or_moderate,7,0,0.0,0.0,0.25,-0.4350464340136236,0,,,"combined_supplementary network definition, cable-level, weighted support view, strong/moderate projections only"
combined_supplementary,corridor,conservative_set,all,7,1,0.35294117647058826,0.375,0.7551020408163265,0.6000282826716435,0,,,"combined_supplementary network definition, corridor-level, conservative feasible-set view, all projections"
combined_supplementary,corridor,conservative_set,strong_only,0,0,0.0,0.0,0.0,0.0,0,,,"combined_supplementary network definition, corridor-level, conservative feasible-set view, strong projections only"
combined_supplementary,corridor,conservative_set,strong_or_moderate,7,0,0.0,0.0,0.35,-0.43051470032598166,0,,,"combined_supplementary network definition, corridor-level, conservative feasible-set view, strong/moderate projections only"
combined_supplementary,corridor,weighted_support,all,9,0,0.13636363636363635,0.1875,0.6,0.2543993537559017,0,,,"combined_supplementary network definition, corridor-level, weighted support view, all projections"
combined_supplementary,corridor,weighted_support,strong_only,0,0,0.0,0.0,0.0,0.0,0,,,"combined_supplementary network definition, corridor-level, weighted support view, strong projections only"
combined_supplementary,corridor,weighted_support,strong_or_moderate,6,0,0.0,0.0,0.35,-0.40105843135630925,0,,,"combined_supplementary network definition, corridor-level, weighted support view, strong/moderate projections only"
composite,cable,conservative_set,all,11,2,0.125,0.1875,0.5918367346938775,0.2829332093301655,0,,,"composite network definition, cable-level, conservative feasible-set view, all projections"
composite,cable,conservative_set,strong_only,0,0,0.0,0.0,0.0,0.0,0,,,"composite network definition, cable-level, conservative feasible-set view, strong projections only"
composite,cable,conservative_set,strong_or_moderate,6,0,0.0,0.0,0.3,-0.4920777139939799,0,,,"composite network definition, cable-level, conservative feasible-set view, strong/moderate projections only"
composite,cable,weighted_support,all,12,2,0.037037037037037035,0.0625,0.4166666666666667,0.0956080587507867,0,,,"composite network definition, cable-level, weighted support view, all projections"
composite,cable,weighted_support,strong_only,0,0,0.0,0.0,0.0,0.0,0,,,"composite network definition, cable-level, weighted support view, strong projections only"
composite,cable,weighted_support,strong_or_moderate,7,0,0.0,0.0,0.25,-0.4350464340136236,0,,,"composite network definition, cable-level, weighted support view, strong/moderate projections only"
composite,corridor,conservative_set,all,7,1,0.35294117647058826,0.375,0.7551020408163265,0.6000282826716435,0,,,"composite network definition, corridor-level, conservative feasible-set view, all projections"
composite,corridor,conservative_set,strong_only,0,0,0.0,0.0,0.0,0.0,0,,,"composite network definition, corridor-level, conservative feasible-set view, strong projections only"
composite,corridor,conservative_set,strong_or_moderate,7,0,0.0,0.0,0.35,-0.43051470032598166,0,,,"composite network definition, corridor-level, conservative feasible-set view, strong/moderate projections only"
composite,corridor,weighted_support,all,9,0,0.13636363636363635,0.1875,0.6,0.2543993537559017,0,,,"composite network definition, corridor-level, weighted support view, all projections"
composite,corridor,weighted_support,strong_only,0,0,0.0,0.0,0.0,0.0,0,,,"composite network definition, corridor-level, weighted support view, strong projections only"
composite,corridor,weighted_support,strong_or_moderate,6,0,0.0,0.0,0.35,-0.40105843135630925,0,,,"composite network definition, corridor-level, weighted support view, strong/moderate projections only"
country_only,cable,conservative_set,all,10,0,0.0,0.0,0.5102040816326531,-0.2280793680271341,0,,,"country_only network definition, cable-level, conservative feasible-set view, all projections"
country_only,cable,conservative_set,strong_only,0,0,0.0,0.0,0.0,0.0,0,,,"country_only network definition, cable-level, conservative feasible-set view, strong projections only"
country_only,cable,conservative_set,strong_or_moderate,7,0,0.0,0.0,0.25,-0.6425088495390532,0,,,"country_only network definition, cable-level, conservative feasible-set view, strong/moderate projections only"
country_only,cable,weighted_support,all,13,1,0.0,0.0,0.3333333333333333,-0.4024113671684944,0,,,"country_only network definition, cable-level, weighted support view, all projections"
country_only,cable,weighted_support,strong_only,0,0,0.0,0.0,0.0,0.0,0,,,"country_only network definition, cable-level, weighted support view, strong projections only"
country_only,cable,weighted_support,strong_or_moderate,7,0,0.0,0.0,0.25,-0.5917518395561874,0,,,"country_only network definition, cable-level, weighted support view, strong/moderate projections only"
country_only,corridor,conservative_set,all,2,0,0.058823529411764705,0.0625,0.6122448979591837,-0.3258142879288538,0,,,"country_only network definition, corridor-level, conservative feasible-set view, all projections"
country_only,corridor,conservative_set,strong_only,0,0,0.0,0.0,0.0,0.0,0,,,"country_only network definition, corridor-level, conservative feasible-set view, strong projections only"
country_only,corridor,conservative_set,strong_or_moderate,8,0,0.0,0.0,0.3,-0.49981128905011485,0,,,"country_only network definition, corridor-level, conservative feasible-set view, strong/moderate projections only"
country_only,corridor,weighted_support,all,11,0,0.0,0.0,0.5,-0.32762368469966013,0,,,"country_only network definition, corridor-level, weighted support view, all projections"
country_only,corridor,weighted_support,strong_only,0,0,0.0,0.0,0.0,0.0,0,,,"country_only network definition, corridor-level, weighted support view, strong projections only"
country_only,corridor,weighted_support,strong_or_moderate,7,0,0.0,0.0,0.3,-0.49222689923144847,0,,,"country_only network definition, corridor-level, weighted support view, strong/moderate projections only"
dst_asn_primary,cable,conservative_set,all,14,3,0.42857142857142855,0.5625,0.673469387755102,0.3762354986843641,0,,,"dst_asn_primary network definition, cable-level, conservative feasible-set view, all projections"
dst_asn_primary,cable,conservative_set,strong_only,0,0,0.0,0.0,0.0,0.0,0,,,"dst_asn_primary network definition, cable-level, conservative feasible-set view, strong projections only"
dst_asn_primary,cable,conservative_set,strong_or_moderate,6,0,0.0,0.0,0.3,-0.41679285751683864,0,,,"dst_asn_primary network definition, cable-level, conservative feasible-set view, strong/moderate projections only"
dst_asn_primary,cable,weighted_support,all,13,3,0.07407407407407407,0.125,0.43333333333333335,0.18276328194792826,0,,,"dst_asn_primary network definition, cable-level, weighted support view, all projections"
dst_asn_primary,cable,weighted_support,strong_only,0,0,0.0,0.0,0.0,0.0,0,,,"dst_asn_primary network definition, cable-level, weighted support view, strong projections only"
dst_asn_primary,cable,weighted_support,strong_or_moderate,7,0,0.0,0.0,0.25,-0.34829259888066005,0,,,"dst_asn_primary network definition, cable-level, weighted support view, strong/moderate projections only"
dst_asn_primary,corridor,conservative_set,all,12,2,0.75,0.75,0.8367346938775511,0.6024329900079192,0,,,"dst_asn_primary network definition, corridor-level, conservative feasible-set view, all projections"
dst_asn_primary,corridor,conservative_set,strong_only,0,0,0.0,0.0,0.0,0.0,0,,,"dst_asn_primary network definition, corridor-level, conservative feasible-set view, strong projections only"
dst_asn_primary,corridor,conservative_set,strong_or_moderate,7,0,0.0,0.0,0.35,-0.29114659633690315,0,,,"dst_asn_primary network definition, corridor-level, conservative feasible-set view, strong/moderate projections only"
dst_asn_primary,corridor,weighted_support,all,11,0,0.17391304347826086,0.25,0.6333333333333333,0.38641465754763443,0,,,"dst_asn_primary network definition, corridor-level, weighted support view, all projections"
dst_asn_primary,corridor,weighted_support,strong_only,0,0,0.0,0.0,0.0,0.0,0,,,"dst_asn_primary network definition, corridor-level, weighted support view, strong projections only"
dst_asn_primary,corridor,weighted_support,strong_or_moderate,6,0,0.0,0.0,0.35,-0.2759431187213991,0,,,"dst_asn_primary network definition, corridor-level, weighted support view, strong/moderate projections only"
geographic_transition_supplementary,cable,conservative_set,all,10,0,0.0,0.0,0.5102040816326531,-0.2280793680271341,0,,,"geographic_transition_supplementary network definition, cable-level, conservative feasible-set view, all projections"
geographic_transition_supplementary,cable,conservative_set,strong_only,0,0,0.0,0.0,0.0,0.0,0,,,"geographic_transition_supplementary network definition, cable-level, conservative feasible-set view, strong projections only"
geographic_transition_supplementary,cable,conservative_set,strong_or_moderate,7,0,0.0,0.0,0.25,-0.6425088495390532,0,,,"geographic_transition_supplementary network definition, cable-level, conservative feasible-set view, strong/moderate projections only"
geographic_transition_supplementary,cable,weighted_support,all,13,1,0.0,0.0,0.3333333333333333,-0.4024113671684944,0,,,"geographic_transition_supplementary network definition, cable-level, weighted support view, all projections"
geographic_transition_supplementary,cable,weighted_support,strong_only,0,0,0.0,0.0,0.0,0.0,0,,,"geographic_transition_supplementary network definition, cable-level, weighted support view, strong projections only"
geographic_transition_supplementary,cable,weighted_support,strong_or_moderate,7,0,0.0,0.0,0.25,-0.5917518395561874,0,,,"geographic_transition_supplementary network definition, cable-level, weighted support view, strong/moderate projections only"
geographic_transition_supplementary,corridor,conservative_set,all,2,0,0.058823529411764705,0.0625,0.6122448979591837,-0.3258142879288538,0,,,"geographic_transition_supplementary network definition, corridor-level, conservative feasible-set view, all projections"
geographic_transition_supplementary,corridor,conservative_set,strong_only,0,0,0.0,0.0,0.0,0.0,0,,,"geographic_transition_supplementary network definition, corridor-level, conservative feasible-set view, strong projections only"
geographic_transition_supplementary,corridor,conservative_set,strong_or_moderate,8,0,0.0,0.0,0.3,-0.49981128905011485,0,,,"geographic_transition_supplementary network definition, corridor-level, conservative feasible-set view, strong/moderate projections only"
geographic_transition_supplementary,corridor,weighted_support,all,11,0,0.0,0.0,0.5,-0.32762368469966013,0,,,"geographic_transition_supplementary network definition, corridor-level, weighted support view, all projections"
geographic_transition_supplementary,corridor,weighted_support,strong_only,0,0,0.0,0.0,0.0,0.0,0,,,"geographic_transition_supplementary network definition, corridor-level, weighted support view, strong projections only"
geographic_transition_supplementary,corridor,weighted_support,strong_or_moderate,7,0,0.0,0.0,0.3,-0.49222689923144847,0,,,"geographic_transition_supplementary network definition, corridor-level, weighted support view, strong/moderate projections only"
probe_target_only,cable,conservative_set,all,17,3,0.32,0.5,0.5714285714285714,0.34402482435409953,0,,,"probe_target_only network definition, cable-level, conservative feasible-set view, all projections"
probe_target_only,cable,conservative_set,strong_only,0,0,0.0,0.0,0.0,0.0,0,,,"probe_target_only network definition, cable-level, conservative feasible-set view, strong projections only"
probe_target_only,cable,conservative_set,strong_or_moderate,5,0,0.0,0.0,0.35,-0.457229371688115,0,,,"probe_target_only network definition, cable-level, conservative feasible-set view, strong/moderate projections only"
probe_target_only,cable,weighted_support,all,14,3,0.1111111111111111,0.1875,0.43333333333333335,0.17070981077897665,0,,,"probe_target_only network definition, cable-level, weighted support view, all projections"
probe_target_only,cable,weighted_support,strong_only,0,0,0.0,0.0,0.0,0.0,0,,,"probe_target_only network definition, cable-level, weighted support view, strong projections only"
probe_target_only,cable,weighted_support,strong_or_moderate,7,0,0.0,0.0,0.3,-0.3779382661624021,0,,,"probe_target_only network definition, cable-level, weighted support view, strong/moderate projections only"
probe_target_only,corridor,conservative_set,all,15,5,0.47619047619047616,0.625,0.7142857142857143,0.5413738652690088,0,,,"probe_target_only network definition, corridor-level, conservative feasible-set view, all projections"
probe_target_only,corridor,conservative_set,strong_only,0,0,0.0,0.0,0.0,0.0,0,,,"probe_target_only network definition, corridor-level, conservative feasible-set view, strong projections only"
probe_target_only,corridor,conservative_set,strong_or_moderate,6,0,0.0,0.0,0.4,-0.33751104797701836,0,,,"probe_target_only network definition, corridor-level, conservative feasible-set view, strong/moderate projections only"
probe_target_only,corridor,weighted_support,all,11,0,0.17391304347826086,0.25,0.55,0.3373126119041028,0,,,"probe_target_only network definition, corridor-level, weighted support view, all projections"
probe_target_only,corridor,weighted_support,strong_only,0,0,0.0,0.0,0.0,0.0,0,,,"probe_target_only network definition, corridor-level, weighted support view, strong projections only"
probe_target_only,corridor,weighted_support,strong_or_moderate,6,0,0.0,0.0,0.4,-0.3147318996321128,0,,,"probe_target_only network definition, corridor-level, weighted support view, strong/moderate projections only"
