probe_country,service_id,path_scope_stratum,msm_id,file_name,total_mappable_segments,unique_network_transitions_observed,top1_network_transition_key,top1_network_transition_share,top2_network_transition_share,top3_network_transition_share,effective_network_transition_count,network_transition_concentration_tier,cross_as_boundary_segments,intra_as_hop_pair_segments,country_fallback_segments,cross_as_boundary_share,intra_as_hop_pair_share,country_fallback_share,sufficient_network_transition_resolution,auditable_paper_case,observation_sufficiency_reason,failed_thresholds,unique_probes,unique_probe_asns,domestic_segment_share,international_segment_share
AE,B-Root,all_publicly_visible,5010,dns-root_b-root_msm5010_20260701T000000Z_010000Z.json,5,4,8966->5384,0.4,0.6000000000000001,0.8,3.7892914162759954,weak_network_transition_concentration,3,2,0,0.6,0.4,0.0,True,False,"insufficient_minimum_mappable_segments,minimum_unique_probes","minimum_mappable_segments,minimum_unique_probes",4,3,0.6,0.4
AL,B-Root,all_publicly_visible,5010,dns-root_b-root_msm5010_20260701T000000Z_010000Z.json,2,1,6939->6939,1.0,1.0,1.0,1.0,severe_network_transition_concentration,0,2,0,0.0,1.0,0.0,True,False,"insufficient_minimum_mappable_segments,minimum_unique_probes,minimum_unique_probe_asns","minimum_mappable_segments,minimum_unique_probes,minimum_unique_probe_asns",2,2,0.0,1.0
AO,B-Root,all_publicly_visible,5010,dns-root_b-root_msm5010_20260701T000000Z_010000Z.json,1,1,COUNTRY_FALLBACK:BR->US,1.0,1.0,1.0,1.0,severe_network_transition_concentration,0,0,1,0.0,0.0,1.0,False,False,"insufficient_minimum_mappable_segments,minimum_unique_probes,minimum_unique_probe_asns,maximum_country_fallback_share","minimum_mappable_segments,minimum_unique_probes,minimum_unique_probe_asns,maximum_country_fallback_share",1,1,0.0,1.0
AU,B-Root,all_publicly_visible,5010,dns-root_b-root_msm5010_20260701T000000Z_010000Z.json,174,18,7578->7578,0.5287356321839081,0.6724137931034483,0.764367816091954,5.415472501281863,broad_network_transition_distribution,12,136,26,0.06896551724137931,0.7816091954022989,0.14942528735632185,True,True,auditable,,94,41,0.9482758620689655,0.05172413793103448
AX,B-Root,all_publicly_visible,5010,dns-root_b-root_msm5010_20260701T000000Z_010000Z.json,2,2,3238->3238,0.5,1.0,1.0,2.0,moderate_network_transition_concentration,0,2,0,0.0,1.0,0.0,True,False,"insufficient_minimum_mappable_segments,minimum_unique_probes,minimum_unique_probe_asns","minimum_mappable_segments,minimum_unique_probes,minimum_unique_probe_asns",2,2,0.0,1.0
BF,B-Root,all_publicly_visible,5010,dns-root_b-root_msm5010_20260701T000000Z_010000Z.json,6,2,6939->6939,0.8333333333333334,1.0,1.0,1.5691925832141966,severe_network_transition_concentration,0,6,0,0.0,1.0,0.0,True,False,"insufficient_minimum_mappable_segments,minimum_unique_probes,minimum_unique_probe_asns","minimum_mappable_segments,minimum_unique_probes,minimum_unique_probe_asns",2,1,0.0,1.0
BH,B-Root,all_publicly_visible,5010,dns-root_b-root_msm5010_20260701T000000Z_010000Z.json,5,3,8966->5384,0.4,0.8,1.0,2.8717458874925876,moderate_network_transition_concentration,3,2,0,0.6,0.4,0.0,True,False,"insufficient_minimum_mappable_segments,minimum_unique_probes,minimum_unique_probe_asns","minimum_mappable_segments,minimum_unique_probes,minimum_unique_probe_asns",2,1,0.8,0.2
BJ,B-Root,all_publicly_visible,5010,dns-root_b-root_msm5010_20260701T000000Z_010000Z.json,5,2,28683->174,0.6,1.0,1.0,1.9601317042077895,moderate_network_transition_concentration,3,2,0,0.6,0.4,0.0,True,False,"insufficient_minimum_mappable_segments,minimum_unique_probes","minimum_mappable_segments,minimum_unique_probes",4,3,0.0,1.0
BR,B-Root,all_publicly_visible,5010,dns-root_b-root_msm5010_20260701T000000Z_010000Z.json,1,1,6762->6762,1.0,1.0,1.0,1.0,severe_network_transition_concentration,0,1,0,0.0,1.0,0.0,True,False,"insufficient_minimum_mappable_segments,minimum_unique_probes,minimum_unique_probe_asns","minimum_mappable_segments,minimum_unique_probes,minimum_unique_probe_asns",1,1,0.0,1.0
BY,B-Root,all_publicly_visible,5010,dns-root_b-root_msm5010_20260701T000000Z_010000Z.json,3,1,9002->9002,1.0,1.0,1.0,1.0,severe_network_transition_concentration,0,3,0,0.0,1.0,0.0,True,False,"insufficient_minimum_mappable_segments,minimum_unique_probes,minimum_unique_probe_asns","minimum_mappable_segments,minimum_unique_probes,minimum_unique_probe_asns",3,2,0.0,1.0
CA,B-Root,all_publicly_visible,5010,dns-root_b-root_msm5010_20260701T000000Z_010000Z.json,60,9,852->2914,0.5166666666666667,0.6833333333333333,0.7833333333333334,4.62112536396537,broad_network_transition_distribution,33,27,0,0.55,0.45,0.0,True,True,auditable,,51,17,0.18333333333333332,0.8166666666666667
CI,B-Root,all_publicly_visible,5010,dns-root_b-root_msm5010_20260701T000000Z_010000Z.json,4,2,6939->6939,0.75,1.0,1.0,1.7547653506033232,moderate_network_transition_concentration,1,3,0,0.25,0.75,0.0,True,False,"insufficient_minimum_mappable_segments,minimum_unique_probes,minimum_unique_probe_asns","minimum_mappable_segments,minimum_unique_probes,minimum_unique_probe_asns",1,1,0.0,1.0
CM,B-Root,all_publicly_visible,5010,dns-root_b-root_msm5010_20260701T000000Z_010000Z.json,5,2,6939->6939,0.8,1.0,1.0,1.6493848884661177,severe_network_transition_concentration,0,5,0,0.0,1.0,0.0,True,False,"insufficient_minimum_mappable_segments,minimum_unique_probes,minimum_unique_probe_asns","minimum_mappable_segments,minimum_unique_probes,minimum_unique_probe_asns",2,2,0.0,1.0
CN,B-Root,all_publicly_visible,5010,dns-root_b-root_msm5010_20260701T000000Z_010000Z.json,4,3,2914->2914,0.5,0.75,1.0,2.82842712474619,weak_network_transition_concentration,1,3,0,0.25,0.75,0.0,True,False,"insufficient_minimum_mappable_segments,minimum_unique_probes","minimum_mappable_segments,minimum_unique_probes",4,4,0.0,1.0
CO,B-Root,all_publicly_visible,5010,dns-root_b-root_msm5010_20260701T000000Z_010000Z.json,2,2,52320->52320,0.5,1.0,1.0,2.0,moderate_network_transition_concentration,1,1,0,0.5,0.5,0.0,True,False,"insufficient_minimum_mappable_segments,minimum_unique_probes,minimum_unique_probe_asns","minimum_mappable_segments,minimum_unique_probes,minimum_unique_probe_asns",2,2,0.0,1.0
CU,B-Root,all_publicly_visible,5010,dns-root_b-root_msm5010_20260701T000000Z_010000Z.json,1,1,23520->23520,1.0,1.0,1.0,1.0,severe_network_transition_concentration,0,1,0,0.0,1.0,0.0,True,False,"insufficient_minimum_mappable_segments,minimum_unique_probes,minimum_unique_probe_asns","minimum_mappable_segments,minimum_unique_probes,minimum_unique_probe_asns",1,1,0.0,1.0
CV,B-Root,all_publicly_visible,5010,dns-root_b-root_msm5010_20260701T000000Z_010000Z.json,3,2,6939->6939,0.6666666666666666,1.0,1.0,1.8898815748423097,moderate_network_transition_concentration,1,2,0,0.3333333333333333,0.6666666666666666,0.0,True,False,"insufficient_minimum_mappable_segments,minimum_unique_probes,minimum_unique_probe_asns","minimum_mappable_segments,minimum_unique_probes,minimum_unique_probe_asns",1,1,0.0,1.0
CW,B-Root,all_publicly_visible,5010,dns-root_b-root_msm5010_20260701T000000Z_010000Z.json,1,1,23520->23520,1.0,1.0,1.0,1.0,severe_network_transition_concentration,0,1,0,0.0,1.0,0.0,True,False,"insufficient_minimum_mappable_segments,minimum_unique_probes,minimum_unique_probe_asns","minimum_mappable_segments,minimum_unique_probes,minimum_unique_probe_asns",1,1,0.0,1.0
CY,B-Root,all_publicly_visible,5010,dns-root_b-root_msm5010_20260701T000000Z_010000Z.json,9,3,6866->1299,0.5555555555555556,0.7777777777777778,1.0,2.7047973432601427,weak_network_transition_concentration,7,2,0,0.7777777777777778,0.2222222222222222,0.0,True,False,"insufficient_minimum_mappable_segments,minimum_unique_probes","minimum_mappable_segments,minimum_unique_probes",9,4,0.0,1.0
DE,B-Root,all_publicly_visible,5010,dns-root_b-root_msm5010_20260701T000000Z_010000Z.json,1,1,1299->1299,1.0,1.0,1.0,1.0,severe_network_transition_concentration,0,1,0,0.0,1.0,0.0,True,False,"insufficient_minimum_mappable_segments,minimum_unique_probes,minimum_unique_probe_asns","minimum_mappable_segments,minimum_unique_probes,minimum_unique_probe_asns",1,1,0.0,1.0
DJ,B-Root,all_publicly_visible,5010,dns-root_b-root_msm5010_20260701T000000Z_010000Z.json,3,1,30990->174,1.0,1.0,1.0,1.0,severe_network_transition_concentration,3,0,0,1.0,0.0,0.0,True,False,"insufficient_minimum_mappable_segments,minimum_unique_probes,minimum_unique_probe_asns","minimum_mappable_segments,minimum_unique_probes,minimum_unique_probe_asns",3,2,0.0,1.0
DK,B-Root,all_publicly_visible,5010,dns-root_b-root_msm5010_20260701T000000Z_010000Z.json,6,4,9158->1299,0.5,0.6666666666666666,0.8333333333333333,3.464101615137755,weak_network_transition_concentration,4,2,0,0.6666666666666666,0.3333333333333333,0.0,True,False,"insufficient_minimum_mappable_segments,minimum_unique_probes","minimum_mappable_segments,minimum_unique_probes",5,4,0.3333333333333333,0.6666666666666666
DO,B-Root,all_publicly_visible,5010,dns-root_b-root_msm5010_20260701T000000Z_010000Z.json,4,3,COUNTRY_FALLBACK:DO->US,0.5,0.75,1.0,2.82842712474619,weak_network_transition_concentration,1,1,2,0.25,0.25,0.5,False,False,"insufficient_minimum_mappable_segments,minimum_unique_probes,maximum_country_fallback_share","minimum_mappable_segments,minimum_unique_probes,maximum_country_fallback_share",4,4,0.0,1.0
EE,B-Root,all_publicly_visible,5010,dns-root_b-root_msm5010_20260701T000000Z_010000Z.json,30,7,1299->1299,0.3,0.5,0.6333333333333333,6.120958888482194,broad_network_transition_distribution,6,24,0,0.2,0.8,0.0,True,True,auditable,,22,14,0.0,1.0
ES,B-Root,all_publicly_visible,5010,dns-root_b-root_msm5010_20260701T000000Z_010000Z.json,10,4,6939->6939,0.6,0.8,0.9,2.9710040966100055,moderate_network_transition_concentration,1,9,0,0.1,0.9,0.0,True,False,"insufficient_minimum_mappable_segments,minimum_unique_probes","minimum_mappable_segments,minimum_unique_probes",8,5,0.2,0.8
FI,B-Root,all_publicly_visible,5010,dns-root_b-root_msm5010_20260701T000000Z_010000Z.json,124,15,1299->1299,0.5806451612903226,0.7741935483870968,0.8306451612903226,4.495340843904428,weak_network_transition_concentration,17,107,0,0.13709677419354838,0.8629032258064516,0.0,True,True,auditable,,107,40,0.08064516129032258,0.9193548387096774
GH,B-Root,all_publicly_visible,5010,dns-root_b-root_msm5010_20260701T000000Z_010000Z.json,5,4,37468->37468,0.4,0.6000000000000001,0.8,3.7892914162759954,weak_network_transition_concentration,1,4,0,0.2,0.8,0.0,True,False,"insufficient_minimum_mappable_segments,minimum_unique_probes,minimum_unique_probe_asns","minimum_mappable_segments,minimum_unique_probes,minimum_unique_probe_asns",2,2,0.0,1.0
GU,B-Root,all_publicly_visible,5010,dns-root_b-root_msm5010_20260701T000000Z_010000Z.json,9,4,6939->6939,0.4444444444444444,0.7777777777777777,0.8888888888888888,3.369922186199325,weak_network_transition_concentration,1,8,0,0.1111111111111111,0.8888888888888888,0.0,True,False,"insufficient_minimum_mappable_segments,minimum_unique_probes","minimum_mappable_segments,minimum_unique_probes",5,3,0.2222222222222222,0.7777777777777778
HK,B-Root,all_publicly_visible,5010,dns-root_b-root_msm5010_20260701T000000Z_010000Z.json,35,4,2914->2914,0.5714285714285714,0.9142857142857143,0.9714285714285714,2.5906910207373515,moderate_network_transition_concentration,2,33,0,0.05714285714285714,0.9428571428571428,0.0,True,True,auditable,,33,18,0.0,1.0
HN,B-Root,all_publicly_visible,5010,dns-root_b-root_msm5010_20260701T000000Z_010000Z.json,4,2,263725->54082,0.75,1.0,1.0,1.7547653506033232,moderate_network_transition_concentration,4,0,0,1.0,0.0,0.0,True,False,"insufficient_minimum_mappable_segments,minimum_unique_probes","minimum_mappable_segments,minimum_unique_probes",4,4,0.0,1.0
ID,B-Root,all_publicly_visible,5010,dns-root_b-root_msm5010_20260701T000000Z_010000Z.json,58,25,38158->38158,0.1724137931034483,0.2931034482758621,0.37931034482758624,17.82067176168225,broad_network_transition_distribution,21,30,7,0.3620689655172414,0.5172413793103449,0.1206896551724138,True,True,auditable,,47,38,0.5344827586206896,0.46551724137931033
IL,B-Root,all_publicly_visible,5010,dns-root_b-root_msm5010_20260701T000000Z_010000Z.json,7,2,1680->1680,0.5714285714285714,1.0,1.0,1.9796263300525183,moderate_network_transition_concentration,0,7,0,0.0,1.0,0.0,True,False,"insufficient_minimum_mappable_segments,minimum_unique_probes","minimum_mappable_segments,minimum_unique_probes",7,4,0.0,1.0
IN,B-Root,all_publicly_visible,5010,dns-root_b-root_msm5010_20260701T000000Z_010000Z.json,65,9,64049->64049,0.26153846153846155,0.49230769230769234,0.6461538461538462,6.764840465498513,broad_network_transition_distribution,22,28,15,0.3384615384615385,0.4307692307692308,0.23076923076923078,True,True,auditable,,60,27,0.15384615384615385,0.8461538461538461
IT,B-Root,all_publicly_visible,5010,dns-root_b-root_msm5010_20260701T000000Z_010000Z.json,4,2,174->174,0.75,1.0,1.0,1.7547653506033232,moderate_network_transition_concentration,0,4,0,0.0,1.0,0.0,True,False,"insufficient_minimum_mappable_segments,minimum_unique_probes","minimum_mappable_segments,minimum_unique_probes",3,3,0.5,0.5
JP,B-Root,all_publicly_visible,5010,dns-root_b-root_msm5010_20260701T000000Z_010000Z.json,1,1,11537->20080,1.0,1.0,1.0,1.0,severe_network_transition_concentration,1,0,0,1.0,0.0,0.0,True,False,"insufficient_minimum_mappable_segments,minimum_unique_probes,minimum_unique_probe_asns","minimum_mappable_segments,minimum_unique_probes,minimum_unique_probe_asns",1,1,1.0,0.0
KE,B-Root,all_publicly_visible,5010,dns-root_b-root_msm5010_20260701T000000Z_010000Z.json,2,1,6939->6939,1.0,1.0,1.0,1.0,severe_network_transition_concentration,0,2,0,0.0,1.0,0.0,True,False,"insufficient_minimum_mappable_segments,minimum_unique_probes,minimum_unique_probe_asns","minimum_mappable_segments,minimum_unique_probes,minimum_unique_probe_asns",1,1,0.0,1.0
KI,B-Root,all_publicly_visible,5010,dns-root_b-root_msm5010_20260701T000000Z_010000Z.json,2,1,COUNTRY_FALLBACK:AU->AU,1.0,1.0,1.0,1.0,severe_network_transition_concentration,0,0,2,0.0,0.0,1.0,False,False,"insufficient_minimum_mappable_segments,minimum_unique_probes,minimum_unique_probe_asns,maximum_country_fallback_share","minimum_mappable_segments,minimum_unique_probes,minimum_unique_probe_asns,maximum_country_fallback_share",2,1,1.0,0.0
KW,B-Root,all_publicly_visible,5010,dns-root_b-root_msm5010_20260701T000000Z_010000Z.json,1,1,39386->1299,1.0,1.0,1.0,1.0,severe_network_transition_concentration,1,0,0,1.0,0.0,0.0,True,False,"insufficient_minimum_mappable_segments,minimum_unique_probes,minimum_unique_probe_asns","minimum_mappable_segments,minimum_unique_probes,minimum_unique_probe_asns",1,1,0.0,1.0
KY,B-Root,all_publicly_visible,5010,dns-root_b-root_msm5010_20260701T000000Z_010000Z.json,1,1,36549->3855,1.0,1.0,1.0,1.0,severe_network_transition_concentration,1,0,0,1.0,0.0,0.0,True,False,"insufficient_minimum_mappable_segments,minimum_unique_probes,minimum_unique_probe_asns","minimum_mappable_segments,minimum_unique_probes,minimum_unique_probe_asns",1,1,0.0,1.0
LC,B-Root,all_publicly_visible,5010,dns-root_b-root_msm5010_20260701T000000Z_010000Z.json,2,1,23520->23520,1.0,1.0,1.0,1.0,severe_network_transition_concentration,0,2,0,0.0,1.0,0.0,True,False,"insufficient_minimum_mappable_segments,minimum_unique_probes,minimum_unique_probe_asns","minimum_mappable_segments,minimum_unique_probes,minimum_unique_probe_asns",2,2,0.0,1.0
LK,B-Root,all_publicly_visible,5010,dns-root_b-root_msm5010_20260701T000000Z_010000Z.json,8,3,45489->45489,0.5,0.875,1.0,2.649351128562104,moderate_network_transition_concentration,1,7,0,0.125,0.875,0.0,True,False,"insufficient_minimum_mappable_segments,minimum_unique_probes","minimum_mappable_segments,minimum_unique_probes",7,4,0.0,1.0
LT,B-Root,all_publicly_visible,5010,dns-root_b-root_msm5010_20260701T000000Z_010000Z.json,1,1,2914->2914,1.0,1.0,1.0,1.0,severe_network_transition_concentration,0,1,0,0.0,1.0,0.0,True,False,"insufficient_minimum_mappable_segments,minimum_unique_probes,minimum_unique_probe_asns","minimum_mappable_segments,minimum_unique_probes,minimum_unique_probe_asns",1,1,0.0,1.0
ML,B-Root,all_publicly_visible,5010,dns-root_b-root_msm5010_20260701T000000Z_010000Z.json,1,1,8346->6453,1.0,1.0,1.0,1.0,severe_network_transition_concentration,1,0,0,1.0,0.0,0.0,True,False,"insufficient_minimum_mappable_segments,minimum_unique_probes,minimum_unique_probe_asns","minimum_mappable_segments,minimum_unique_probes,minimum_unique_probe_asns",1,1,0.0,1.0
MM,B-Root,all_publicly_visible,5010,dns-root_b-root_msm5010_20260701T000000Z_010000Z.json,5,2,174->174,0.6,1.0,1.0,1.9601317042077895,moderate_network_transition_concentration,0,5,0,0.0,1.0,0.0,True,False,"insufficient_minimum_mappable_segments,minimum_unique_probes","minimum_mappable_segments,minimum_unique_probes",3,3,0.0,1.0
MN,B-Root,all_publicly_visible,5010,dns-root_b-root_msm5010_20260701T000000Z_010000Z.json,6,1,2914->2914,1.0,1.0,1.0,1.0,severe_network_transition_concentration,0,6,0,0.0,1.0,0.0,True,False,"insufficient_minimum_mappable_segments,minimum_unique_probes","minimum_mappable_segments,minimum_unique_probes",6,6,0.0,1.0
MP,B-Root,all_publicly_visible,5010,dns-root_b-root_msm5010_20260701T000000Z_010000Z.json,1,1,7131->7131,1.0,1.0,1.0,1.0,severe_network_transition_concentration,0,1,0,0.0,1.0,0.0,True,False,"insufficient_minimum_mappable_segments,minimum_unique_probes,minimum_unique_probe_asns","minimum_mappable_segments,minimum_unique_probes,minimum_unique_probe_asns",1,1,0.0,1.0
MT,B-Root,all_publicly_visible,5010,dns-root_b-root_msm5010_20260701T000000Z_010000Z.json,1,1,15735->1299,1.0,1.0,1.0,1.0,severe_network_transition_concentration,1,0,0,1.0,0.0,0.0,True,False,"insufficient_minimum_mappable_segments,minimum_unique_probes,minimum_unique_probe_asns","minimum_mappable_segments,minimum_unique_probes,minimum_unique_probe_asns",1,1,0.0,1.0
MV,B-Root,all_publicly_visible,5010,dns-root_b-root_msm5010_20260701T000000Z_010000Z.json,9,3,7642->6939,0.7777777777777778,0.8888888888888888,1.0,1.9812716892692186,moderate_network_transition_concentration,8,1,0,0.8888888888888888,0.1111111111111111,0.0,True,False,"insufficient_minimum_mappable_segments,minimum_unique_probes","minimum_mappable_segments,minimum_unique_probes",8,3,0.0,1.0
MX,B-Root,all_publicly_visible,5010,dns-root_b-root_msm5010_20260701T000000Z_010000Z.json,3,2,265539->23520,0.6666666666666666,1.0,1.0,1.8898815748423097,moderate_network_transition_concentration,2,1,0,0.6666666666666666,0.3333333333333333,0.0,True,False,"insufficient_minimum_mappable_segments,minimum_unique_probes","minimum_mappable_segments,minimum_unique_probes",3,3,0.0,1.0
MY,B-Root,all_publicly_visible,5010,dns-root_b-root_msm5010_20260701T000000Z_010000Z.json,1,1,38466->6453,1.0,1.0,1.0,1.0,severe_network_transition_concentration,1,0,0,1.0,0.0,0.0,True,False,"insufficient_minimum_mappable_segments,minimum_unique_probes,minimum_unique_probe_asns","minimum_mappable_segments,minimum_unique_probes,minimum_unique_probe_asns",1,1,0.0,1.0
NA,B-Root,all_publicly_visible,5010,dns-root_b-root_msm5010_20260701T000000Z_010000Z.json,264,85,1299->1299,0.17424242424242425,0.30303030303030304,0.42424242424242425,33.0128626303364,broad_network_transition_distribution,43,202,19,0.16287878787878787,0.7651515151515151,0.07196969696969698,True,False,insufficient_minimum_unique_probe_asns,minimum_unique_probe_asns,174,0,0.3409090909090909,0.6590909090909091
NC,B-Root,all_publicly_visible,5010,dns-root_b-root_msm5010_20260701T000000Z_010000Z.json,9,2,18200->38195,0.6666666666666666,1.0,1.0,1.8898815748423097,moderate_network_transition_concentration,6,0,3,0.6666666666666666,0.0,0.3333333333333333,False,False,"insufficient_minimum_mappable_segments,minimum_unique_probes,minimum_unique_probe_asns,maximum_country_fallback_share","minimum_mappable_segments,minimum_unique_probes,minimum_unique_probe_asns,maximum_country_fallback_share",5,2,0.3333333333333333,0.6666666666666666
NG,B-Root,all_publicly_visible,5010,dns-root_b-root_msm5010_20260701T000000Z_010000Z.json,11,5,6939->6939,0.45454545454545453,0.6363636363636364,0.8181818181818181,4.113519816825184,weak_network_transition_concentration,3,8,0,0.2727272727272727,0.7272727272727273,0.0,True,False,"insufficient_minimum_mappable_segments,minimum_unique_probes","minimum_mappable_segments,minimum_unique_probes",8,6,0.0,1.0
NO,B-Root,all_publicly_visible,5010,dns-root_b-root_msm5010_20260701T000000Z_010000Z.json,45,11,29695->29695,0.5111111111111111,0.6,0.6666666666666666,5.863274934013806,broad_network_transition_distribution,5,40,0,0.1111111111111111,0.8888888888888888,0.0,True,True,auditable,,39,12,0.8888888888888888,0.1111111111111111
NP,B-Root,all_publicly_visible,5010,dns-root_b-root_msm5010_20260701T000000Z_010000Z.json,3,3,COUNTRY_FALLBACK:IN->SG,0.3333333333333333,0.6666666666666666,1.0,2.9999999999999996,weak_network_transition_concentration,1,1,1,0.3333333333333333,0.3333333333333333,0.3333333333333333,False,False,"insufficient_minimum_mappable_segments,minimum_unique_probes,minimum_unique_probe_asns,maximum_country_fallback_share","minimum_mappable_segments,minimum_unique_probes,minimum_unique_probe_asns,maximum_country_fallback_share",2,2,0.3333333333333333,0.6666666666666666
NZ,B-Root,all_publicly_visible,5010,dns-root_b-root_msm5010_20260701T000000Z_010000Z.json,173,16,7578->7578,0.5375722543352601,0.6936416184971098,0.7572254335260116,5.381907167478032,broad_network_transition_distribution,19,148,6,0.10982658959537572,0.8554913294797688,0.03468208092485549,True,True,auditable,,59,17,0.6705202312138728,0.32947976878612717
PA,B-Root,all_publicly_visible,5010,dns-root_b-root_msm5010_20260701T000000Z_010000Z.json,1,1,11556->23520,1.0,1.0,1.0,1.0,severe_network_transition_concentration,1,0,0,1.0,0.0,0.0,True,False,"insufficient_minimum_mappable_segments,minimum_unique_probes,minimum_unique_probe_asns","minimum_mappable_segments,minimum_unique_probes,minimum_unique_probe_asns",1,1,0.0,1.0
PG,B-Root,all_publicly_visible,5010,dns-root_b-root_msm5010_20260701T000000Z_010000Z.json,2,2,17828->4826,0.5,1.0,1.0,2.0,moderate_network_transition_concentration,1,0,1,0.5,0.0,0.5,False,False,"insufficient_minimum_mappable_segments,minimum_unique_probes,minimum_unique_probe_asns,maximum_country_fallback_share","minimum_mappable_segments,minimum_unique_probes,minimum_unique_probe_asns,maximum_country_fallback_share",1,1,0.5,0.5
PH,B-Root,all_publicly_visible,5010,dns-root_b-root_msm5010_20260701T000000Z_010000Z.json,52,20,17639->17639,0.17307692307692307,0.28846153846153844,0.40384615384615385,14.315574286012858,broad_network_transition_distribution,13,39,0,0.25,0.75,0.0,True,True,auditable,,41,26,0.09615384615384616,0.9038461538461539
PK,B-Root,all_publicly_visible,5010,dns-root_b-root_msm5010_20260701T000000Z_010000Z.json,1,1,COUNTRY_FALLBACK:PK->FR,1.0,1.0,1.0,1.0,severe_network_transition_concentration,0,0,1,0.0,0.0,1.0,False,False,"insufficient_minimum_mappable_segments,minimum_unique_probes,minimum_unique_probe_asns,maximum_country_fallback_share","minimum_mappable_segments,minimum_unique_probes,minimum_unique_probe_asns,maximum_country_fallback_share",1,1,0.0,1.0
PR,B-Root,all_publicly_visible,5010,dns-root_b-root_msm5010_20260701T000000Z_010000Z.json,1,1,23114->23114,1.0,1.0,1.0,1.0,severe_network_transition_concentration,0,1,0,0.0,1.0,0.0,True,False,"insufficient_minimum_mappable_segments,minimum_unique_probes,minimum_unique_probe_asns","minimum_mappable_segments,minimum_unique_probes,minimum_unique_probe_asns",1,1,0.0,1.0
PT,B-Root,all_publicly_visible,5010,dns-root_b-root_msm5010_20260701T000000Z_010000Z.json,3,2,6939->6939,0.6666666666666666,1.0,1.0,1.8898815748423097,moderate_network_transition_concentration,1,2,0,0.3333333333333333,0.6666666666666666,0.0,True,False,"insufficient_minimum_mappable_segments,minimum_unique_probes,minimum_unique_probe_asns","minimum_mappable_segments,minimum_unique_probes,minimum_unique_probe_asns",2,2,0.3333333333333333,0.6666666666666666
PW,B-Root,all_publicly_visible,5010,dns-root_b-root_msm5010_20260701T000000Z_010000Z.json,1,1,17893->174,1.0,1.0,1.0,1.0,severe_network_transition_concentration,1,0,0,1.0,0.0,0.0,True,False,"insufficient_minimum_mappable_segments,minimum_unique_probes,minimum_unique_probe_asns","minimum_mappable_segments,minimum_unique_probes,minimum_unique_probe_asns",1,1,0.0,1.0
QA,B-Root,all_publicly_visible,5010,dns-root_b-root_msm5010_20260701T000000Z_010000Z.json,1,1,8781->8781,1.0,1.0,1.0,1.0,severe_network_transition_concentration,0,1,0,0.0,1.0,0.0,True,False,"insufficient_minimum_mappable_segments,minimum_unique_probes,minimum_unique_probe_asns","minimum_mappable_segments,minimum_unique_probes,minimum_unique_probe_asns",1,1,0.0,1.0
RE,B-Root,all_publicly_visible,5010,dns-root_b-root_msm5010_20260701T000000Z_010000Z.json,2,1,6939->6939,1.0,1.0,1.0,1.0,severe_network_transition_concentration,0,2,0,0.0,1.0,0.0,True,False,"insufficient_minimum_mappable_segments,minimum_unique_probes,minimum_unique_probe_asns","minimum_mappable_segments,minimum_unique_probes,minimum_unique_probe_asns",1,1,0.0,1.0
RO,B-Root,all_publicly_visible,5010,dns-root_b-root_msm5010_20260701T000000Z_010000Z.json,2,2,9158->1299,0.5,1.0,1.0,2.0,moderate_network_transition_concentration,1,1,0,0.5,0.5,0.0,True,False,"insufficient_minimum_mappable_segments,minimum_unique_probes,minimum_unique_probe_asns","minimum_mappable_segments,minimum_unique_probes,minimum_unique_probe_asns",1,1,0.5,0.5
RU,B-Root,all_publicly_visible,5010,dns-root_b-root_msm5010_20260701T000000Z_010000Z.json,54,2,1299->1299,0.9259259259259259,1.0,1.0,1.302195976214733,severe_network_transition_concentration,0,54,0,0.0,1.0,0.0,True,True,auditable,,51,33,0.0,1.0
SE,B-Root,all_publicly_visible,5010,dns-root_b-root_msm5010_20260701T000000Z_010000Z.json,18,5,8434->8434,0.3888888888888889,0.6111111111111112,0.7777777777777778,4.430129223260261,broad_network_transition_distribution,0,18,0,0.0,1.0,0.0,True,False,insufficient_minimum_mappable_segments,minimum_mappable_segments,15,10,0.7222222222222222,0.2777777777777778
SG,B-Root,all_publicly_visible,5010,dns-root_b-root_msm5010_20260701T000000Z_010000Z.json,10,4,7473->7473,0.6,0.8,0.9,2.9710040966100055,moderate_network_transition_concentration,1,9,0,0.1,0.9,0.0,True,False,"insufficient_minimum_mappable_segments,minimum_unique_probes","minimum_mappable_segments,minimum_unique_probes",8,4,0.0,1.0
SL,B-Root,all_publicly_visible,5010,dns-root_b-root_msm5010_20260701T000000Z_010000Z.json,4,3,329109->60171,0.5,0.75,1.0,2.82842712474619,weak_network_transition_concentration,3,1,0,0.75,0.25,0.0,True,False,"insufficient_minimum_mappable_segments,minimum_unique_probes,minimum_unique_probe_asns","minimum_mappable_segments,minimum_unique_probes,minimum_unique_probe_asns",1,1,0.0,1.0
SV,B-Root,all_publicly_visible,5010,dns-root_b-root_msm5010_20260701T000000Z_010000Z.json,2,2,23520->23520,0.5,1.0,1.0,2.0,moderate_network_transition_concentration,1,1,0,0.5,0.5,0.0,True,False,"insufficient_minimum_mappable_segments,minimum_unique_probes,minimum_unique_probe_asns","minimum_mappable_segments,minimum_unique_probes,minimum_unique_probe_asns",2,2,0.0,1.0
TD,B-Root,all_publicly_visible,5010,dns-root_b-root_msm5010_20260701T000000Z_010000Z.json,1,1,12956->12956,1.0,1.0,1.0,1.0,severe_network_transition_concentration,0,1,0,0.0,1.0,0.0,True,False,"insufficient_minimum_mappable_segments,minimum_unique_probes,minimum_unique_probe_asns","minimum_mappable_segments,minimum_unique_probes,minimum_unique_probe_asns",1,1,0.0,1.0
TH,B-Root,all_publicly_visible,5010,dns-root_b-root_msm5010_20260701T000000Z_010000Z.json,7,2,2914->2914,0.8571428571428571,1.0,1.0,1.5069930657725377,severe_network_transition_concentration,1,6,0,0.14285714285714285,0.8571428571428571,0.0,True,False,"insufficient_minimum_mappable_segments,minimum_unique_probes","minimum_mappable_segments,minimum_unique_probes",7,3,0.0,1.0
TL,B-Root,all_publicly_visible,5010,dns-root_b-root_msm5010_20260701T000000Z_010000Z.json,1,1,7699->4826,1.0,1.0,1.0,1.0,severe_network_transition_concentration,1,0,0,1.0,0.0,0.0,True,False,"insufficient_minimum_mappable_segments,minimum_unique_probes,minimum_unique_probe_asns","minimum_mappable_segments,minimum_unique_probes,minimum_unique_probe_asns",1,1,1.0,0.0
TO,B-Root,all_publicly_visible,5010,dns-root_b-root_msm5010_20260701T000000Z_010000Z.json,2,2,24390->24390,0.5,1.0,1.0,2.0,moderate_network_transition_concentration,1,1,0,0.5,0.5,0.0,True,False,"insufficient_minimum_mappable_segments,minimum_unique_probes,minimum_unique_probe_asns","minimum_mappable_segments,minimum_unique_probes,minimum_unique_probe_asns",1,1,0.0,1.0
TV,B-Root,all_publicly_visible,5010,dns-root_b-root_msm5010_20260701T000000Z_010000Z.json,3,3,COUNTRY_FALLBACK:FJ->AU,0.3333333333333333,0.6666666666666666,1.0,2.9999999999999996,weak_network_transition_concentration,0,0,3,0.0,0.0,1.0,False,False,"insufficient_minimum_mappable_segments,minimum_unique_probes,minimum_unique_probe_asns,maximum_country_fallback_share","minimum_mappable_segments,minimum_unique_probes,minimum_unique_probe_asns,maximum_country_fallback_share",1,1,0.3333333333333333,0.6666666666666666
TW,B-Root,all_publicly_visible,5010,dns-root_b-root_msm5010_20260701T000000Z_010000Z.json,113,13,2914->2914,0.4336283185840708,0.672566371681416,0.7876106194690266,5.241001709469673,broad_network_transition_distribution,6,67,40,0.05309734513274336,0.5929203539823009,0.35398230088495575,False,False,insufficient_maximum_country_fallback_share,maximum_country_fallback_share,53,21,0.23893805309734514,0.7610619469026548
TZ,B-Root,all_publicly_visible,5010,dns-root_b-root_msm5010_20260701T000000Z_010000Z.json,1,1,37035->37662,1.0,1.0,1.0,1.0,severe_network_transition_concentration,1,0,0,1.0,0.0,0.0,True,False,"insufficient_minimum_mappable_segments,minimum_unique_probes,minimum_unique_probe_asns","minimum_mappable_segments,minimum_unique_probes,minimum_unique_probe_asns",1,1,0.0,1.0
US,B-Root,all_publicly_visible,5010,dns-root_b-root_msm5010_20260701T000000Z_010000Z.json,17,14,174->174,0.17647058823529413,0.29411764705882354,0.35294117647058826,12.90731054944311,broad_network_transition_distribution,4,12,1,0.23529411764705882,0.7058823529411765,0.058823529411764705,True,False,insufficient_minimum_mappable_segments,minimum_mappable_segments,16,15,0.5882352941176471,0.4117647058823529
VE,B-Root,all_publicly_visible,5010,dns-root_b-root_msm5010_20260701T000000Z_010000Z.json,2,2,23520->23520,0.5,1.0,1.0,2.0,moderate_network_transition_concentration,1,1,0,0.5,0.5,0.0,True,False,"insufficient_minimum_mappable_segments,minimum_unique_probes,minimum_unique_probe_asns","minimum_mappable_segments,minimum_unique_probes,minimum_unique_probe_asns",1,1,0.5,0.5
VI,B-Root,all_publicly_visible,5010,dns-root_b-root_msm5010_20260701T000000Z_010000Z.json,1,1,14434->14434,1.0,1.0,1.0,1.0,severe_network_transition_concentration,0,1,0,0.0,1.0,0.0,True,False,"insufficient_minimum_mappable_segments,minimum_unique_probes,minimum_unique_probe_asns","minimum_mappable_segments,minimum_unique_probes,minimum_unique_probe_asns",1,1,0.0,1.0
VN,B-Root,all_publicly_visible,5010,dns-root_b-root_msm5010_20260701T000000Z_010000Z.json,16,3,2914->2914,0.8125,0.9375,1.0,1.8256278800579229,severe_network_transition_concentration,3,13,0,0.1875,0.8125,0.0,True,False,insufficient_minimum_mappable_segments,minimum_mappable_segments,14,9,0.0,1.0
ZA,B-Root,all_publicly_visible,5010,dns-root_b-root_msm5010_20260701T000000Z_010000Z.json,24,6,6939->6939,0.5833333333333334,0.7083333333333334,0.8333333333333334,3.6920740901432296,weak_network_transition_concentration,4,17,3,0.16666666666666666,0.7083333333333334,0.125,True,False,insufficient_minimum_mappable_segments,minimum_mappable_segments,14,10,0.041666666666666664,0.9583333333333334
ZM,B-Root,all_publicly_visible,5010,dns-root_b-root_msm5010_20260701T000000Z_010000Z.json,2,1,6939->6939,1.0,1.0,1.0,1.0,severe_network_transition_concentration,0,2,0,0.0,1.0,0.0,True,False,"insufficient_minimum_mappable_segments,minimum_unique_probes,minimum_unique_probe_asns","minimum_mappable_segments,minimum_unique_probes,minimum_unique_probe_asns",1,1,0.0,1.0
