country,msm_id,file_name,network_transition_key,network_transition_representation,hop_pair_as_class,network_transition_observation_count,unique_atomic_segments,share_of_network_transition_observations,rank_within_unit,is_top1_network_transition,is_top2_network_transition,is_top3_network_transition,used_country_fallback_transition,group_total_mappable_segments,group_unique_probes,group_unique_probe_asns,domestic_segment_count,international_segment_count
AE,5011,dns-root_c-root_msm5011_20260701T000000Z_010000Z.json,8966->5384,as_transition,cross_as_transition,3,3,0.3333333333333333,1,True,False,False,False,9,6,4,3,0
AE,5011,dns-root_c-root_msm5011_20260701T000000Z_010000Z.json,8529->8529,as_transition,intra_as_hop_pair,2,2,0.2222222222222222,2,False,True,False,False,9,6,4,0,2
AE,5011,dns-root_c-root_msm5011_20260701T000000Z_010000Z.json,8966->8966,as_transition,intra_as_hop_pair,2,2,0.2222222222222222,3,False,False,True,False,9,6,4,2,0
AE,5011,dns-root_c-root_msm5011_20260701T000000Z_010000Z.json,5384->8966,as_transition,cross_as_transition,2,2,0.2222222222222222,4,False,False,False,False,9,6,4,2,0
AU,5011,dns-root_c-root_msm5011_20260701T000000Z_010000Z.json,7578->7578,as_transition,intra_as_hop_pair,93,93,0.34831460674157305,1,True,False,False,False,267,131,52,93,0
AU,5011,dns-root_c-root_msm5011_20260701T000000Z_010000Z.json,COUNTRY_FALLBACK:AU->AU,country_fallback,country_fallback,51,51,0.19101123595505617,2,False,True,False,True,267,131,52,51,0
AU,5011,dns-root_c-root_msm5011_20260701T000000Z_010000Z.json,1221->1221,as_transition,intra_as_hop_pair,31,31,0.11610486891385768,3,False,False,True,False,267,131,52,31,0
AU,5011,dns-root_c-root_msm5011_20260701T000000Z_010000Z.json,2914->2914,as_transition,intra_as_hop_pair,26,26,0.09737827715355805,4,False,False,False,False,267,131,52,0,26
AU,5011,dns-root_c-root_msm5011_20260701T000000Z_010000Z.json,4764->174,as_transition,cross_as_transition,12,12,0.0449438202247191,5,False,False,False,False,267,131,52,0,12
AU,5011,dns-root_c-root_msm5011_20260701T000000Z_010000Z.json,4764->4764,as_transition,intra_as_hop_pair,12,12,0.0449438202247191,6,False,False,False,False,267,131,52,0,12
AU,5011,dns-root_c-root_msm5011_20260701T000000Z_010000Z.json,7575->7575,as_transition,intra_as_hop_pair,9,9,0.033707865168539325,7,False,False,False,False,267,131,52,0,9
AU,5011,dns-root_c-root_msm5011_20260701T000000Z_010000Z.json,7545->7545,as_transition,intra_as_hop_pair,6,6,0.02247191011235955,8,False,False,False,False,267,131,52,6,0
AU,5011,dns-root_c-root_msm5011_20260701T000000Z_010000Z.json,136557->136557,as_transition,intra_as_hop_pair,6,6,0.02247191011235955,9,False,False,False,False,267,131,52,6,0
AU,5011,dns-root_c-root_msm5011_20260701T000000Z_010000Z.json,134090->134090,as_transition,intra_as_hop_pair,4,4,0.0149812734082397,10,False,False,False,False,267,131,52,4,0
AU,5011,dns-root_c-root_msm5011_20260701T000000Z_010000Z.json,4804->7474,as_transition,cross_as_transition,4,4,0.0149812734082397,11,False,False,False,False,267,131,52,4,0
AU,5011,dns-root_c-root_msm5011_20260701T000000Z_010000Z.json,3257->3257,as_transition,intra_as_hop_pair,4,4,0.0149812734082397,12,False,False,False,False,267,131,52,4,0
AU,5011,dns-root_c-root_msm5011_20260701T000000Z_010000Z.json,38195->174,as_transition,cross_as_transition,2,2,0.00749063670411985,13,False,False,False,False,267,131,52,0,2
AU,5011,dns-root_c-root_msm5011_20260701T000000Z_010000Z.json,7699->4826,as_transition,cross_as_transition,2,2,0.00749063670411985,14,False,False,False,False,267,131,52,2,0
AU,5011,dns-root_c-root_msm5011_20260701T000000Z_010000Z.json,COUNTRY_FALLBACK:AU->SG,country_fallback,country_fallback,2,2,0.00749063670411985,15,False,False,False,True,267,131,52,0,2
AU,5011,dns-root_c-root_msm5011_20260701T000000Z_010000Z.json,38195->38195,as_transition,intra_as_hop_pair,2,2,0.00749063670411985,16,False,False,False,False,267,131,52,2,0
AU,5011,dns-root_c-root_msm5011_20260701T000000Z_010000Z.json,18390->18390,as_transition,intra_as_hop_pair,1,1,0.003745318352059925,17,False,False,False,False,267,131,52,1,0
AX,5011,dns-root_c-root_msm5011_20260701T000000Z_010000Z.json,3238->3238,as_transition,intra_as_hop_pair,2,2,1.0,1,True,False,False,False,2,1,1,0,2
BH,5011,dns-root_c-root_msm5011_20260701T000000Z_010000Z.json,5416->174,as_transition,cross_as_transition,8,8,1.0,1,True,False,False,False,8,4,2,0,8
BJ,5011,dns-root_c-root_msm5011_20260701T000000Z_010000Z.json,28683->174,as_transition,cross_as_transition,6,6,0.75,1,True,False,False,False,8,4,3,0,6
BJ,5011,dns-root_c-root_msm5011_20260701T000000Z_010000Z.json,37136->6713,as_transition,cross_as_transition,2,2,0.25,2,False,True,False,False,8,4,3,0,2
BR,5011,dns-root_c-root_msm5011_20260701T000000Z_010000Z.json,7195->7195,as_transition,intra_as_hop_pair,6,6,0.5454545454545454,1,True,False,False,False,11,6,6,6,0
BR,5011,dns-root_c-root_msm5011_20260701T000000Z_010000Z.json,12956->12956,as_transition,intra_as_hop_pair,4,4,0.36363636363636365,2,False,True,False,False,11,6,6,0,4
BR,5011,dns-root_c-root_msm5011_20260701T000000Z_010000Z.json,6762->6762,as_transition,intra_as_hop_pair,1,1,0.09090909090909091,3,False,False,True,False,11,6,6,0,1
CA,5011,dns-root_c-root_msm5011_20260701T000000Z_010000Z.json,174->174,as_transition,intra_as_hop_pair,12,12,0.27906976744186046,1,True,False,False,False,43,31,15,0,12
CA,5011,dns-root_c-root_msm5011_20260701T000000Z_010000Z.json,3257->3257,as_transition,intra_as_hop_pair,11,11,0.2558139534883721,2,False,True,False,False,43,31,15,0,11
CA,5011,dns-root_c-root_msm5011_20260701T000000Z_010000Z.json,6461->6461,as_transition,intra_as_hop_pair,9,9,0.20930232558139536,3,False,False,True,False,43,31,15,0,9
CA,5011,dns-root_c-root_msm5011_20260701T000000Z_010000Z.json,3356->3356,as_transition,intra_as_hop_pair,4,4,0.09302325581395349,4,False,False,False,False,43,31,15,0,4
CA,5011,dns-root_c-root_msm5011_20260701T000000Z_010000Z.json,1299->1299,as_transition,intra_as_hop_pair,4,4,0.09302325581395349,5,False,False,False,False,43,31,15,0,4
CA,5011,dns-root_c-root_msm5011_20260701T000000Z_010000Z.json,12212->174,as_transition,cross_as_transition,1,1,0.023255813953488372,6,False,False,False,False,43,31,15,0,1
CA,5011,dns-root_c-root_msm5011_20260701T000000Z_010000Z.json,1100->174,as_transition,cross_as_transition,1,1,0.023255813953488372,7,False,False,False,False,43,31,15,0,1
CA,5011,dns-root_c-root_msm5011_20260701T000000Z_010000Z.json,6327->6327,as_transition,intra_as_hop_pair,1,1,0.023255813953488372,8,False,False,False,False,43,31,15,0,1
CM,5011,dns-root_c-root_msm5011_20260701T000000Z_010000Z.json,60171->60171,as_transition,intra_as_hop_pair,2,2,1.0,1,True,False,False,False,2,1,1,0,2
CN,5011,dns-root_c-root_msm5011_20260701T000000Z_010000Z.json,4134->4134,as_transition,intra_as_hop_pair,1,1,1.0,1,True,False,False,False,1,1,0,1,0
CO,5011,dns-root_c-root_msm5011_20260701T000000Z_010000Z.json,23520->23520,as_transition,intra_as_hop_pair,8,8,0.8,1,True,False,False,False,10,7,5,0,8
CO,5011,dns-root_c-root_msm5011_20260701T000000Z_010000Z.json,52320->52320,as_transition,intra_as_hop_pair,2,2,0.2,2,False,True,False,False,10,7,5,0,2
CV,5011,dns-root_c-root_msm5011_20260701T000000Z_010000Z.json,37575->8657,as_transition,cross_as_transition,1,1,1.0,1,True,False,False,False,1,1,1,0,1
CW,5011,dns-root_c-root_msm5011_20260701T000000Z_010000Z.json,23520->23520,as_transition,intra_as_hop_pair,10,10,0.8333333333333334,1,True,False,False,False,12,9,6,0,10
CW,5011,dns-root_c-root_msm5011_20260701T000000Z_010000Z.json,23520->174,as_transition,cross_as_transition,2,2,0.16666666666666666,2,False,True,False,False,12,9,6,0,2
CY,5011,dns-root_c-root_msm5011_20260701T000000Z_010000Z.json,6866->174,as_transition,cross_as_transition,11,11,0.6111111111111112,1,True,False,False,False,18,11,4,0,11
CY,5011,dns-root_c-root_msm5011_20260701T000000Z_010000Z.json,5504->1299,as_transition,cross_as_transition,4,4,0.2222222222222222,2,False,True,False,False,18,11,4,0,4
CY,5011,dns-root_c-root_msm5011_20260701T000000Z_010000Z.json,35432->35432,as_transition,intra_as_hop_pair,3,3,0.16666666666666666,3,False,False,True,False,18,11,4,0,3
DK,5011,dns-root_c-root_msm5011_20260701T000000Z_010000Z.json,2603->1299,as_transition,cross_as_transition,11,11,1.0,1,True,False,False,False,11,6,3,0,11
DO,5011,dns-root_c-root_msm5011_20260701T000000Z_010000Z.json,64126->174,as_transition,cross_as_transition,8,8,0.8,1,True,False,False,False,10,6,6,0,8
DO,5011,dns-root_c-root_msm5011_20260701T000000Z_010000Z.json,23520->23520,as_transition,intra_as_hop_pair,2,2,0.2,2,False,True,False,False,10,6,6,0,2
EE,5011,dns-root_c-root_msm5011_20260701T000000Z_010000Z.json,1299->1299,as_transition,intra_as_hop_pair,29,29,0.48333333333333334,1,True,False,False,False,60,32,16,0,29
EE,5011,dns-root_c-root_msm5011_20260701T000000Z_010000Z.json,1257->1257,as_transition,intra_as_hop_pair,16,16,0.26666666666666666,2,False,True,False,False,60,32,16,0,16
EE,5011,dns-root_c-root_msm5011_20260701T000000Z_010000Z.json,2586->6667,as_transition,cross_as_transition,7,7,0.11666666666666667,3,False,False,True,False,60,32,16,0,7
EE,5011,dns-root_c-root_msm5011_20260701T000000Z_010000Z.json,3221->1299,as_transition,cross_as_transition,4,4,0.06666666666666667,4,False,False,False,False,60,32,16,0,4
EE,5011,dns-root_c-root_msm5011_20260701T000000Z_010000Z.json,3327->3327,as_transition,intra_as_hop_pair,4,4,0.06666666666666667,5,False,False,False,False,60,32,16,0,4
ES,5011,dns-root_c-root_msm5011_20260701T000000Z_010000Z.json,3352->12956,as_transition,cross_as_transition,2,2,0.5,1,True,False,False,False,4,2,2,2,0
ES,5011,dns-root_c-root_msm5011_20260701T000000Z_010000Z.json,3257->3257,as_transition,intra_as_hop_pair,2,2,0.5,2,False,True,False,False,4,2,2,0,2
FI,5011,dns-root_c-root_msm5011_20260701T000000Z_010000Z.json,1299->1299,as_transition,intra_as_hop_pair,127,127,0.503968253968254,1,True,False,False,False,252,135,47,0,127
FI,5011,dns-root_c-root_msm5011_20260701T000000Z_010000Z.json,24940->174,as_transition,cross_as_transition,64,64,0.25396825396825395,2,False,True,False,False,252,135,47,0,64
FI,5011,dns-root_c-root_msm5011_20260701T000000Z_010000Z.json,16086->174,as_transition,cross_as_transition,13,13,0.051587301587301584,3,False,False,True,False,252,135,47,0,13
FI,5011,dns-root_c-root_msm5011_20260701T000000Z_010000Z.json,174->174,as_transition,intra_as_hop_pair,9,9,0.03571428571428571,4,False,False,False,False,252,135,47,0,9
FI,5011,dns-root_c-root_msm5011_20260701T000000Z_010000Z.json,719->6667,as_transition,cross_as_transition,8,8,0.031746031746031744,5,False,False,False,False,252,135,47,8,0
FI,5011,dns-root_c-root_msm5011_20260701T000000Z_010000Z.json,719->719,as_transition,intra_as_hop_pair,6,6,0.023809523809523808,6,False,False,False,False,252,135,47,6,0
FI,5011,dns-root_c-root_msm5011_20260701T000000Z_010000Z.json,6939->6939,as_transition,intra_as_hop_pair,6,6,0.023809523809523808,7,False,False,False,False,252,135,47,0,6
FI,5011,dns-root_c-root_msm5011_20260701T000000Z_010000Z.json,39699->6667,as_transition,cross_as_transition,6,6,0.023809523809523808,8,False,False,False,False,252,135,47,6,0
FI,5011,dns-root_c-root_msm5011_20260701T000000Z_010000Z.json,49282->42708,as_transition,cross_as_transition,4,4,0.015873015873015872,9,False,False,False,False,252,135,47,0,4
FI,5011,dns-root_c-root_msm5011_20260701T000000Z_010000Z.json,1741->1741,as_transition,intra_as_hop_pair,3,3,0.011904761904761904,10,False,False,False,False,252,135,47,0,3
FI,5011,dns-root_c-root_msm5011_20260701T000000Z_010000Z.json,39699->39699,as_transition,intra_as_hop_pair,3,3,0.011904761904761904,11,False,False,False,False,252,135,47,3,0
FI,5011,dns-root_c-root_msm5011_20260701T000000Z_010000Z.json,202246->1299,as_transition,cross_as_transition,2,2,0.007936507936507936,12,False,False,False,False,252,135,47,0,2
FI,5011,dns-root_c-root_msm5011_20260701T000000Z_010000Z.json,1759->1759,as_transition,intra_as_hop_pair,1,1,0.003968253968253968,13,False,False,False,False,252,135,47,1,0
FJ,5011,dns-root_c-root_msm5011_20260701T000000Z_010000Z.json,24390->7575,as_transition,cross_as_transition,2,2,0.3333333333333333,1,True,False,False,False,6,3,2,0,2
FJ,5011,dns-root_c-root_msm5011_20260701T000000Z_010000Z.json,38442->38442,as_transition,intra_as_hop_pair,2,2,0.3333333333333333,2,False,True,False,False,6,3,2,0,2
FJ,5011,dns-root_c-root_msm5011_20260701T000000Z_010000Z.json,COUNTRY_FALLBACK:FJ->NZ,country_fallback,country_fallback,2,2,0.3333333333333333,3,False,False,True,True,6,3,2,0,2
GH,5011,dns-root_c-root_msm5011_20260701T000000Z_010000Z.json,37721->37721,as_transition,intra_as_hop_pair,4,4,0.6666666666666666,1,True,False,False,False,6,4,2,0,4
GH,5011,dns-root_c-root_msm5011_20260701T000000Z_010000Z.json,37468->37468,as_transition,intra_as_hop_pair,2,2,0.3333333333333333,2,False,True,False,False,6,4,2,0,2
GP,5011,dns-root_c-root_msm5011_20260701T000000Z_010000Z.json,21351->21351,as_transition,intra_as_hop_pair,2,2,1.0,1,True,False,False,False,2,1,1,0,2
GU,5011,dns-root_c-root_msm5011_20260701T000000Z_010000Z.json,9246->9246,as_transition,intra_as_hop_pair,1,1,1.0,1,True,False,False,False,1,1,1,0,1
HK,5011,dns-root_c-root_msm5011_20260701T000000Z_010000Z.json,174->174,as_transition,intra_as_hop_pair,144,144,0.7912087912087912,1,True,False,False,False,182,104,51,0,144
HK,5011,dns-root_c-root_msm5011_20260701T000000Z_010000Z.json,6453->174,as_transition,cross_as_transition,16,16,0.08791208791208792,2,False,True,False,False,182,104,51,0,16
HK,5011,dns-root_c-root_msm5011_20260701T000000Z_010000Z.json,9498->174,as_transition,cross_as_transition,8,8,0.04395604395604396,3,False,False,True,False,182,104,51,0,8
HK,5011,dns-root_c-root_msm5011_20260701T000000Z_010000Z.json,9269->174,as_transition,cross_as_transition,6,6,0.03296703296703297,4,False,False,False,False,182,104,51,0,6
HK,5011,dns-root_c-root_msm5011_20260701T000000Z_010000Z.json,21859->4229,as_transition,cross_as_transition,3,3,0.016483516483516484,5,False,False,False,False,182,104,51,0,3
HK,5011,dns-root_c-root_msm5011_20260701T000000Z_010000Z.json,COUNTRY_FALLBACK:HK->SG,country_fallback,country_fallback,2,2,0.01098901098901099,6,False,False,False,True,182,104,51,0,2
HK,5011,dns-root_c-root_msm5011_20260701T000000Z_010000Z.json,8888->8888,as_transition,intra_as_hop_pair,2,2,0.01098901098901099,7,False,False,False,False,182,104,51,0,2
HK,5011,dns-root_c-root_msm5011_20260701T000000Z_010000Z.json,983->983,as_transition,intra_as_hop_pair,1,1,0.005494505494505495,8,False,False,False,False,182,104,51,0,1
HN,5011,dns-root_c-root_msm5011_20260701T000000Z_010000Z.json,23520->23520,as_transition,intra_as_hop_pair,9,9,0.5294117647058824,1,True,False,False,False,17,11,6,0,9
HN,5011,dns-root_c-root_msm5011_20260701T000000Z_010000Z.json,263725->54082,as_transition,cross_as_transition,8,8,0.47058823529411764,2,False,True,False,False,17,11,6,0,8
ID,5011,dns-root_c-root_msm5011_20260701T000000Z_010000Z.json,38158->38158,as_transition,intra_as_hop_pair,15,15,0.16129032258064516,1,True,False,False,False,93,51,34,15,0
ID,5011,dns-root_c-root_msm5011_20260701T000000Z_010000Z.json,7713->7713,as_transition,intra_as_hop_pair,9,9,0.0967741935483871,2,False,True,False,False,93,51,34,9,0
ID,5011,dns-root_c-root_msm5011_20260701T000000Z_010000Z.json,COUNTRY_FALLBACK:ID->SG,country_fallback,country_fallback,9,9,0.0967741935483871,3,False,False,True,True,93,51,34,0,9
ID,5011,dns-root_c-root_msm5011_20260701T000000Z_010000Z.json,45147->174,as_transition,cross_as_transition,8,8,0.08602150537634409,4,False,False,False,False,93,51,34,0,8
ID,5011,dns-root_c-root_msm5011_20260701T000000Z_010000Z.json,17451->17451,as_transition,intra_as_hop_pair,7,7,0.07526881720430108,5,False,False,False,False,93,51,34,3,4
ID,5011,dns-root_c-root_msm5011_20260701T000000Z_010000Z.json,137366->137366,as_transition,intra_as_hop_pair,7,7,0.07526881720430108,6,False,False,False,False,93,51,34,0,7
ID,5011,dns-root_c-root_msm5011_20260701T000000Z_010000Z.json,4800->4800,as_transition,intra_as_hop_pair,6,6,0.06451612903225806,7,False,False,False,False,93,51,34,6,0
ID,5011,dns-root_c-root_msm5011_20260701T000000Z_010000Z.json,23700->7632,as_transition,cross_as_transition,3,3,0.03225806451612903,8,False,False,False,False,93,51,34,3,0
ID,5011,dns-root_c-root_msm5011_20260701T000000Z_010000Z.json,24203->6453,as_transition,cross_as_transition,3,3,0.03225806451612903,9,False,False,False,False,93,51,34,0,3
ID,5011,dns-root_c-root_msm5011_20260701T000000Z_010000Z.json,4761->4761,as_transition,intra_as_hop_pair,2,2,0.021505376344086023,10,False,False,False,False,93,51,34,2,0
ID,5011,dns-root_c-root_msm5011_20260701T000000Z_010000Z.json,4229->4229,as_transition,intra_as_hop_pair,2,2,0.021505376344086023,11,False,False,False,False,93,51,34,0,2
ID,5011,dns-root_c-root_msm5011_20260701T000000Z_010000Z.json,24521->24521,as_transition,intra_as_hop_pair,2,2,0.021505376344086023,12,False,False,False,False,93,51,34,2,0
ID,5011,dns-root_c-root_msm5011_20260701T000000Z_010000Z.json,149728->58389,as_transition,cross_as_transition,2,2,0.021505376344086023,13,False,False,False,False,93,51,34,2,0
ID,5011,dns-root_c-root_msm5011_20260701T000000Z_010000Z.json,142360->142360,as_transition,intra_as_hop_pair,2,2,0.021505376344086023,14,False,False,False,False,93,51,34,2,0
ID,5011,dns-root_c-root_msm5011_20260701T000000Z_010000Z.json,142360->136106,as_transition,cross_as_transition,2,2,0.021505376344086023,15,False,False,False,False,93,51,34,2,0
ID,5011,dns-root_c-root_msm5011_20260701T000000Z_010000Z.json,138840->2914,as_transition,cross_as_transition,2,2,0.021505376344086023,16,False,False,False,False,93,51,34,0,2
ID,5011,dns-root_c-root_msm5011_20260701T000000Z_010000Z.json,23947->174,as_transition,cross_as_transition,2,2,0.021505376344086023,17,False,False,False,False,93,51,34,0,2
ID,5011,dns-root_c-root_msm5011_20260701T000000Z_010000Z.json,147094->174,as_transition,cross_as_transition,2,2,0.021505376344086023,18,False,False,False,False,93,51,34,0,2
ID,5011,dns-root_c-root_msm5011_20260701T000000Z_010000Z.json,58389->3356,as_transition,cross_as_transition,2,2,0.021505376344086023,19,False,False,False,False,93,51,34,0,2
ID,5011,dns-root_c-root_msm5011_20260701T000000Z_010000Z.json,COUNTRY_FALLBACK:ID->ID,country_fallback,country_fallback,2,2,0.021505376344086023,20,False,False,False,True,93,51,34,2,0
ID,5011,dns-root_c-root_msm5011_20260701T000000Z_010000Z.json,9905->7632,as_transition,cross_as_transition,1,1,0.010752688172043012,21,False,False,False,False,93,51,34,1,0
ID,5011,dns-root_c-root_msm5011_20260701T000000Z_010000Z.json,17451->174,as_transition,cross_as_transition,1,1,0.010752688172043012,22,False,False,False,False,93,51,34,0,1
ID,5011,dns-root_c-root_msm5011_20260701T000000Z_010000Z.json,138115->149391,as_transition,cross_as_transition,1,1,0.010752688172043012,23,False,False,False,False,93,51,34,1,0
ID,5011,dns-root_c-root_msm5011_20260701T000000Z_010000Z.json,55685->55685,as_transition,intra_as_hop_pair,1,1,0.010752688172043012,24,False,False,False,False,93,51,34,1,0
IN,5011,dns-root_c-root_msm5011_20260701T000000Z_010000Z.json,6453->6453,as_transition,intra_as_hop_pair,44,44,0.2894736842105263,1,True,False,False,False,152,88,43,0,44
IN,5011,dns-root_c-root_msm5011_20260701T000000Z_010000Z.json,64049->64049,as_transition,intra_as_hop_pair,42,42,0.27631578947368424,2,False,True,False,False,152,88,43,0,42
IN,5011,dns-root_c-root_msm5011_20260701T000000Z_010000Z.json,9498->9498,as_transition,intra_as_hop_pair,18,18,0.11842105263157894,3,False,False,True,False,152,88,43,3,15
IN,5011,dns-root_c-root_msm5011_20260701T000000Z_010000Z.json,COUNTRY_FALLBACK:IN->SG,country_fallback,country_fallback,14,14,0.09210526315789473,4,False,False,False,True,152,88,43,0,14
IN,5011,dns-root_c-root_msm5011_20260701T000000Z_010000Z.json,4755->6453,as_transition,cross_as_transition,13,13,0.08552631578947369,5,False,False,False,False,152,88,43,12,1
IN,5011,dns-root_c-root_msm5011_20260701T000000Z_010000Z.json,9498->174,as_transition,cross_as_transition,8,8,0.05263157894736842,6,False,False,False,False,152,88,43,0,8
IN,5011,dns-root_c-root_msm5011_20260701T000000Z_010000Z.json,COUNTRY_FALLBACK:IN->FR,country_fallback,country_fallback,6,6,0.039473684210526314,7,False,False,False,True,152,88,43,0,6
IN,5011,dns-root_c-root_msm5011_20260701T000000Z_010000Z.json,136308->9498,as_transition,cross_as_transition,2,2,0.013157894736842105,8,False,False,False,False,152,88,43,2,0
IN,5011,dns-root_c-root_msm5011_20260701T000000Z_010000Z.json,COUNTRY_FALLBACK:IN->IN,country_fallback,country_fallback,2,2,0.013157894736842105,9,False,False,False,True,152,88,43,2,0
IN,5011,dns-root_c-root_msm5011_20260701T000000Z_010000Z.json,6453->174,as_transition,cross_as_transition,2,2,0.013157894736842105,10,False,False,False,False,152,88,43,0,2
IN,5011,dns-root_c-root_msm5011_20260701T000000Z_010000Z.json,132933->4755,as_transition,cross_as_transition,1,1,0.006578947368421052,11,False,False,False,False,152,88,43,1,0
IT,5011,dns-root_c-root_msm5011_20260701T000000Z_010000Z.json,174->174,as_transition,intra_as_hop_pair,48,48,0.7868852459016393,1,True,False,False,False,61,22,13,10,38
IT,5011,dns-root_c-root_msm5011_20260701T000000Z_010000Z.json,137->174,as_transition,cross_as_transition,9,9,0.14754098360655737,2,False,True,False,False,61,22,13,9,0
IT,5011,dns-root_c-root_msm5011_20260701T000000Z_010000Z.json,8612->174,as_transition,cross_as_transition,4,4,0.06557377049180328,3,False,False,True,False,61,22,13,4,0
KE,5011,dns-root_c-root_msm5011_20260701T000000Z_010000Z.json,30844->30844,as_transition,intra_as_hop_pair,3,3,1.0,1,True,False,False,False,3,3,3,0,3
KY,5011,dns-root_c-root_msm5011_20260701T000000Z_010000Z.json,36549->3855,as_transition,cross_as_transition,1,1,1.0,1,True,False,False,False,1,1,1,0,1
LC,5011,dns-root_c-root_msm5011_20260701T000000Z_010000Z.json,23520->23520,as_transition,intra_as_hop_pair,1,1,1.0,1,True,False,False,False,1,1,1,0,1
LK,5011,dns-root_c-root_msm5011_20260701T000000Z_010000Z.json,18001->18001,as_transition,intra_as_hop_pair,11,11,0.6111111111111112,1,True,False,False,False,18,11,5,0,11
LK,5011,dns-root_c-root_msm5011_20260701T000000Z_010000Z.json,45489->1299,as_transition,cross_as_transition,3,3,0.16666666666666666,2,False,True,False,False,18,11,5,0,3
LK,5011,dns-root_c-root_msm5011_20260701T000000Z_010000Z.json,45489->45489,as_transition,intra_as_hop_pair,3,3,0.16666666666666666,3,False,False,True,False,18,11,5,0,3
LK,5011,dns-root_c-root_msm5011_20260701T000000Z_010000Z.json,17470->15412,as_transition,cross_as_transition,1,1,0.05555555555555555,4,False,False,False,False,18,11,5,0,1
MM,5011,dns-root_c-root_msm5011_20260701T000000Z_010000Z.json,136168->136168,as_transition,intra_as_hop_pair,4,4,1.0,1,True,False,False,False,4,3,3,0,4
MP,5011,dns-root_c-root_msm5011_20260701T000000Z_010000Z.json,7131->7131,as_transition,intra_as_hop_pair,2,2,1.0,1,True,False,False,False,2,1,1,0,2
MT,5011,dns-root_c-root_msm5011_20260701T000000Z_010000Z.json,15735->1299,as_transition,cross_as_transition,3,3,1.0,1,True,False,False,False,3,2,1,0,3
MV,5011,dns-root_c-root_msm5011_20260701T000000Z_010000Z.json,7642->174,as_transition,cross_as_transition,16,16,0.9411764705882353,1,True,False,False,False,17,10,3,0,16
MV,5011,dns-root_c-root_msm5011_20260701T000000Z_010000Z.json,24016->45489,as_transition,cross_as_transition,1,1,0.058823529411764705,2,False,True,False,False,17,10,3,0,1
MX,5011,dns-root_c-root_msm5011_20260701T000000Z_010000Z.json,265539->23520,as_transition,cross_as_transition,4,4,1.0,1,True,False,False,False,4,2,2,0,4
MY,5011,dns-root_c-root_msm5011_20260701T000000Z_010000Z.json,45352->45352,as_transition,intra_as_hop_pair,4,4,0.4444444444444444,1,True,False,False,False,9,5,4,0,4
MY,5011,dns-root_c-root_msm5011_20260701T000000Z_010000Z.json,9930->9930,as_transition,intra_as_hop_pair,2,2,0.2222222222222222,2,False,True,False,False,9,5,4,2,0
MY,5011,dns-root_c-root_msm5011_20260701T000000Z_010000Z.json,3491->174,as_transition,cross_as_transition,1,1,0.1111111111111111,3,False,False,True,False,9,5,4,0,1
MY,5011,dns-root_c-root_msm5011_20260701T000000Z_010000Z.json,38466->6453,as_transition,cross_as_transition,1,1,0.1111111111111111,4,False,False,False,False,9,5,4,0,1
MY,5011,dns-root_c-root_msm5011_20260701T000000Z_010000Z.json,3491->3491,as_transition,intra_as_hop_pair,1,1,0.1111111111111111,5,False,False,False,False,9,5,4,0,1
NC,5011,dns-root_c-root_msm5011_20260701T000000Z_010000Z.json,18200->38195,as_transition,cross_as_transition,9,9,1.0,1,True,False,False,False,9,5,2,0,9
NG,5011,dns-root_c-root_msm5011_20260701T000000Z_010000Z.json,30844->36937,as_transition,cross_as_transition,2,2,0.3333333333333333,1,True,False,False,False,6,5,4,0,2
NG,5011,dns-root_c-root_msm5011_20260701T000000Z_010000Z.json,37721->37721,as_transition,intra_as_hop_pair,2,2,0.3333333333333333,2,False,True,False,False,6,5,4,0,2
NG,5011,dns-root_c-root_msm5011_20260701T000000Z_010000Z.json,37271->37271,as_transition,intra_as_hop_pair,2,2,0.3333333333333333,3,False,False,True,False,6,5,4,0,2
NO,5011,dns-root_c-root_msm5011_20260701T000000Z_010000Z.json,29695->29695,as_transition,intra_as_hop_pair,43,43,0.5443037974683544,1,True,False,False,False,79,39,12,43,0
NO,5011,dns-root_c-root_msm5011_20260701T000000Z_010000Z.json,56655->56655,as_transition,intra_as_hop_pair,9,9,0.11392405063291139,2,False,True,False,False,79,39,12,9,0
NO,5011,dns-root_c-root_msm5011_20260701T000000Z_010000Z.json,2119->2119,as_transition,intra_as_hop_pair,9,9,0.11392405063291139,3,False,False,True,False,79,39,12,9,0
NO,5011,dns-root_c-root_msm5011_20260701T000000Z_010000Z.json,224->224,as_transition,intra_as_hop_pair,6,6,0.0759493670886076,4,False,False,False,False,79,39,12,6,0
NO,5011,dns-root_c-root_msm5011_20260701T000000Z_010000Z.json,49409->57829,as_transition,cross_as_transition,3,3,0.0379746835443038,5,False,False,False,False,79,39,12,3,0
NO,5011,dns-root_c-root_msm5011_20260701T000000Z_010000Z.json,57829->3356,as_transition,cross_as_transition,3,3,0.0379746835443038,6,False,False,False,False,79,39,12,3,0
NO,5011,dns-root_c-root_msm5011_20260701T000000Z_010000Z.json,25400->25400,as_transition,intra_as_hop_pair,2,2,0.02531645569620253,7,False,False,False,False,79,39,12,2,0
NO,5011,dns-root_c-root_msm5011_20260701T000000Z_010000Z.json,25400->1299,as_transition,cross_as_transition,2,2,0.02531645569620253,8,False,False,False,False,79,39,12,2,0
NO,5011,dns-root_c-root_msm5011_20260701T000000Z_010000Z.json,48144->50304,as_transition,cross_as_transition,1,1,0.012658227848101266,9,False,False,False,False,79,39,12,1,0
NO,5011,dns-root_c-root_msm5011_20260701T000000Z_010000Z.json,50304->1299,as_transition,cross_as_transition,1,1,0.012658227848101266,10,False,False,False,False,79,39,12,1,0
NU,5011,dns-root_c-root_msm5011_20260701T000000Z_010000Z.json,55885->38800,as_transition,cross_as_transition,1,1,1.0,1,True,False,False,False,1,1,0,0,1
NZ,5011,dns-root_c-root_msm5011_20260701T000000Z_010000Z.json,7578->7578,as_transition,intra_as_hop_pair,68,68,0.3008849557522124,1,True,False,False,False,226,68,18,0,68
NZ,5011,dns-root_c-root_msm5011_20260701T000000Z_010000Z.json,64073->64073,as_transition,intra_as_hop_pair,53,53,0.2345132743362832,2,False,True,False,False,226,68,18,53,0
NZ,5011,dns-root_c-root_msm5011_20260701T000000Z_010000Z.json,56030->56030,as_transition,intra_as_hop_pair,26,26,0.11504424778761062,3,False,False,True,False,226,68,18,26,0
NZ,5011,dns-root_c-root_msm5011_20260701T000000Z_010000Z.json,174->174,as_transition,intra_as_hop_pair,25,25,0.11061946902654868,4,False,False,False,False,226,68,18,0,25
NZ,5011,dns-root_c-root_msm5011_20260701T000000Z_010000Z.json,55850->55850,as_transition,intra_as_hop_pair,14,14,0.061946902654867256,5,False,False,False,False,226,68,18,14,0
NZ,5011,dns-root_c-root_msm5011_20260701T000000Z_010000Z.json,64073->137409,as_transition,cross_as_transition,11,11,0.048672566371681415,6,False,False,False,False,226,68,18,0,11
NZ,5011,dns-root_c-root_msm5011_20260701T000000Z_010000Z.json,38022->135069,as_transition,cross_as_transition,5,5,0.022123893805309734,7,False,False,False,False,226,68,18,5,0
NZ,5011,dns-root_c-root_msm5011_20260701T000000Z_010000Z.json,23655->9790,as_transition,cross_as_transition,5,5,0.022123893805309734,8,False,False,False,False,226,68,18,5,0
NZ,5011,dns-root_c-root_msm5011_20260701T000000Z_010000Z.json,24324->2914,as_transition,cross_as_transition,4,4,0.017699115044247787,9,False,False,False,False,226,68,18,0,4
NZ,5011,dns-root_c-root_msm5011_20260701T000000Z_010000Z.json,4049->55850,as_transition,cross_as_transition,4,4,0.017699115044247787,10,False,False,False,False,226,68,18,4,0
NZ,5011,dns-root_c-root_msm5011_20260701T000000Z_010000Z.json,4826->4826,as_transition,intra_as_hop_pair,3,3,0.01327433628318584,11,False,False,False,False,226,68,18,0,3
NZ,5011,dns-root_c-root_msm5011_20260701T000000Z_010000Z.json,45177->2914,as_transition,cross_as_transition,2,2,0.008849557522123894,12,False,False,False,False,226,68,18,0,2
NZ,5011,dns-root_c-root_msm5011_20260701T000000Z_010000Z.json,24324->24324,as_transition,intra_as_hop_pair,2,2,0.008849557522123894,13,False,False,False,False,226,68,18,2,0
NZ,5011,dns-root_c-root_msm5011_20260701T000000Z_010000Z.json,23838->135069,as_transition,cross_as_transition,2,2,0.008849557522123894,14,False,False,False,False,226,68,18,2,0
NZ,5011,dns-root_c-root_msm5011_20260701T000000Z_010000Z.json,9790->4826,as_transition,cross_as_transition,2,2,0.008849557522123894,15,False,False,False,False,226,68,18,0,2
PA,5011,dns-root_c-root_msm5011_20260701T000000Z_010000Z.json,11556->23520,as_transition,cross_as_transition,2,2,1.0,1,True,False,False,False,2,1,1,0,2
PG,5011,dns-root_c-root_msm5011_20260701T000000Z_010000Z.json,17828->4826,as_transition,cross_as_transition,2,2,1.0,1,True,False,False,False,2,1,1,0,2
PH,5011,dns-root_c-root_msm5011_20260701T000000Z_010000Z.json,137074->137074,as_transition,intra_as_hop_pair,10,10,0.24390243902439024,1,True,False,False,False,41,23,14,0,10
PH,5011,dns-root_c-root_msm5011_20260701T000000Z_010000Z.json,134707->134707,as_transition,intra_as_hop_pair,10,10,0.24390243902439024,2,False,True,False,False,41,23,14,3,7
PH,5011,dns-root_c-root_msm5011_20260701T000000Z_010000Z.json,9299->9299,as_transition,intra_as_hop_pair,6,6,0.14634146341463414,3,False,False,True,False,41,23,14,3,3
PH,5011,dns-root_c-root_msm5011_20260701T000000Z_010000Z.json,135607->15412,as_transition,cross_as_transition,4,4,0.0975609756097561,4,False,False,False,False,41,23,14,0,4
PH,5011,dns-root_c-root_msm5011_20260701T000000Z_010000Z.json,137818->132021,as_transition,cross_as_transition,2,2,0.04878048780487805,5,False,False,False,False,41,23,14,2,0
PH,5011,dns-root_c-root_msm5011_20260701T000000Z_010000Z.json,45209->9658,as_transition,cross_as_transition,2,2,0.04878048780487805,6,False,False,False,False,41,23,14,2,0
PH,5011,dns-root_c-root_msm5011_20260701T000000Z_010000Z.json,4775->4775,as_transition,intra_as_hop_pair,1,1,0.024390243902439025,7,False,False,False,False,41,23,14,0,1
PH,5011,dns-root_c-root_msm5011_20260701T000000Z_010000Z.json,4775->6453,as_transition,cross_as_transition,1,1,0.024390243902439025,8,False,False,False,False,41,23,14,0,1
PH,5011,dns-root_c-root_msm5011_20260701T000000Z_010000Z.json,4775->1299,as_transition,cross_as_transition,1,1,0.024390243902439025,9,False,False,False,False,41,23,14,0,1
PH,5011,dns-root_c-root_msm5011_20260701T000000Z_010000Z.json,3491->3491,as_transition,intra_as_hop_pair,1,1,0.024390243902439025,10,False,False,False,False,41,23,14,0,1
PH,5011,dns-root_c-root_msm5011_20260701T000000Z_010000Z.json,132400->134707,as_transition,cross_as_transition,1,1,0.024390243902439025,11,False,False,False,False,41,23,14,1,0
PH,5011,dns-root_c-root_msm5011_20260701T000000Z_010000Z.json,139831->139831,as_transition,intra_as_hop_pair,1,1,0.024390243902439025,12,False,False,False,False,41,23,14,0,1
PH,5011,dns-root_c-root_msm5011_20260701T000000Z_010000Z.json,4775->1273,as_transition,cross_as_transition,1,1,0.024390243902439025,13,False,False,False,False,41,23,14,0,1
PR,5011,dns-root_c-root_msm5011_20260701T000000Z_010000Z.json,5786->20080,as_transition,cross_as_transition,2,2,0.4,1,True,False,False,False,5,3,2,0,2
PR,5011,dns-root_c-root_msm5011_20260701T000000Z_010000Z.json,14638->23520,as_transition,cross_as_transition,2,2,0.4,2,False,True,False,False,5,3,2,0,2
PR,5011,dns-root_c-root_msm5011_20260701T000000Z_010000Z.json,23114->23114,as_transition,intra_as_hop_pair,1,1,0.2,3,False,False,True,False,5,3,2,0,1
PT,5011,dns-root_c-root_msm5011_20260701T000000Z_010000Z.json,6453->6453,as_transition,intra_as_hop_pair,25,25,0.9259259259259259,1,True,False,False,False,27,22,4,0,25
PT,5011,dns-root_c-root_msm5011_20260701T000000Z_010000Z.json,2860->6453,as_transition,cross_as_transition,2,2,0.07407407407407407,2,False,True,False,False,27,22,4,2,0
QA,5011,dns-root_c-root_msm5011_20260701T000000Z_010000Z.json,8781->8781,as_transition,intra_as_hop_pair,2,2,1.0,1,True,False,False,False,2,1,1,0,2
SE,5011,dns-root_c-root_msm5011_20260701T000000Z_010000Z.json,174->174,as_transition,intra_as_hop_pair,1459,1459,0.9681486396814863,1,True,False,False,False,1507,809,378,0,1459
SE,5011,dns-root_c-root_msm5011_20260701T000000Z_010000Z.json,1257->1257,as_transition,intra_as_hop_pair,26,26,0.017252820172528202,2,False,True,False,False,1507,809,378,10,16
SE,5011,dns-root_c-root_msm5011_20260701T000000Z_010000Z.json,8434->8434,as_transition,intra_as_hop_pair,14,14,0.0092899800928998,3,False,False,True,False,1507,809,378,14,0
SE,5011,dns-root_c-root_msm5011_20260701T000000Z_010000Z.json,8434->29518,as_transition,cross_as_transition,2,2,0.0013271400132714001,4,False,False,False,False,1507,809,378,2,0
SE,5011,dns-root_c-root_msm5011_20260701T000000Z_010000Z.json,29518->29518,as_transition,intra_as_hop_pair,2,2,0.0013271400132714001,5,False,False,False,False,1507,809,378,2,0
SE,5011,dns-root_c-root_msm5011_20260701T000000Z_010000Z.json,8473->8473,as_transition,intra_as_hop_pair,2,2,0.0013271400132714001,6,False,False,False,False,1507,809,378,2,0
SE,5011,dns-root_c-root_msm5011_20260701T000000Z_010000Z.json,3301->3301,as_transition,intra_as_hop_pair,2,2,0.0013271400132714001,7,False,False,False,False,1507,809,378,2,0
SG,5011,dns-root_c-root_msm5011_20260701T000000Z_010000Z.json,7473->6762,as_transition,cross_as_transition,13,13,0.41935483870967744,1,True,False,False,False,31,17,9,0,13
SG,5011,dns-root_c-root_msm5011_20260701T000000Z_010000Z.json,15412->15412,as_transition,intra_as_hop_pair,10,10,0.3225806451612903,2,False,True,False,False,31,17,9,0,10
SG,5011,dns-root_c-root_msm5011_20260701T000000Z_010000Z.json,9002->9002,as_transition,intra_as_hop_pair,6,6,0.1935483870967742,3,False,False,True,False,31,17,9,0,6
SG,5011,dns-root_c-root_msm5011_20260701T000000Z_010000Z.json,152144->174,as_transition,cross_as_transition,2,2,0.06451612903225806,4,False,False,False,False,31,17,9,0,2
SL,5011,dns-root_c-root_msm5011_20260701T000000Z_010000Z.json,329109->60171,as_transition,cross_as_transition,2,2,1.0,1,True,False,False,False,2,1,1,0,2
SN,5011,dns-root_c-root_msm5011_20260701T000000Z_010000Z.json,8346->6453,as_transition,cross_as_transition,1,1,1.0,1,True,False,False,False,1,1,1,0,1
TH,5011,dns-root_c-root_msm5011_20260701T000000Z_010000Z.json,38040->38040,as_transition,intra_as_hop_pair,4,4,0.6666666666666666,1,True,False,False,False,6,3,2,0,4
TH,5011,dns-root_c-root_msm5011_20260701T000000Z_010000Z.json,58453->58453,as_transition,intra_as_hop_pair,2,2,0.3333333333333333,2,False,True,False,False,6,3,2,0,2
TO,5011,dns-root_c-root_msm5011_20260701T000000Z_010000Z.json,24390->24390,as_transition,intra_as_hop_pair,2,2,1.0,1,True,False,False,False,2,1,1,0,2
TW,5011,dns-root_c-root_msm5011_20260701T000000Z_010000Z.json,COUNTRY_FALLBACK:TW->TW,country_fallback,country_fallback,91,91,0.6319444444444444,1,True,False,False,True,144,54,14,91,0
TW,5011,dns-root_c-root_msm5011_20260701T000000Z_010000Z.json,3491->3491,as_transition,intra_as_hop_pair,15,15,0.10416666666666667,2,False,True,False,False,144,54,14,0,15
TW,5011,dns-root_c-root_msm5011_20260701T000000Z_010000Z.json,3462->9680,as_transition,cross_as_transition,7,7,0.04861111111111111,3,False,False,True,False,144,54,14,7,0
TW,5011,dns-root_c-root_msm5011_20260701T000000Z_010000Z.json,9505->9505,as_transition,intra_as_hop_pair,5,5,0.034722222222222224,4,False,False,False,False,144,54,14,0,5
TW,5011,dns-root_c-root_msm5011_20260701T000000Z_010000Z.json,4780->4780,as_transition,intra_as_hop_pair,5,5,0.034722222222222224,5,False,False,False,False,144,54,14,5,0
TW,5011,dns-root_c-root_msm5011_20260701T000000Z_010000Z.json,7539->3491,as_transition,cross_as_transition,4,4,0.027777777777777776,6,False,False,False,False,144,54,14,4,0
TW,5011,dns-root_c-root_msm5011_20260701T000000Z_010000Z.json,1659->1659,as_transition,intra_as_hop_pair,4,4,0.027777777777777776,7,False,False,False,False,144,54,14,4,0
TW,5011,dns-root_c-root_msm5011_20260701T000000Z_010000Z.json,3462->3462,as_transition,intra_as_hop_pair,3,3,0.020833333333333332,8,False,False,False,False,144,54,14,3,0
TW,5011,dns-root_c-root_msm5011_20260701T000000Z_010000Z.json,3491->174,as_transition,cross_as_transition,3,3,0.020833333333333332,9,False,False,False,False,144,54,14,0,3
TW,5011,dns-root_c-root_msm5011_20260701T000000Z_010000Z.json,7539->7539,as_transition,intra_as_hop_pair,3,3,0.020833333333333332,10,False,False,False,False,144,54,14,3,0
TW,5011,dns-root_c-root_msm5011_20260701T000000Z_010000Z.json,4637->4637,as_transition,intra_as_hop_pair,2,2,0.013888888888888888,11,False,False,False,False,144,54,14,0,2
TW,5011,dns-root_c-root_msm5011_20260701T000000Z_010000Z.json,4780->3491,as_transition,cross_as_transition,1,1,0.006944444444444444,12,False,False,False,False,144,54,14,0,1
TW,5011,dns-root_c-root_msm5011_20260701T000000Z_010000Z.json,3462->174,as_transition,cross_as_transition,1,1,0.006944444444444444,13,False,False,False,False,144,54,14,0,1
TZ,5011,dns-root_c-root_msm5011_20260701T000000Z_010000Z.json,37035->37662,as_transition,cross_as_transition,2,2,1.0,1,True,False,False,False,2,1,1,0,2
US,5011,dns-root_c-root_msm5011_20260701T000000Z_010000Z.json,137409->7578,as_transition,cross_as_transition,14,14,0.2028985507246377,1,True,False,False,False,69,41,23,0,14
US,5011,dns-root_c-root_msm5011_20260701T000000Z_010000Z.json,174->174,as_transition,intra_as_hop_pair,10,10,0.14492753623188406,2,False,True,False,False,69,41,23,8,2
US,5011,dns-root_c-root_msm5011_20260701T000000Z_010000Z.json,23520->23520,as_transition,intra_as_hop_pair,10,10,0.14492753623188406,3,False,False,True,False,69,41,23,7,3
US,5011,dns-root_c-root_msm5011_20260701T000000Z_010000Z.json,6461->6461,as_transition,intra_as_hop_pair,7,7,0.10144927536231885,4,False,False,False,False,69,41,23,0,7
US,5011,dns-root_c-root_msm5011_20260701T000000Z_010000Z.json,7922->7922,as_transition,intra_as_hop_pair,5,5,0.07246376811594203,5,False,False,False,False,69,41,23,5,0
US,5011,dns-root_c-root_msm5011_20260701T000000Z_010000Z.json,3356->3356,as_transition,intra_as_hop_pair,4,4,0.057971014492753624,6,False,False,False,False,69,41,23,0,4
US,5011,dns-root_c-root_msm5011_20260701T000000Z_010000Z.json,1299->1299,as_transition,intra_as_hop_pair,4,4,0.057971014492753624,7,False,False,False,False,69,41,23,4,0
US,5011,dns-root_c-root_msm5011_20260701T000000Z_010000Z.json,26370->20055,as_transition,cross_as_transition,2,2,0.028985507246376812,8,False,False,False,False,69,41,23,2,0
US,5011,dns-root_c-root_msm5011_20260701T000000Z_010000Z.json,63479->63479,as_transition,intra_as_hop_pair,2,2,0.028985507246376812,9,False,False,False,False,69,41,23,2,0
US,5011,dns-root_c-root_msm5011_20260701T000000Z_010000Z.json,17456->17456,as_transition,intra_as_hop_pair,2,2,0.028985507246376812,10,False,False,False,False,69,41,23,2,0
US,5011,dns-root_c-root_msm5011_20260701T000000Z_010000Z.json,7018->7018,as_transition,intra_as_hop_pair,2,2,0.028985507246376812,11,False,False,False,False,69,41,23,2,0
US,5011,dns-root_c-root_msm5011_20260701T000000Z_010000Z.json,19518->19518,as_transition,intra_as_hop_pair,2,2,0.028985507246376812,12,False,False,False,False,69,41,23,2,0
US,5011,dns-root_c-root_msm5011_20260701T000000Z_010000Z.json,4826->4826,as_transition,intra_as_hop_pair,2,2,0.028985507246376812,13,False,False,False,False,69,41,23,0,2
US,5011,dns-root_c-root_msm5011_20260701T000000Z_010000Z.json,207036->207036,as_transition,intra_as_hop_pair,1,1,0.014492753623188406,14,False,False,False,False,69,41,23,0,1
US,5011,dns-root_c-root_msm5011_20260701T000000Z_010000Z.json,20001->20001,as_transition,intra_as_hop_pair,1,1,0.014492753623188406,15,False,False,False,False,69,41,23,1,0
US,5011,dns-root_c-root_msm5011_20260701T000000Z_010000Z.json,1299->174,as_transition,cross_as_transition,1,1,0.014492753623188406,16,False,False,False,False,69,41,23,1,0
VI,5011,dns-root_c-root_msm5011_20260701T000000Z_010000Z.json,14434->14434,as_transition,intra_as_hop_pair,3,3,1.0,1,True,False,False,False,3,2,1,0,3
VN,5011,dns-root_c-root_msm5011_20260701T000000Z_010000Z.json,45899->45899,as_transition,intra_as_hop_pair,1,1,1.0,1,True,False,False,False,1,1,1,0,1
ZA,5011,dns-root_c-root_msm5011_20260701T000000Z_010000Z.json,37468->37468,as_transition,intra_as_hop_pair,27,27,0.6136363636363636,1,True,False,False,False,44,26,12,0,27
ZA,5011,dns-root_c-root_msm5011_20260701T000000Z_010000Z.json,37100->37100,as_transition,intra_as_hop_pair,11,11,0.25,2,False,True,False,False,44,26,12,1,10
ZA,5011,dns-root_c-root_msm5011_20260701T000000Z_010000Z.json,37640->60171,as_transition,cross_as_transition,6,6,0.13636363636363635,3,False,False,True,False,44,26,12,0,6
