probe_country,service_id,msm_id,file_name,total_mappable_segments,top1_network_transition_share,top2_network_transition_share,top3_network_transition_share,effective_network_transition_count,network_transition_concentration_tier,top1_corridor_share,top2_corridor_share,top3_corridor_share,effective_corridor_count,corridor_concentration_tier,cross_layer_distribution_class,country_fallback_share,auditable_cross_layer_case,sufficient_trace_observation,sufficient_corridor_observation,sufficient_network_transition_resolution,auditable_paper_case,observation_sufficiency_reason,failed_thresholds,unique_probes,unique_probe_asns,domestic_segment_share,international_segment_share,analysis_scope
AE,F-Root,5004,dns-root_f-root_msm5004_20260701T000000Z_010000Z.json,24,0.3333333333333333,0.41666666666666663,0.5,7.55952629936924,broad_network_transition_distribution,0.5833333333333334,0.8333333333333334,0.9166666666666667,2.930401147318948,moderate_corridor_observation_concentration,network_broad_physical_concentrated,0.0,False,False,False,True,False,"insufficient_minimum_mappable_segments,minimum_unique_probes","minimum_mappable_segments,minimum_unique_probes",3,3,0.8333333333333334,0.16666666666666666,probe_country_service
AT,F-Root,5004,dns-root_f-root_msm5004_20260701T000000Z_010000Z.json,2,1.0,1.0,1.0,1.0,severe_network_transition_concentration,1.0,1.0,1.0,1.0,severe_corridor_observation_concentration,network_and_physical_both_concentrated,0.0,False,False,False,True,False,"insufficient_minimum_mappable_segments,minimum_unique_probes,minimum_unique_probe_asns","minimum_mappable_segments,minimum_unique_probes,minimum_unique_probe_asns",1,1,1.0,0.0,probe_country_service
AU,F-Root,5004,dns-root_f-root_msm5004_20260701T000000Z_010000Z.json,386,0.12953367875647667,0.18134715025906734,0.23316062176165803,36.07172707146168,broad_network_transition_distribution,0.9870466321243523,0.9948186528497409,1.0,1.081000917286014,severe_corridor_observation_concentration,network_broad_physical_concentrated,0.0,True,True,True,True,True,auditable,,76,43,1.0,0.0,probe_country_service
AX,F-Root,5004,dns-root_f-root_msm5004_20260701T000000Z_010000Z.json,6,1.0,1.0,1.0,1.0,severe_network_transition_concentration,0.6666666666666666,1.0,1.0,1.8898815748423097,moderate_corridor_observation_concentration,network_and_physical_both_concentrated,0.0,False,False,False,True,False,"insufficient_minimum_mappable_segments,minimum_unique_probes,minimum_unique_probe_asns","minimum_mappable_segments,minimum_unique_probes,minimum_unique_probe_asns",1,1,0.6666666666666666,0.3333333333333333,probe_country_service
BB,F-Root,5004,dns-root_f-root_msm5004_20260701T000000Z_010000Z.json,2,1.0,1.0,1.0,1.0,severe_network_transition_concentration,1.0,1.0,1.0,1.0,severe_corridor_observation_concentration,network_and_physical_both_concentrated,0.0,False,False,False,True,False,"insufficient_minimum_mappable_segments,minimum_unique_probes,minimum_unique_probe_asns","minimum_mappable_segments,minimum_unique_probes,minimum_unique_probe_asns",1,1,0.0,1.0,probe_country_service
BH,F-Root,5004,dns-root_f-root_msm5004_20260701T000000Z_010000Z.json,6,1.0,1.0,1.0,1.0,severe_network_transition_concentration,1.0,1.0,1.0,1.0,severe_corridor_observation_concentration,network_and_physical_both_concentrated,0.0,False,False,False,True,False,"insufficient_minimum_mappable_segments,minimum_unique_probes,minimum_unique_probe_asns","minimum_mappable_segments,minimum_unique_probes,minimum_unique_probe_asns",2,1,1.0,0.0,probe_country_service
BJ,F-Root,5004,dns-root_f-root_msm5004_20260701T000000Z_010000Z.json,20,0.3,0.6,0.8999999999999999,3.7204105801130147,weak_network_transition_concentration,0.6,0.8999999999999999,1.0,2.454555595891148,moderate_corridor_observation_concentration,network_broad_physical_concentrated,0.0,False,False,False,True,False,"insufficient_minimum_mappable_segments,minimum_unique_probes,minimum_unique_probe_asns","minimum_mappable_segments,minimum_unique_probes,minimum_unique_probe_asns",3,2,0.6,0.4,probe_country_service
CA,F-Root,5004,dns-root_f-root_msm5004_20260701T000000Z_010000Z.json,361,0.1634349030470914,0.32132963988919666,0.4598337950138504,15.34912928920052,broad_network_transition_distribution,0.8836565096952909,0.9556786703601108,0.9722991689750693,1.6364577309206279,severe_corridor_observation_concentration,network_broad_physical_concentrated,0.0,True,True,True,True,True,auditable,,57,16,0.9667590027700831,0.0332409972299169,probe_country_service
CD,F-Root,5004,dns-root_f-root_msm5004_20260701T000000Z_010000Z.json,1,1.0,1.0,1.0,1.0,severe_network_transition_concentration,1.0,1.0,1.0,1.0,severe_corridor_observation_concentration,network_and_physical_both_concentrated,0.0,False,False,False,True,False,"insufficient_minimum_mappable_segments,minimum_unique_probes,minimum_unique_probe_asns","minimum_mappable_segments,minimum_unique_probes,minimum_unique_probe_asns",1,1,0.0,1.0,probe_country_service
CH,F-Root,5004,dns-root_f-root_msm5004_20260701T000000Z_010000Z.json,71,0.4225352112676056,0.5633802816901409,0.647887323943662,7.764650046505153,broad_network_transition_distribution,1.0,1.0,1.0,1.0,severe_corridor_observation_concentration,network_broad_physical_concentrated,0.0,True,True,True,True,True,auditable,,22,12,1.0,0.0,probe_country_service
CK,F-Root,5004,dns-root_f-root_msm5004_20260701T000000Z_010000Z.json,3,0.6666666666666666,1.0,1.0,1.8898815748423097,moderate_network_transition_concentration,1.0,1.0,1.0,1.0,severe_corridor_observation_concentration,network_and_physical_both_concentrated,0.0,False,False,False,True,False,"insufficient_minimum_mappable_segments,minimum_unique_probes,minimum_unique_probe_asns","minimum_mappable_segments,minimum_unique_probes,minimum_unique_probe_asns",1,1,1.0,0.0,probe_country_service
CN,F-Root,5004,dns-root_f-root_msm5004_20260701T000000Z_010000Z.json,35,0.3142857142857143,0.5428571428571428,0.6571428571428571,6.36695915095964,broad_network_transition_distribution,0.6285714285714286,0.8571428571428571,1.0,2.477342629233901,moderate_corridor_observation_concentration,network_broad_physical_concentrated,0.0,False,False,False,True,False,insufficient_minimum_unique_probes,minimum_unique_probes,7,5,1.0,0.0,probe_country_service
CR,F-Root,5004,dns-root_f-root_msm5004_20260701T000000Z_010000Z.json,2,1.0,1.0,1.0,1.0,severe_network_transition_concentration,1.0,1.0,1.0,1.0,severe_corridor_observation_concentration,network_and_physical_both_concentrated,0.0,False,False,False,True,False,"insufficient_minimum_mappable_segments,minimum_unique_probes,minimum_unique_probe_asns","minimum_mappable_segments,minimum_unique_probes,minimum_unique_probe_asns",1,1,1.0,0.0,probe_country_service
CV,F-Root,5004,dns-root_f-root_msm5004_20260701T000000Z_010000Z.json,18,0.3333333333333333,0.6666666666666666,0.7777777777777777,4.326748710922226,broad_network_transition_distribution,0.5555555555555556,0.8888888888888888,1.0,2.552027924280892,moderate_corridor_observation_concentration,network_broad_physical_concentrated,0.0,False,False,False,True,False,"insufficient_minimum_mappable_segments,minimum_unique_probes,minimum_unique_probe_asns","minimum_mappable_segments,minimum_unique_probes,minimum_unique_probe_asns",4,2,0.8888888888888888,0.1111111111111111,probe_country_service
CW,F-Root,5004,dns-root_f-root_msm5004_20260701T000000Z_010000Z.json,2,1.0,1.0,1.0,1.0,severe_network_transition_concentration,1.0,1.0,1.0,1.0,severe_corridor_observation_concentration,network_and_physical_both_concentrated,0.0,False,False,False,True,False,"insufficient_minimum_mappable_segments,minimum_unique_probes,minimum_unique_probe_asns","minimum_mappable_segments,minimum_unique_probes,minimum_unique_probe_asns",1,1,0.0,1.0,probe_country_service
DE,F-Root,5004,dns-root_f-root_msm5004_20260701T000000Z_010000Z.json,35,0.6571428571428571,0.7142857142857143,0.7714285714285715,3.657714073807651,weak_network_transition_concentration,0.8285714285714286,0.942857142857143,1.0,1.76343020722236,severe_corridor_observation_concentration,network_broad_physical_concentrated,0.0,False,False,False,True,False,insufficient_minimum_unique_probes,minimum_unique_probes,9,4,1.0,0.0,probe_country_service
DJ,F-Root,5004,dns-root_f-root_msm5004_20260701T000000Z_010000Z.json,4,0.5,1.0,1.0,2.0,moderate_network_transition_concentration,0.5,1.0,1.0,2.0,moderate_corridor_observation_concentration,network_and_physical_both_concentrated,0.0,False,False,False,True,False,"insufficient_minimum_mappable_segments,minimum_unique_probes,minimum_unique_probe_asns","minimum_mappable_segments,minimum_unique_probes,minimum_unique_probe_asns",1,1,0.0,1.0,probe_country_service
DK,F-Root,5004,dns-root_f-root_msm5004_20260701T000000Z_010000Z.json,618,0.20711974110032363,0.3268608414239482,0.43042071197411,19.939653767045627,broad_network_transition_distribution,0.9077669902912622,0.953074433656958,0.9919093851132686,1.4876694222704492,severe_corridor_observation_concentration,network_broad_physical_concentrated,0.0,True,True,True,True,True,auditable,,95,28,0.9401294498381877,0.059870550161812294,probe_country_service
DO,F-Root,5004,dns-root_f-root_msm5004_20260701T000000Z_010000Z.json,4,0.5,1.0,1.0,2.0,moderate_network_transition_concentration,0.5,1.0,1.0,2.0,moderate_corridor_observation_concentration,network_and_physical_both_concentrated,0.0,False,False,False,True,False,"insufficient_minimum_mappable_segments,minimum_unique_probes,minimum_unique_probe_asns","minimum_mappable_segments,minimum_unique_probes,minimum_unique_probe_asns",1,1,0.0,1.0,probe_country_service
EE,F-Root,5004,dns-root_f-root_msm5004_20260701T000000Z_010000Z.json,12,1.0,1.0,1.0,1.0,severe_network_transition_concentration,1.0,1.0,1.0,1.0,severe_corridor_observation_concentration,network_and_physical_both_concentrated,0.0,False,False,False,True,False,"insufficient_minimum_mappable_segments,minimum_unique_probes,minimum_unique_probe_asns","minimum_mappable_segments,minimum_unique_probes,minimum_unique_probe_asns",3,2,0.0,1.0,probe_country_service
ES,F-Root,5004,dns-root_f-root_msm5004_20260701T000000Z_010000Z.json,28,0.42857142857142855,0.7142857142857142,0.8571428571428571,3.8859514276324125,weak_network_transition_concentration,0.5357142857142857,0.7857142857142857,0.8571428571428571,3.6767624307436404,weak_corridor_observation_concentration,network_and_physical_both_concentrated,0.0,False,False,False,True,False,"insufficient_minimum_mappable_segments,minimum_unique_probes","minimum_mappable_segments,minimum_unique_probes",7,4,0.9642857142857143,0.03571428571428571,probe_country_service
FI,F-Root,5004,dns-root_f-root_msm5004_20260701T000000Z_010000Z.json,19,0.3157894736842105,0.5789473684210527,0.7894736842105263,3.94078923921764,weak_network_transition_concentration,0.7368421052631579,1.0,1.0,1.779503028335461,moderate_corridor_observation_concentration,network_broad_physical_concentrated,0.0,False,False,False,True,False,"insufficient_minimum_mappable_segments,minimum_unique_probes,minimum_unique_probe_asns","minimum_mappable_segments,minimum_unique_probes,minimum_unique_probe_asns",5,2,1.0,0.0,probe_country_service
FJ,F-Root,5004,dns-root_f-root_msm5004_20260701T000000Z_010000Z.json,4,0.25,0.5,0.75,4.0,weak_network_transition_concentration,1.0,1.0,1.0,1.0,severe_corridor_observation_concentration,network_broad_physical_concentrated,0.0,False,False,False,True,False,"insufficient_minimum_mappable_segments,minimum_unique_probes,minimum_unique_probe_asns","minimum_mappable_segments,minimum_unique_probes,minimum_unique_probe_asns",1,1,1.0,0.0,probe_country_service
FM,F-Root,5004,dns-root_f-root_msm5004_20260701T000000Z_010000Z.json,9,0.6666666666666666,1.0,1.0,1.8898815748423097,moderate_network_transition_concentration,1.0,1.0,1.0,1.0,severe_corridor_observation_concentration,network_and_physical_both_concentrated,0.0,False,False,False,True,False,"insufficient_minimum_mappable_segments,minimum_unique_probes,minimum_unique_probe_asns","minimum_mappable_segments,minimum_unique_probes,minimum_unique_probe_asns",2,1,1.0,0.0,probe_country_service
GB,F-Root,5004,dns-root_f-root_msm5004_20260701T000000Z_010000Z.json,2,1.0,1.0,1.0,1.0,severe_network_transition_concentration,1.0,1.0,1.0,1.0,severe_corridor_observation_concentration,network_and_physical_both_concentrated,0.0,False,False,False,True,False,"insufficient_minimum_mappable_segments,minimum_unique_probes,minimum_unique_probe_asns","minimum_mappable_segments,minimum_unique_probes,minimum_unique_probe_asns",1,1,1.0,0.0,probe_country_service
GG,F-Root,5004,dns-root_f-root_msm5004_20260701T000000Z_010000Z.json,4,1.0,1.0,1.0,1.0,severe_network_transition_concentration,1.0,1.0,1.0,1.0,severe_corridor_observation_concentration,network_and_physical_both_concentrated,0.0,False,False,False,True,False,"insufficient_minimum_mappable_segments,minimum_unique_probes,minimum_unique_probe_asns","minimum_mappable_segments,minimum_unique_probes,minimum_unique_probe_asns",1,1,1.0,0.0,probe_country_service
GH,F-Root,5004,dns-root_f-root_msm5004_20260701T000000Z_010000Z.json,4,0.5,1.0,1.0,2.0,moderate_network_transition_concentration,1.0,1.0,1.0,1.0,severe_corridor_observation_concentration,network_and_physical_both_concentrated,0.0,False,False,False,True,False,"insufficient_minimum_mappable_segments,minimum_unique_probes,minimum_unique_probe_asns","minimum_mappable_segments,minimum_unique_probes,minimum_unique_probe_asns",2,2,0.0,1.0,probe_country_service
GP,F-Root,5004,dns-root_f-root_msm5004_20260701T000000Z_010000Z.json,4,1.0,1.0,1.0,1.0,severe_network_transition_concentration,0.5,1.0,1.0,2.0,moderate_corridor_observation_concentration,network_and_physical_both_concentrated,0.0,False,False,False,True,False,"insufficient_minimum_mappable_segments,minimum_unique_probes,minimum_unique_probe_asns","minimum_mappable_segments,minimum_unique_probes,minimum_unique_probe_asns",1,1,0.5,0.5,probe_country_service
GQ,F-Root,5004,dns-root_f-root_msm5004_20260701T000000Z_010000Z.json,1,1.0,1.0,1.0,1.0,severe_network_transition_concentration,1.0,1.0,1.0,1.0,severe_corridor_observation_concentration,network_and_physical_both_concentrated,0.0,False,False,False,True,False,"insufficient_minimum_mappable_segments,minimum_unique_probes,minimum_unique_probe_asns","minimum_mappable_segments,minimum_unique_probes,minimum_unique_probe_asns",1,1,1.0,0.0,probe_country_service
GU,F-Root,5004,dns-root_f-root_msm5004_20260701T000000Z_010000Z.json,29,0.5517241379310345,0.6896551724137931,0.8275862068965517,3.824838061861593,weak_network_transition_concentration,0.8275862068965517,0.896551724137931,0.9310344827586207,1.992477942552942,severe_corridor_observation_concentration,network_broad_physical_concentrated,0.0,False,False,False,True,False,"insufficient_minimum_mappable_segments,minimum_unique_probes","minimum_mappable_segments,minimum_unique_probes",7,3,0.9655172413793104,0.034482758620689655,probe_country_service
HK,F-Root,5004,dns-root_f-root_msm5004_20260701T000000Z_010000Z.json,199,0.20100502512562815,0.2814070351758794,0.35175879396984927,21.877458464229335,broad_network_transition_distribution,0.9396984924623115,1.0,1.0,1.2558295201727308,severe_corridor_observation_concentration,network_broad_physical_concentrated,0.0,True,True,True,True,True,auditable,,38,25,0.9949748743718593,0.005025125628140704,probe_country_service
ID,F-Root,5004,dns-root_f-root_msm5004_20260701T000000Z_010000Z.json,328,0.1676829268292683,0.25,0.2957317073170732,42.11134586885371,broad_network_transition_distribution,0.8689024390243902,0.9390243902439024,0.9634146341463414,1.773452744357358,severe_corridor_observation_concentration,network_broad_physical_concentrated,0.0,True,True,True,True,True,auditable,,65,47,0.9908536585365854,0.009146341463414634,probe_country_service
IL,F-Root,5004,dns-root_f-root_msm5004_20260701T000000Z_010000Z.json,117,0.3076923076923077,0.5384615384615385,0.7264957264957266,6.725821959220864,broad_network_transition_distribution,1.0,1.0,1.0,1.0,severe_corridor_observation_concentration,network_broad_physical_concentrated,0.0,True,True,True,True,True,auditable,,23,10,1.0,0.0,probe_country_service
IM,F-Root,5004,dns-root_f-root_msm5004_20260701T000000Z_010000Z.json,7,0.7142857142857143,1.0,1.0,1.8189685116531733,moderate_network_transition_concentration,1.0,1.0,1.0,1.0,severe_corridor_observation_concentration,network_and_physical_both_concentrated,0.0,False,False,False,True,False,"insufficient_minimum_mappable_segments,minimum_unique_probes,minimum_unique_probe_asns","minimum_mappable_segments,minimum_unique_probes,minimum_unique_probe_asns",2,2,1.0,0.0,probe_country_service
IN,F-Root,5004,dns-root_f-root_msm5004_20260701T000000Z_010000Z.json,5,0.4,0.8,1.0,2.8717458874925876,moderate_network_transition_concentration,1.0,1.0,1.0,1.0,severe_corridor_observation_concentration,network_and_physical_both_concentrated,0.0,False,False,False,True,False,"insufficient_minimum_mappable_segments,minimum_unique_probes","minimum_mappable_segments,minimum_unique_probes",4,3,1.0,0.0,probe_country_service
IT,F-Root,5004,dns-root_f-root_msm5004_20260701T000000Z_010000Z.json,2,1.0,1.0,1.0,1.0,severe_network_transition_concentration,1.0,1.0,1.0,1.0,severe_corridor_observation_concentration,network_and_physical_both_concentrated,0.0,False,False,False,True,False,"insufficient_minimum_mappable_segments,minimum_unique_probes,minimum_unique_probe_asns","minimum_mappable_segments,minimum_unique_probes,minimum_unique_probe_asns",1,1,1.0,0.0,probe_country_service
JP,F-Root,5004,dns-root_f-root_msm5004_20260701T000000Z_010000Z.json,10,0.8,1.0,1.0,1.6493848884661177,severe_network_transition_concentration,1.0,1.0,1.0,1.0,severe_corridor_observation_concentration,network_and_physical_both_concentrated,0.0,False,False,False,True,False,"insufficient_minimum_mappable_segments,minimum_unique_probes,minimum_unique_probe_asns","minimum_mappable_segments,minimum_unique_probes,minimum_unique_probe_asns",1,1,1.0,0.0,probe_country_service
KE,F-Root,5004,dns-root_f-root_msm5004_20260701T000000Z_010000Z.json,4,0.5,1.0,1.0,2.0,moderate_network_transition_concentration,0.5,1.0,1.0,2.0,moderate_corridor_observation_concentration,network_and_physical_both_concentrated,0.0,False,False,False,True,False,"insufficient_minimum_mappable_segments,minimum_unique_probes,minimum_unique_probe_asns","minimum_mappable_segments,minimum_unique_probes,minimum_unique_probe_asns",1,1,0.5,0.5,probe_country_service
KH,F-Root,5004,dns-root_f-root_msm5004_20260701T000000Z_010000Z.json,4,0.5,1.0,1.0,2.0,moderate_network_transition_concentration,1.0,1.0,1.0,1.0,severe_corridor_observation_concentration,network_and_physical_both_concentrated,0.0,False,False,False,True,False,"insufficient_minimum_mappable_segments,minimum_unique_probes,minimum_unique_probe_asns","minimum_mappable_segments,minimum_unique_probes,minimum_unique_probe_asns",1,1,1.0,0.0,probe_country_service
KI,F-Root,5004,dns-root_f-root_msm5004_20260701T000000Z_010000Z.json,6,0.6666666666666666,1.0,1.0,1.8898815748423097,moderate_network_transition_concentration,1.0,1.0,1.0,1.0,severe_corridor_observation_concentration,network_and_physical_both_concentrated,0.0,False,False,False,True,False,"insufficient_minimum_mappable_segments,minimum_unique_probes,minimum_unique_probe_asns","minimum_mappable_segments,minimum_unique_probes,minimum_unique_probe_asns",2,1,1.0,0.0,probe_country_service
KN,F-Root,5004,dns-root_f-root_msm5004_20260701T000000Z_010000Z.json,2,1.0,1.0,1.0,1.0,severe_network_transition_concentration,1.0,1.0,1.0,1.0,severe_corridor_observation_concentration,network_and_physical_both_concentrated,0.0,False,False,False,True,False,"insufficient_minimum_mappable_segments,minimum_unique_probes,minimum_unique_probe_asns","minimum_mappable_segments,minimum_unique_probes,minimum_unique_probe_asns",1,1,1.0,0.0,probe_country_service
KY,F-Root,5004,dns-root_f-root_msm5004_20260701T000000Z_010000Z.json,2,1.0,1.0,1.0,1.0,severe_network_transition_concentration,1.0,1.0,1.0,1.0,severe_corridor_observation_concentration,network_and_physical_both_concentrated,0.0,False,False,False,True,False,"insufficient_minimum_mappable_segments,minimum_unique_probes,minimum_unique_probe_asns","minimum_mappable_segments,minimum_unique_probes,minimum_unique_probe_asns",1,1,0.0,1.0,probe_country_service
LA,F-Root,5004,dns-root_f-root_msm5004_20260701T000000Z_010000Z.json,2,1.0,1.0,1.0,1.0,severe_network_transition_concentration,1.0,1.0,1.0,1.0,severe_corridor_observation_concentration,network_and_physical_both_concentrated,0.0,False,False,False,True,False,"insufficient_minimum_mappable_segments,minimum_unique_probes,minimum_unique_probe_asns","minimum_mappable_segments,minimum_unique_probes,minimum_unique_probe_asns",1,1,1.0,0.0,probe_country_service
LC,F-Root,5004,dns-root_f-root_msm5004_20260701T000000Z_010000Z.json,2,1.0,1.0,1.0,1.0,severe_network_transition_concentration,1.0,1.0,1.0,1.0,severe_corridor_observation_concentration,network_and_physical_both_concentrated,0.0,False,False,False,True,False,"insufficient_minimum_mappable_segments,minimum_unique_probes,minimum_unique_probe_asns","minimum_mappable_segments,minimum_unique_probes,minimum_unique_probe_asns",1,1,0.0,1.0,probe_country_service
LK,F-Root,5004,dns-root_f-root_msm5004_20260701T000000Z_010000Z.json,10,0.4,0.7,1.0,2.971004096610006,weak_network_transition_concentration,0.7,1.0,1.0,1.8420227750373133,moderate_corridor_observation_concentration,network_broad_physical_concentrated,0.0,False,False,False,True,False,"insufficient_minimum_mappable_segments,minimum_unique_probes,minimum_unique_probe_asns","minimum_mappable_segments,minimum_unique_probes,minimum_unique_probe_asns",2,2,0.7,0.3,probe_country_service
ML,F-Root,5004,dns-root_f-root_msm5004_20260701T000000Z_010000Z.json,11,0.7272727272727273,0.9090909090909092,1.0,2.137308637435014,moderate_network_transition_concentration,0.9090909090909091,1.0,1.0,1.3561314133862727,severe_corridor_observation_concentration,network_and_physical_both_concentrated,0.0,False,False,False,True,False,"insufficient_minimum_mappable_segments,minimum_unique_probes,minimum_unique_probe_asns","minimum_mappable_segments,minimum_unique_probes,minimum_unique_probe_asns",1,1,0.9090909090909091,0.09090909090909091,probe_country_service
MM,F-Root,5004,dns-root_f-root_msm5004_20260701T000000Z_010000Z.json,21,0.42857142857142855,0.7142857142857142,1.0,2.941713421083178,weak_network_transition_concentration,0.8571428571428571,1.0,1.0,1.5069930657725377,severe_corridor_observation_concentration,network_broad_physical_concentrated,0.0,False,False,False,True,False,"insufficient_minimum_mappable_segments,minimum_unique_probes","minimum_mappable_segments,minimum_unique_probes",3,3,0.8571428571428571,0.14285714285714285,probe_country_service
MP,F-Root,5004,dns-root_f-root_msm5004_20260701T000000Z_010000Z.json,2,1.0,1.0,1.0,1.0,severe_network_transition_concentration,1.0,1.0,1.0,1.0,severe_corridor_observation_concentration,network_and_physical_both_concentrated,0.0,False,False,False,True,False,"insufficient_minimum_mappable_segments,minimum_unique_probes,minimum_unique_probe_asns","minimum_mappable_segments,minimum_unique_probes,minimum_unique_probe_asns",1,1,0.0,1.0,probe_country_service
MT,F-Root,5004,dns-root_f-root_msm5004_20260701T000000Z_010000Z.json,34,0.35294117647058826,0.6470588235294118,0.7647058823529412,5.18576219053723,broad_network_transition_distribution,0.9411764705882353,1.0,1.0,1.2507183622782252,severe_corridor_observation_concentration,network_broad_physical_concentrated,0.0,False,False,False,True,False,"insufficient_minimum_unique_probes,minimum_unique_probe_asns","minimum_unique_probes,minimum_unique_probe_asns",8,2,0.9411764705882353,0.058823529411764705,probe_country_service
MV,F-Root,5004,dns-root_f-root_msm5004_20260701T000000Z_010000Z.json,60,0.7333333333333333,0.7999999999999999,0.8333333333333333,3.0383907291614936,weak_network_transition_concentration,0.8666666666666667,0.9333333333333333,0.9666666666666667,1.7011489969890363,severe_corridor_observation_concentration,network_broad_physical_concentrated,0.0,True,True,True,True,True,auditable,,10,3,0.9333333333333333,0.06666666666666667,probe_country_service
MX,F-Root,5004,dns-root_f-root_msm5004_20260701T000000Z_010000Z.json,4,0.5,1.0,1.0,2.0,moderate_network_transition_concentration,0.5,1.0,1.0,2.0,moderate_corridor_observation_concentration,network_and_physical_both_concentrated,0.0,False,False,False,True,False,"insufficient_minimum_mappable_segments,minimum_unique_probes,minimum_unique_probe_asns","minimum_mappable_segments,minimum_unique_probes,minimum_unique_probe_asns",1,1,0.5,0.5,probe_country_service
MY,F-Root,5004,dns-root_f-root_msm5004_20260701T000000Z_010000Z.json,22,0.18181818181818182,0.36363636363636365,0.5454545454545454,7.536930415960684,broad_network_transition_distribution,1.0,1.0,1.0,1.0,severe_corridor_observation_concentration,network_broad_physical_concentrated,0.0,False,False,False,True,False,"insufficient_minimum_mappable_segments,minimum_unique_probes,minimum_unique_probe_asns","minimum_mappable_segments,minimum_unique_probes,minimum_unique_probe_asns",2,2,0.9090909090909091,0.09090909090909091,probe_country_service
NA,F-Root,5004,dns-root_f-root_msm5004_20260701T000000Z_010000Z.json,1049,0.14204003813155386,0.2554814108674929,0.27931363203050524,80.11327523636366,broad_network_transition_distribution,0.18970448045757865,0.3247537337146489,0.43342866221798537,17.092957319211724,broad_corridor_observation_distribution,network_and_physical_both_broad,0.0,False,False,False,True,False,insufficient_minimum_unique_probe_asns,minimum_unique_probe_asns,42,1,0.9399428026692087,0.06005719733079123,probe_country_service
NC,F-Root,5004,dns-root_f-root_msm5004_20260701T000000Z_010000Z.json,20,0.5,0.9,1.0,2.568567607415555,moderate_network_transition_concentration,1.0,1.0,1.0,1.0,severe_corridor_observation_concentration,network_and_physical_both_concentrated,0.0,False,False,False,True,False,"insufficient_minimum_mappable_segments,minimum_unique_probes,minimum_unique_probe_asns","minimum_mappable_segments,minimum_unique_probes,minimum_unique_probe_asns",5,2,1.0,0.0,probe_country_service
NL,F-Root,5004,dns-root_f-root_msm5004_20260701T000000Z_010000Z.json,4,0.5,1.0,1.0,2.0,moderate_network_transition_concentration,1.0,1.0,1.0,1.0,severe_corridor_observation_concentration,network_and_physical_both_concentrated,0.0,False,False,False,True,False,"insufficient_minimum_mappable_segments,minimum_unique_probes,minimum_unique_probe_asns","minimum_mappable_segments,minimum_unique_probes,minimum_unique_probe_asns",1,1,0.5,0.5,probe_country_service
NO,F-Root,5004,dns-root_f-root_msm5004_20260701T000000Z_010000Z.json,401,0.2169576059850374,0.36159600997506236,0.45386533665835416,16.680507455345936,broad_network_transition_distribution,0.8042394014962594,0.8678304239401496,0.8952618453865338,2.491804943250277,severe_corridor_observation_concentration,network_broad_physical_concentrated,0.0,True,True,True,True,True,auditable,,68,25,0.9975062344139651,0.0024937655860349127,probe_country_service
NZ,F-Root,5004,dns-root_f-root_msm5004_20260701T000000Z_010000Z.json,412,0.19902912621359223,0.3713592233009709,0.47815533980582525,18.271295916383984,broad_network_transition_distribution,0.7718446601941747,0.9781553398058253,0.9951456310679612,1.8600846276768712,moderate_corridor_observation_concentration,network_broad_physical_concentrated,0.0,True,True,True,True,True,auditable,,55,26,1.0,0.0,probe_country_service
PA,F-Root,5004,dns-root_f-root_msm5004_20260701T000000Z_010000Z.json,6,0.6666666666666666,1.0,1.0,1.8898815748423097,moderate_network_transition_concentration,0.6666666666666666,1.0,1.0,1.8898815748423097,moderate_corridor_observation_concentration,network_and_physical_both_concentrated,0.0,False,False,False,True,False,"insufficient_minimum_mappable_segments,minimum_unique_probes,minimum_unique_probe_asns","minimum_mappable_segments,minimum_unique_probes,minimum_unique_probe_asns",2,1,0.6666666666666666,0.3333333333333333,probe_country_service
PE,F-Root,5004,dns-root_f-root_msm5004_20260701T000000Z_010000Z.json,5,0.6,1.0,1.0,1.9601317042077895,moderate_network_transition_concentration,1.0,1.0,1.0,1.0,severe_corridor_observation_concentration,network_and_physical_both_concentrated,0.0,False,False,False,True,False,"insufficient_minimum_mappable_segments,minimum_unique_probes","minimum_mappable_segments,minimum_unique_probes",3,3,0.0,1.0,probe_country_service
PG,F-Root,5004,dns-root_f-root_msm5004_20260701T000000Z_010000Z.json,6,0.3333333333333333,0.6666666666666666,1.0,2.9999999999999996,weak_network_transition_concentration,0.6666666666666666,1.0,1.0,1.8898815748423097,moderate_corridor_observation_concentration,network_broad_physical_concentrated,0.0,False,False,False,True,False,"insufficient_minimum_mappable_segments,minimum_unique_probes,minimum_unique_probe_asns","minimum_mappable_segments,minimum_unique_probes,minimum_unique_probe_asns",1,1,0.6666666666666666,0.3333333333333333,probe_country_service
PH,F-Root,5004,dns-root_f-root_msm5004_20260701T000000Z_010000Z.json,148,0.1891891891891892,0.30405405405405406,0.40540540540540543,19.063803149736792,broad_network_transition_distribution,0.41216216216216217,0.6418918918918919,0.75,5.740258310232495,broad_corridor_observation_distribution,network_and_physical_both_broad,0.0,True,True,True,True,True,auditable,,17,9,0.7635135135135135,0.23648648648648649,probe_country_service
PK,F-Root,5004,dns-root_f-root_msm5004_20260701T000000Z_010000Z.json,11,0.5454545454545454,0.7272727272727273,0.8181818181818181,3.649335754063105,weak_network_transition_concentration,1.0,1.0,1.0,1.0,severe_corridor_observation_concentration,network_broad_physical_concentrated,0.0,False,False,False,True,False,"insufficient_minimum_mappable_segments,minimum_unique_probes,minimum_unique_probe_asns","minimum_mappable_segments,minimum_unique_probes,minimum_unique_probe_asns",1,1,1.0,0.0,probe_country_service
PT,F-Root,5004,dns-root_f-root_msm5004_20260701T000000Z_010000Z.json,162,0.2037037037037037,0.38888888888888884,0.5,11.873456412567883,broad_network_transition_distribution,0.9629629629629629,0.9876543209876543,1.0,1.1995964024827377,severe_corridor_observation_concentration,network_broad_physical_concentrated,0.0,True,True,True,True,True,auditable,,66,16,1.0,0.0,probe_country_service
RO,F-Root,5004,dns-root_f-root_msm5004_20260701T000000Z_010000Z.json,6,0.6666666666666666,1.0,1.0,1.8898815748423097,moderate_network_transition_concentration,1.0,1.0,1.0,1.0,severe_corridor_observation_concentration,network_and_physical_both_concentrated,0.0,False,False,False,True,False,"insufficient_minimum_mappable_segments,minimum_unique_probes,minimum_unique_probe_asns","minimum_mappable_segments,minimum_unique_probes,minimum_unique_probe_asns",1,1,1.0,0.0,probe_country_service
RU,F-Root,5004,dns-root_f-root_msm5004_20260701T000000Z_010000Z.json,1,1.0,1.0,1.0,1.0,severe_network_transition_concentration,1.0,1.0,1.0,1.0,severe_corridor_observation_concentration,network_and_physical_both_concentrated,0.0,False,False,False,True,False,"insufficient_minimum_mappable_segments,minimum_unique_probes,minimum_unique_probe_asns","minimum_mappable_segments,minimum_unique_probes,minimum_unique_probe_asns",1,1,1.0,0.0,probe_country_service
SE,F-Root,5004,dns-root_f-root_msm5004_20260701T000000Z_010000Z.json,350,0.2342857142857143,0.35714285714285715,0.4542857142857143,13.152368259265467,broad_network_transition_distribution,0.66,0.8142857142857143,0.9342857142857143,2.8773290454008733,moderate_corridor_observation_concentration,network_broad_physical_concentrated,0.0,True,True,True,True,True,auditable,,42,15,0.6714285714285714,0.32857142857142857,probe_country_service
SG,F-Root,5004,dns-root_f-root_msm5004_20260701T000000Z_010000Z.json,759,0.30566534914361,0.4005270092226614,0.461133069828722,20.169509906911824,broad_network_transition_distribution,0.9920948616600791,0.9973649538866931,1.0,1.0525000432570502,severe_corridor_observation_concentration,network_broad_physical_concentrated,0.0,True,True,True,True,True,auditable,,106,52,0.997364953886693,0.002635046113306983,probe_country_service
SL,F-Root,5004,dns-root_f-root_msm5004_20260701T000000Z_010000Z.json,2,1.0,1.0,1.0,1.0,severe_network_transition_concentration,1.0,1.0,1.0,1.0,severe_corridor_observation_concentration,network_and_physical_both_concentrated,0.0,False,False,False,True,False,"insufficient_minimum_mappable_segments,minimum_unique_probes,minimum_unique_probe_asns","minimum_mappable_segments,minimum_unique_probes,minimum_unique_probe_asns",1,1,0.0,1.0,probe_country_service
SV,F-Root,5004,dns-root_f-root_msm5004_20260701T000000Z_010000Z.json,1,1.0,1.0,1.0,1.0,severe_network_transition_concentration,1.0,1.0,1.0,1.0,severe_corridor_observation_concentration,network_and_physical_both_concentrated,0.0,False,False,False,True,False,"insufficient_minimum_mappable_segments,minimum_unique_probes,minimum_unique_probe_asns","minimum_mappable_segments,minimum_unique_probes,minimum_unique_probe_asns",1,1,0.0,1.0,probe_country_service
TG,F-Root,5004,dns-root_f-root_msm5004_20260701T000000Z_010000Z.json,2,1.0,1.0,1.0,1.0,severe_network_transition_concentration,1.0,1.0,1.0,1.0,severe_corridor_observation_concentration,network_and_physical_both_concentrated,0.0,False,False,False,True,False,"insufficient_minimum_mappable_segments,minimum_unique_probes,minimum_unique_probe_asns","minimum_mappable_segments,minimum_unique_probes,minimum_unique_probe_asns",1,1,0.0,1.0,probe_country_service
TH,F-Root,5004,dns-root_f-root_msm5004_20260701T000000Z_010000Z.json,6,0.6666666666666666,0.8333333333333333,1.0,2.3811015779522995,moderate_network_transition_concentration,0.3333333333333333,0.6666666666666666,1.0,2.9999999999999996,weak_corridor_observation_concentration,network_and_physical_both_concentrated,0.0,False,False,False,True,False,"insufficient_minimum_mappable_segments,minimum_unique_probes,minimum_unique_probe_asns","minimum_mappable_segments,minimum_unique_probes,minimum_unique_probe_asns",1,1,0.6666666666666666,0.3333333333333333,probe_country_service
TL,F-Root,5004,dns-root_f-root_msm5004_20260701T000000Z_010000Z.json,18,0.5555555555555556,0.8888888888888888,1.0,2.552027924280892,moderate_network_transition_concentration,0.8888888888888888,1.0,1.0,1.4174111811317323,severe_corridor_observation_concentration,network_and_physical_both_concentrated,0.0,False,False,False,True,False,"insufficient_minimum_mappable_segments,minimum_unique_probes,minimum_unique_probe_asns","minimum_mappable_segments,minimum_unique_probes,minimum_unique_probe_asns",3,1,1.0,0.0,probe_country_service
TO,F-Root,5004,dns-root_f-root_msm5004_20260701T000000Z_010000Z.json,2,1.0,1.0,1.0,1.0,severe_network_transition_concentration,1.0,1.0,1.0,1.0,severe_corridor_observation_concentration,network_and_physical_both_concentrated,0.0,False,False,False,True,False,"insufficient_minimum_mappable_segments,minimum_unique_probes,minimum_unique_probe_asns","minimum_mappable_segments,minimum_unique_probes,minimum_unique_probe_asns",1,1,0.0,1.0,probe_country_service
TR,F-Root,5004,dns-root_f-root_msm5004_20260701T000000Z_010000Z.json,8,0.5,0.75,1.0,2.82842712474619,weak_network_transition_concentration,1.0,1.0,1.0,1.0,severe_corridor_observation_concentration,network_broad_physical_concentrated,0.0,False,False,False,True,False,"insufficient_minimum_mappable_segments,minimum_unique_probes,minimum_unique_probe_asns","minimum_mappable_segments,minimum_unique_probes,minimum_unique_probe_asns",3,2,0.0,1.0,probe_country_service
TV,F-Root,5004,dns-root_f-root_msm5004_20260701T000000Z_010000Z.json,4,0.5,1.0,1.0,2.0,moderate_network_transition_concentration,0.5,1.0,1.0,2.0,moderate_corridor_observation_concentration,network_and_physical_both_concentrated,0.0,False,False,False,True,False,"insufficient_minimum_mappable_segments,minimum_unique_probes,minimum_unique_probe_asns","minimum_mappable_segments,minimum_unique_probes,minimum_unique_probe_asns",1,1,0.5,0.5,probe_country_service
TW,F-Root,5004,dns-root_f-root_msm5004_20260701T000000Z_010000Z.json,258,0.16279069767441862,0.29069767441860467,0.41472868217054265,17.258336611967845,broad_network_transition_distribution,0.8294573643410853,0.9612403100775194,0.9844961240310078,1.794958302634045,severe_corridor_observation_concentration,network_broad_physical_concentrated,0.0,True,True,True,True,True,auditable,,50,20,1.0,0.0,probe_country_service
UG,F-Root,5004,dns-root_f-root_msm5004_20260701T000000Z_010000Z.json,1,1.0,1.0,1.0,1.0,severe_network_transition_concentration,1.0,1.0,1.0,1.0,severe_corridor_observation_concentration,network_and_physical_both_concentrated,0.0,False,False,False,True,False,"insufficient_minimum_mappable_segments,minimum_unique_probes,minimum_unique_probe_asns","minimum_mappable_segments,minimum_unique_probes,minimum_unique_probe_asns",1,1,0.0,1.0,probe_country_service
US,F-Root,5004,dns-root_f-root_msm5004_20260701T000000Z_010000Z.json,908,0.17070484581497797,0.2786343612334802,0.3612334801762115,28.5271518403095,broad_network_transition_distribution,0.7841409691629956,0.9019823788546255,0.9251101321585903,2.5036427842187,moderate_corridor_observation_concentration,network_broad_physical_concentrated,0.0,True,True,True,True,True,auditable,,104,48,0.9845814977973568,0.015418502202643172,probe_country_service
VE,F-Root,5004,dns-root_f-root_msm5004_20260701T000000Z_010000Z.json,14,0.42857142857142855,0.8571428571428571,1.0,2.729838563103603,moderate_network_transition_concentration,1.0,1.0,1.0,1.0,severe_corridor_observation_concentration,network_and_physical_both_concentrated,0.0,False,False,False,True,False,"insufficient_minimum_mappable_segments,minimum_unique_probes,minimum_unique_probe_asns","minimum_mappable_segments,minimum_unique_probes,minimum_unique_probe_asns",4,2,1.0,0.0,probe_country_service
VI,F-Root,5004,dns-root_f-root_msm5004_20260701T000000Z_010000Z.json,4,1.0,1.0,1.0,1.0,severe_network_transition_concentration,0.5,1.0,1.0,2.0,moderate_corridor_observation_concentration,network_and_physical_both_concentrated,0.0,False,False,False,True,False,"insufficient_minimum_mappable_segments,minimum_unique_probes,minimum_unique_probe_asns","minimum_mappable_segments,minimum_unique_probes,minimum_unique_probe_asns",1,1,0.5,0.5,probe_country_service
VN,F-Root,5004,dns-root_f-root_msm5004_20260701T000000Z_010000Z.json,58,0.3793103448275862,0.6896551724137931,0.8793103448275862,4.3253306342254785,weak_network_transition_concentration,0.5,1.0,1.0,2.0,moderate_corridor_observation_concentration,network_broad_physical_concentrated,0.0,False,False,False,True,False,insufficient_minimum_unique_probes,minimum_unique_probes,7,4,1.0,0.0,probe_country_service
ZA,F-Root,5004,dns-root_f-root_msm5004_20260701T000000Z_010000Z.json,1,1.0,1.0,1.0,1.0,severe_network_transition_concentration,1.0,1.0,1.0,1.0,severe_corridor_observation_concentration,network_and_physical_both_concentrated,0.0,False,False,False,True,False,"insufficient_minimum_mappable_segments,minimum_unique_probes,minimum_unique_probe_asns","minimum_mappable_segments,minimum_unique_probes,minimum_unique_probe_asns",1,1,0.0,1.0,probe_country_service
