probe_country,service_id,msm_id,file_name,total_mappable_segments,top1_network_transition_share,top2_network_transition_share,top3_network_transition_share,effective_network_transition_count,network_transition_concentration_tier,top1_corridor_share,top2_corridor_share,top3_corridor_share,effective_corridor_count,corridor_concentration_tier,cross_layer_distribution_class,country_fallback_share,auditable_cross_layer_case,sufficient_trace_observation,sufficient_corridor_observation,sufficient_network_transition_resolution,auditable_paper_case,observation_sufficiency_reason,failed_thresholds,unique_probes,unique_probe_asns,domestic_segment_share,international_segment_share
AD,M-Root,5006,dns-root_m-root_msm5006_20260701T000000Z_010000Z.json,9,0.6666666666666666,1.0,1.0,1.8898815748423097,moderate_network_transition_concentration,1.0,1.0,1.0,1.0,severe_corridor_observation_concentration,network_and_physical_both_concentrated,0.0,False,False,False,True,False,"insufficient_minimum_mappable_segments,minimum_unique_probes,minimum_unique_probe_asns","minimum_mappable_segments,minimum_unique_probes,minimum_unique_probe_asns",3,1,0.0,1.0
AE,M-Root,5006,dns-root_m-root_msm5006_20260701T000000Z_010000Z.json,51,0.7450980392156863,0.8823529411764706,0.9411764705882353,2.3692539492666294,moderate_network_transition_concentration,0.45098039215686275,0.5980392156862745,0.7450980392156863,4.251533527098689,broad_corridor_observation_distribution,network_concentrated_physical_broad,0.0,False,False,False,True,False,insufficient_minimum_unique_probes,minimum_unique_probes,9,7,0.4117647058823529,0.5882352941176471
AF,M-Root,5006,dns-root_m-root_msm5006_20260701T000000Z_010000Z.json,18,0.6666666666666666,0.8333333333333333,1.0,2.3811015779522995,moderate_network_transition_concentration,0.3333333333333333,0.5833333333333333,0.8333333333333333,3.8883225944793316,weak_corridor_observation_concentration,network_and_physical_both_concentrated,0.0,False,False,False,True,False,"insufficient_minimum_mappable_segments,minimum_unique_probes,minimum_unique_probe_asns","minimum_mappable_segments,minimum_unique_probes,minimum_unique_probe_asns",3,2,0.5,0.5
AL,M-Root,5006,dns-root_m-root_msm5006_20260701T000000Z_010000Z.json,18,0.6111111111111112,0.7777777777777778,0.888888888888889,3.2055154744481853,weak_network_transition_concentration,0.7777777777777778,0.9444444444444444,1.0,1.9245064870902011,moderate_corridor_observation_concentration,network_broad_physical_concentrated,0.0,False,False,False,True,False,"insufficient_minimum_mappable_segments,minimum_unique_probes","minimum_mappable_segments,minimum_unique_probes",5,5,0.0,1.0
AO,M-Root,5006,dns-root_m-root_msm5006_20260701T000000Z_010000Z.json,3,1.0,1.0,1.0,1.0,severe_network_transition_concentration,0.5,1.0,1.0,2.0,moderate_corridor_observation_concentration,network_and_physical_both_concentrated,0.0,False,False,False,True,False,"insufficient_minimum_mappable_segments,minimum_unique_probes,minimum_unique_probe_asns","minimum_mappable_segments,minimum_unique_probes,minimum_unique_probe_asns",1,1,0.0,1.0
AT,M-Root,5006,dns-root_m-root_msm5006_20260701T000000Z_010000Z.json,8,0.375,0.75,1.0,2.9511517858675242,weak_network_transition_concentration,1.0,1.0,1.0,1.0,severe_corridor_observation_concentration,network_broad_physical_concentrated,0.0,False,False,False,True,False,"insufficient_minimum_mappable_segments,minimum_unique_probes","minimum_mappable_segments,minimum_unique_probes",3,3,0.375,0.625
AU,M-Root,5006,dns-root_m-root_msm5006_20260701T000000Z_010000Z.json,571,0.2591943957968476,0.4605954465849387,0.553415061295972,10.476398378607618,broad_network_transition_distribution,0.37478108581436076,0.5026269702276708,0.6304728546409808,7.536252752934792,broad_corridor_observation_distribution,network_and_physical_both_broad,0.0,True,True,True,True,True,auditable,,78,35,0.8441330998248686,0.15586690017513136
AX,M-Root,5006,dns-root_m-root_msm5006_20260701T000000Z_010000Z.json,14,0.6428571428571429,1.0,1.0,1.9189085505973331,moderate_network_transition_concentration,0.32142857142857145,0.5357142857142857,0.6785714285714286,5.424023403283974,broad_corridor_observation_distribution,network_concentrated_physical_broad,0.0,False,False,False,True,False,"insufficient_minimum_mappable_segments,minimum_unique_probes,minimum_unique_probe_asns","minimum_mappable_segments,minimum_unique_probes,minimum_unique_probe_asns",1,1,0.42857142857142855,0.5714285714285714
BE,M-Root,5006,dns-root_m-root_msm5006_20260701T000000Z_010000Z.json,49,0.6122448979591837,0.8571428571428572,0.9183673469387755,2.936036571103368,moderate_network_transition_concentration,0.30612244897959184,0.6122448979591837,0.9183673469387755,3.850688549120231,weak_corridor_observation_concentration,network_and_physical_both_concentrated,0.0,False,False,False,True,False,insufficient_minimum_unique_probe_asns,minimum_unique_probe_asns,10,2,0.6122448979591837,0.3877551020408163
BH,M-Root,5006,dns-root_m-root_msm5006_20260701T000000Z_010000Z.json,24,0.5,0.75,1.0,2.82842712474619,weak_network_transition_concentration,0.25,0.5,0.75,4.0,weak_corridor_observation_concentration,network_and_physical_both_concentrated,0.0,False,False,False,True,False,"insufficient_minimum_mappable_segments,minimum_unique_probes,minimum_unique_probe_asns","minimum_mappable_segments,minimum_unique_probes,minimum_unique_probe_asns",4,2,0.75,0.25
BJ,M-Root,5006,dns-root_m-root_msm5006_20260701T000000Z_010000Z.json,29,0.4827586206896552,0.7931034482758621,1.0,2.831090619401481,weak_network_transition_concentration,0.4827586206896552,0.7931034482758621,0.896551724137931,3.2676523026244935,weak_corridor_observation_concentration,network_and_physical_both_concentrated,0.0,False,False,False,True,False,"insufficient_minimum_mappable_segments,minimum_unique_probes,minimum_unique_probe_asns","minimum_mappable_segments,minimum_unique_probes,minimum_unique_probe_asns",5,2,0.20689655172413793,0.7931034482758621
BL,M-Root,5006,dns-root_m-root_msm5006_20260701T000000Z_010000Z.json,3,1.0,1.0,1.0,1.0,severe_network_transition_concentration,0.5,1.0,1.0,2.0,moderate_corridor_observation_concentration,network_and_physical_both_concentrated,0.0,False,False,False,True,False,"insufficient_minimum_mappable_segments,minimum_unique_probes,minimum_unique_probe_asns","minimum_mappable_segments,minimum_unique_probes,minimum_unique_probe_asns",1,1,1.0,0.0
BO,M-Root,5006,dns-root_m-root_msm5006_20260701T000000Z_010000Z.json,18,1.0,1.0,1.0,1.0,severe_network_transition_concentration,1.0,1.0,1.0,1.0,severe_corridor_observation_concentration,network_and_physical_both_concentrated,0.0,False,False,False,True,False,"insufficient_minimum_mappable_segments,minimum_unique_probes,minimum_unique_probe_asns","minimum_mappable_segments,minimum_unique_probes,minimum_unique_probe_asns",6,2,0.0,1.0
BR,M-Root,5006,dns-root_m-root_msm5006_20260701T000000Z_010000Z.json,37,0.4864864864864865,0.6486486486486487,0.7297297297297298,4.748975134858301,broad_network_transition_distribution,0.7297297297297297,0.8918918918918919,0.972972972972973,2.284656090371885,moderate_corridor_observation_concentration,network_broad_physical_concentrated,0.0,False,False,False,True,False,insufficient_minimum_unique_probes,minimum_unique_probes,8,6,0.918918918918919,0.08108108108108109
BT,M-Root,5006,dns-root_m-root_msm5006_20260701T000000Z_010000Z.json,3,1.0,1.0,1.0,1.0,severe_network_transition_concentration,1.0,1.0,1.0,1.0,severe_corridor_observation_concentration,network_and_physical_both_concentrated,0.0,False,False,False,True,False,"insufficient_minimum_mappable_segments,minimum_unique_probes,minimum_unique_probe_asns","minimum_mappable_segments,minimum_unique_probes,minimum_unique_probe_asns",1,1,0.0,1.0
BW,M-Root,5006,dns-root_m-root_msm5006_20260701T000000Z_010000Z.json,3,1.0,1.0,1.0,1.0,severe_network_transition_concentration,1.0,1.0,1.0,1.0,severe_corridor_observation_concentration,network_and_physical_both_concentrated,0.0,False,False,False,True,False,"insufficient_minimum_mappable_segments,minimum_unique_probes,minimum_unique_probe_asns","minimum_mappable_segments,minimum_unique_probes,minimum_unique_probe_asns",1,1,0.0,1.0
BZ,M-Root,5006,dns-root_m-root_msm5006_20260701T000000Z_010000Z.json,3,1.0,1.0,1.0,1.0,severe_network_transition_concentration,1.0,1.0,1.0,1.0,severe_corridor_observation_concentration,network_and_physical_both_concentrated,0.0,False,False,False,True,False,"insufficient_minimum_mappable_segments,minimum_unique_probes,minimum_unique_probe_asns","minimum_mappable_segments,minimum_unique_probes,minimum_unique_probe_asns",1,1,0.0,1.0
CA,M-Root,5006,dns-root_m-root_msm5006_20260701T000000Z_010000Z.json,401,0.46633416458852867,0.6408977556109725,0.7456359102244389,6.2782883800515075,broad_network_transition_distribution,0.2374896093100582,0.471238570241064,0.6341645885286783,7.712107460801823,broad_corridor_observation_distribution,network_and_physical_both_broad,0.0,True,True,True,True,True,auditable,,65,22,0.6284289276807979,0.371571072319202
CD,M-Root,5006,dns-root_m-root_msm5006_20260701T000000Z_010000Z.json,7,0.8571428571428571,1.0,1.0,1.5069930657725377,severe_network_transition_concentration,0.42857142857142855,0.8571428571428571,0.9285714285714285,3.0139861315450753,moderate_corridor_observation_concentration,network_and_physical_both_concentrated,0.0,False,False,False,True,False,"insufficient_minimum_mappable_segments,minimum_unique_probes,minimum_unique_probe_asns","minimum_mappable_segments,minimum_unique_probes,minimum_unique_probe_asns",1,1,0.42857142857142855,0.5714285714285714
CH,M-Root,5006,dns-root_m-root_msm5006_20260701T000000Z_010000Z.json,377,0.35013262599469497,0.5517241379310345,0.6233421750663131,10.40457417417597,broad_network_transition_distribution,0.9787798408488063,0.9946949602122015,1.0,1.121518252259689,severe_corridor_observation_concentration,network_broad_physical_concentrated,0.0,True,True,True,True,True,auditable,,72,24,0.9708222811671088,0.029177718832891247
CI,M-Root,5006,dns-root_m-root_msm5006_20260701T000000Z_010000Z.json,3,1.0,1.0,1.0,1.0,severe_network_transition_concentration,1.0,1.0,1.0,1.0,severe_corridor_observation_concentration,network_and_physical_both_concentrated,0.0,False,False,False,True,False,"insufficient_minimum_mappable_segments,minimum_unique_probes,minimum_unique_probe_asns","minimum_mappable_segments,minimum_unique_probes,minimum_unique_probe_asns",1,1,0.0,1.0
CK,M-Root,5006,dns-root_m-root_msm5006_20260701T000000Z_010000Z.json,2,1.0,1.0,1.0,1.0,severe_network_transition_concentration,1.0,1.0,1.0,1.0,severe_corridor_observation_concentration,network_and_physical_both_concentrated,0.0,False,False,False,True,False,"insufficient_minimum_mappable_segments,minimum_unique_probes,minimum_unique_probe_asns","minimum_mappable_segments,minimum_unique_probes,minimum_unique_probe_asns",1,1,1.0,0.0
CL,M-Root,5006,dns-root_m-root_msm5006_20260701T000000Z_010000Z.json,18,0.3888888888888889,0.6111111111111112,0.8333333333333333,3.7977016199014155,weak_network_transition_concentration,0.5555555555555556,0.8888888888888888,0.9444444444444444,2.7563426135446942,moderate_corridor_observation_concentration,network_broad_physical_concentrated,0.0,False,False,False,True,False,"insufficient_minimum_mappable_segments,minimum_unique_probes","minimum_mappable_segments,minimum_unique_probes",4,3,0.5555555555555556,0.4444444444444444
CM,M-Root,5006,dns-root_m-root_msm5006_20260701T000000Z_010000Z.json,3,1.0,1.0,1.0,1.0,severe_network_transition_concentration,0.5,1.0,1.0,2.0,moderate_corridor_observation_concentration,network_and_physical_both_concentrated,0.0,False,False,False,True,False,"insufficient_minimum_mappable_segments,minimum_unique_probes,minimum_unique_probe_asns","minimum_mappable_segments,minimum_unique_probes,minimum_unique_probe_asns",1,1,0.0,1.0
CN,M-Root,5006,dns-root_m-root_msm5006_20260701T000000Z_010000Z.json,177,0.4463276836158192,0.7570621468926554,0.9491525423728814,3.4815793876031673,weak_network_transition_concentration,0.22033898305084745,0.4406779661016949,0.635593220338983,6.402888538522807,broad_corridor_observation_distribution,network_and_physical_both_broad,0.0,True,True,True,True,True,auditable,,31,14,0.5480225988700564,0.4519774011299435
CO,M-Root,5006,dns-root_m-root_msm5006_20260701T000000Z_010000Z.json,38,0.3684210526315789,0.6052631578947368,0.763157894736842,4.961953671502598,broad_network_transition_distribution,0.2894736842105263,0.5263157894736842,0.631578947368421,6.97376630249414,broad_corridor_observation_distribution,network_and_physical_both_broad,0.0,False,False,False,True,False,insufficient_minimum_unique_probes,minimum_unique_probes,5,3,0.07894736842105263,0.9210526315789473
CU,M-Root,5006,dns-root_m-root_msm5006_20260701T000000Z_010000Z.json,1,1.0,1.0,1.0,1.0,severe_network_transition_concentration,1.0,1.0,1.0,1.0,severe_corridor_observation_concentration,network_and_physical_both_concentrated,0.0,False,False,False,True,False,"insufficient_minimum_mappable_segments,minimum_unique_probes,minimum_unique_probe_asns","minimum_mappable_segments,minimum_unique_probes,minimum_unique_probe_asns",1,1,0.0,1.0
CY,M-Root,5006,dns-root_m-root_msm5006_20260701T000000Z_010000Z.json,19,0.3157894736842105,0.631578947368421,0.8421052631578947,3.8477358215252986,weak_network_transition_concentration,0.3157894736842105,0.47368421052631576,0.631578947368421,6.014685717290495,broad_corridor_observation_distribution,network_and_physical_both_broad,0.0,False,False,False,True,False,"insufficient_minimum_mappable_segments,minimum_unique_probes,minimum_unique_probe_asns","minimum_mappable_segments,minimum_unique_probes,minimum_unique_probe_asns",2,1,0.6842105263157895,0.3157894736842105
CZ,M-Root,5006,dns-root_m-root_msm5006_20260701T000000Z_010000Z.json,11,0.5454545454545454,0.8181818181818181,1.0,2.7045177963242053,moderate_network_transition_concentration,0.5454545454545454,0.7272727272727273,0.8636363636363635,3.2672994019432497,weak_corridor_observation_concentration,network_and_physical_both_concentrated,0.0,False,False,False,True,False,"insufficient_minimum_mappable_segments,minimum_unique_probes,minimum_unique_probe_asns","minimum_mappable_segments,minimum_unique_probes,minimum_unique_probe_asns",2,1,0.2727272727272727,0.7272727272727273
DE,M-Root,5006,dns-root_m-root_msm5006_20260701T000000Z_010000Z.json,187,0.5401069518716578,0.716577540106952,0.7807486631016043,4.9729474772633235,broad_network_transition_distribution,0.2700534759358289,0.5401069518716578,0.732620320855615,6.162953830225216,broad_corridor_observation_distribution,network_and_physical_both_broad,0.0,True,True,True,True,True,auditable,,34,12,0.6524064171122995,0.34759358288770054
DJ,M-Root,5006,dns-root_m-root_msm5006_20260701T000000Z_010000Z.json,5,0.6,0.8,1.0,2.586409289858933,moderate_network_transition_concentration,0.8,0.9,1.0,1.8946457081379977,severe_corridor_observation_concentration,network_and_physical_both_concentrated,0.0,False,False,False,True,False,"insufficient_minimum_mappable_segments,minimum_unique_probes,minimum_unique_probe_asns","minimum_mappable_segments,minimum_unique_probes,minimum_unique_probe_asns",2,2,0.2,0.8
DK,M-Root,5006,dns-root_m-root_msm5006_20260701T000000Z_010000Z.json,409,0.2713936430317848,0.5427872860635696,0.6161369193154034,8.798021583803028,broad_network_transition_distribution,0.38875305623471884,0.5953545232273839,0.7518337408312958,5.296567076954043,broad_corridor_observation_distribution,network_and_physical_both_broad,0.0,True,True,True,True,True,auditable,,53,15,0.5427872860635696,0.4572127139364303
DO,M-Root,5006,dns-root_m-root_msm5006_20260701T000000Z_010000Z.json,53,0.2641509433962264,0.4339622641509434,0.6037735849056604,6.212912022300524,broad_network_transition_distribution,0.22641509433962265,0.4339622641509434,0.6226415094339623,6.153047420498465,broad_corridor_observation_distribution,network_and_physical_both_broad,0.0,False,False,False,True,False,insufficient_minimum_unique_probes,minimum_unique_probes,5,4,0.2830188679245283,0.7169811320754716
EC,M-Root,5006,dns-root_m-root_msm5006_20260701T000000Z_010000Z.json,28,0.42857142857142855,0.8214285714285714,0.9285714285714285,3.1835446928158935,moderate_network_transition_concentration,0.8214285714285714,0.8928571428571428,0.9464285714285714,1.9418998007085448,severe_corridor_observation_concentration,network_and_physical_both_concentrated,0.0,False,False,False,True,False,insufficient_minimum_mappable_segments,minimum_mappable_segments,10,9,0.10714285714285714,0.8928571428571429
EE,M-Root,5006,dns-root_m-root_msm5006_20260701T000000Z_010000Z.json,48,0.375,0.625,0.7708333333333334,4.762591922730732,broad_network_transition_distribution,0.3958333333333333,0.5833333333333333,0.7708333333333333,4.75987003485251,broad_corridor_observation_distribution,network_and_physical_both_broad,0.0,False,False,False,True,False,"insufficient_minimum_unique_probes,minimum_unique_probe_asns","minimum_unique_probes,minimum_unique_probe_asns",4,2,0.0625,0.9375
ES,M-Root,5006,dns-root_m-root_msm5006_20260701T000000Z_010000Z.json,75,0.28,0.56,0.7733333333333334,4.526558757626592,broad_network_transition_distribution,0.4266666666666667,0.7066666666666668,0.8466666666666667,3.773197456788092,weak_corridor_observation_concentration,network_and_physical_both_broad,0.0,True,True,True,True,True,auditable,,12,9,0.28,0.72
ET,M-Root,5006,dns-root_m-root_msm5006_20260701T000000Z_010000Z.json,2,1.0,1.0,1.0,1.0,severe_network_transition_concentration,1.0,1.0,1.0,1.0,severe_corridor_observation_concentration,network_and_physical_both_concentrated,0.0,False,False,False,True,False,"insufficient_minimum_mappable_segments,minimum_unique_probes,minimum_unique_probe_asns","minimum_mappable_segments,minimum_unique_probes,minimum_unique_probe_asns",1,1,0.0,1.0
FI,M-Root,5006,dns-root_m-root_msm5006_20260701T000000Z_010000Z.json,246,0.45934959349593496,0.6910569105691057,0.7276422764227642,6.816895103392731,broad_network_transition_distribution,0.5772357723577236,0.6808943089430894,0.7784552845528455,4.947486077040787,broad_corridor_observation_distribution,network_and_physical_both_broad,0.0,True,True,True,True,True,auditable,,78,35,0.23983739837398374,0.7601626016260162
FJ,M-Root,5006,dns-root_m-root_msm5006_20260701T000000Z_010000Z.json,3,0.6666666666666666,1.0,1.0,1.8898815748423097,moderate_network_transition_concentration,0.6666666666666666,1.0,1.0,1.8898815748423097,moderate_corridor_observation_concentration,network_and_physical_both_concentrated,0.0,False,False,False,True,False,"insufficient_minimum_mappable_segments,minimum_unique_probes,minimum_unique_probe_asns","minimum_mappable_segments,minimum_unique_probes,minimum_unique_probe_asns",1,1,0.3333333333333333,0.6666666666666666
FM,M-Root,5006,dns-root_m-root_msm5006_20260701T000000Z_010000Z.json,16,0.75,1.0,1.0,1.7547653506033232,moderate_network_transition_concentration,0.25,0.5,0.75,4.756828460010884,broad_corridor_observation_distribution,network_concentrated_physical_broad,0.0,False,False,False,True,False,"insufficient_minimum_mappable_segments,minimum_unique_probes,minimum_unique_probe_asns","minimum_mappable_segments,minimum_unique_probes,minimum_unique_probe_asns",2,1,0.75,0.25
FR,M-Root,5006,dns-root_m-root_msm5006_20260701T000000Z_010000Z.json,255,0.788235294117647,0.8823529411764706,0.9529411764705882,2.203100096948396,moderate_network_transition_concentration,0.3941176470588235,0.788235294117647,0.9215686274509803,3.591861505105921,weak_corridor_observation_concentration,network_and_physical_both_concentrated,0.0,True,True,True,True,True,auditable,,70,11,0.8313725490196079,0.16862745098039217
GB,M-Root,5006,dns-root_m-root_msm5006_20260701T000000Z_010000Z.json,75,0.36,0.6133333333333333,0.7466666666666667,5.22032323828166,broad_network_transition_distribution,0.3466666666666667,0.5266666666666666,0.7066666666666667,5.939412585069121,broad_corridor_observation_distribution,network_and_physical_both_broad,0.0,True,True,True,True,True,auditable,,12,11,0.44,0.56
GH,M-Root,5006,dns-root_m-root_msm5006_20260701T000000Z_010000Z.json,8,0.375,0.75,1.0,2.9511517858675242,weak_network_transition_concentration,0.375,0.625,0.8125,3.827170367691972,weak_corridor_observation_concentration,network_and_physical_both_concentrated,0.0,False,False,False,True,False,"insufficient_minimum_mappable_segments,minimum_unique_probes,minimum_unique_probe_asns","minimum_mappable_segments,minimum_unique_probes,minimum_unique_probe_asns",1,1,0.375,0.625
GP,M-Root,5006,dns-root_m-root_msm5006_20260701T000000Z_010000Z.json,4,0.75,1.0,1.0,1.7547653506033232,moderate_network_transition_concentration,0.375,0.75,0.875,3.509530701206647,weak_corridor_observation_concentration,network_and_physical_both_concentrated,0.0,False,False,False,True,False,"insufficient_minimum_mappable_segments,minimum_unique_probes,minimum_unique_probe_asns","minimum_mappable_segments,minimum_unique_probes,minimum_unique_probe_asns",1,1,1.0,0.0
GQ,M-Root,5006,dns-root_m-root_msm5006_20260701T000000Z_010000Z.json,3,1.0,1.0,1.0,1.0,severe_network_transition_concentration,1.0,1.0,1.0,1.0,severe_corridor_observation_concentration,network_and_physical_both_concentrated,0.0,False,False,False,True,False,"insufficient_minimum_mappable_segments,minimum_unique_probes,minimum_unique_probe_asns","minimum_mappable_segments,minimum_unique_probes,minimum_unique_probe_asns",1,1,1.0,0.0
GT,M-Root,5006,dns-root_m-root_msm5006_20260701T000000Z_010000Z.json,9,0.6666666666666666,1.0,1.0,1.8898815748423097,moderate_network_transition_concentration,0.3333333333333333,0.6666666666666666,1.0,2.9999999999999996,weak_corridor_observation_concentration,network_and_physical_both_concentrated,0.0,False,False,False,True,False,"insufficient_minimum_mappable_segments,minimum_unique_probes,minimum_unique_probe_asns","minimum_mappable_segments,minimum_unique_probes,minimum_unique_probe_asns",1,1,0.0,1.0
GU,M-Root,5006,dns-root_m-root_msm5006_20260701T000000Z_010000Z.json,55,0.32727272727272727,0.6,0.7090909090909091,5.822009839331,broad_network_transition_distribution,0.4090909090909091,0.8181818181818182,0.8727272727272728,3.7714527772491846,moderate_corridor_observation_concentration,network_broad_physical_concentrated,0.0,False,False,False,True,False,insufficient_minimum_unique_probes,minimum_unique_probes,7,3,0.8727272727272727,0.12727272727272726
HK,M-Root,5006,dns-root_m-root_msm5006_20260701T000000Z_010000Z.json,91,0.6483516483516484,0.7362637362637363,0.8021978021978022,3.8532903655752504,weak_network_transition_concentration,0.37362637362637363,0.6538461538461539,0.9340659340659341,3.5257623997212395,weak_corridor_observation_concentration,network_and_physical_both_concentrated,0.0,True,True,True,True,True,auditable,,14,10,0.6263736263736264,0.37362637362637363
HN,M-Root,5006,dns-root_m-root_msm5006_20260701T000000Z_010000Z.json,34,0.29411764705882354,0.5588235294117647,0.8235294117647058,4.401855938338021,weak_network_transition_concentration,0.2647058823529412,0.4411764705882353,0.6176470588235294,6.155106400152258,broad_corridor_observation_distribution,network_and_physical_both_broad,0.0,False,False,False,True,False,insufficient_minimum_unique_probes,minimum_unique_probes,5,4,0.2647058823529412,0.7352941176470589
HR,M-Root,5006,dns-root_m-root_msm5006_20260701T000000Z_010000Z.json,8,0.625,1.0,1.0,1.9378192408783848,moderate_network_transition_concentration,0.625,0.8125,1.0,2.5130406413348823,moderate_corridor_observation_concentration,network_and_physical_both_concentrated,0.0,False,False,False,True,False,"insufficient_minimum_mappable_segments,minimum_unique_probes","minimum_mappable_segments,minimum_unique_probes",3,3,0.375,0.625
HU,M-Root,5006,dns-root_m-root_msm5006_20260701T000000Z_010000Z.json,3,1.0,1.0,1.0,1.0,severe_network_transition_concentration,0.5,1.0,1.0,2.0,moderate_corridor_observation_concentration,network_and_physical_both_concentrated,0.0,False,False,False,True,False,"insufficient_minimum_mappable_segments,minimum_unique_probes,minimum_unique_probe_asns","minimum_mappable_segments,minimum_unique_probes,minimum_unique_probe_asns",1,1,1.0,0.0
ID,M-Root,5006,dns-root_m-root_msm5006_20260701T000000Z_010000Z.json,151,0.3708609271523179,0.4503311258278146,0.4900662251655629,13.084991085458737,broad_network_transition_distribution,0.33112582781456956,0.5496688741721855,0.6490066225165563,9.187080966406343,broad_corridor_observation_distribution,network_and_physical_both_broad,0.0,True,True,True,True,True,auditable,,25,24,0.5695364238410596,0.4304635761589404
IL,M-Root,5006,dns-root_m-root_msm5006_20260701T000000Z_010000Z.json,48,0.5,0.75,0.875,3.668016172818685,weak_network_transition_concentration,0.8333333333333334,1.0,1.0,1.5691925832141966,severe_corridor_observation_concentration,network_broad_physical_concentrated,0.0,True,True,True,True,True,auditable,,12,7,0.8333333333333334,0.16666666666666666
IM,M-Root,5006,dns-root_m-root_msm5006_20260701T000000Z_010000Z.json,6,0.5,1.0,1.0,2.0,moderate_network_transition_concentration,0.5,1.0,1.0,2.0,moderate_corridor_observation_concentration,network_and_physical_both_concentrated,0.0,False,False,False,True,False,"insufficient_minimum_mappable_segments,minimum_unique_probes,minimum_unique_probe_asns","minimum_mappable_segments,minimum_unique_probes,minimum_unique_probe_asns",1,1,0.0,1.0
IN,M-Root,5006,dns-root_m-root_msm5006_20260701T000000Z_010000Z.json,302,0.5,0.8178807947019868,0.8841059602649006,3.6002332801704138,moderate_network_transition_concentration,0.31788079470198677,0.5728476821192053,0.8278145695364238,4.892215532787924,weak_corridor_observation_concentration,network_and_physical_both_concentrated,0.0,True,True,True,True,True,auditable,,54,24,0.5596026490066225,0.44039735099337746
IR,M-Root,5006,dns-root_m-root_msm5006_20260701T000000Z_010000Z.json,21,0.5714285714285714,0.8571428571428571,1.0,2.6004900059896596,moderate_network_transition_concentration,0.2857142857142857,0.5714285714285714,0.8571428571428571,3.8643132978583434,weak_corridor_observation_concentration,network_and_physical_both_concentrated,0.0,False,False,False,True,False,"insufficient_minimum_mappable_segments,minimum_unique_probes","minimum_mappable_segments,minimum_unique_probes",7,6,0.8571428571428571,0.14285714285714285
IT,M-Root,5006,dns-root_m-root_msm5006_20260701T000000Z_010000Z.json,40,0.45,0.675,0.75,4.779103356376485,broad_network_transition_distribution,0.3,0.525,0.75,5.9886412863745235,broad_corridor_observation_distribution,network_and_physical_both_broad,0.0,False,False,False,True,False,insufficient_minimum_unique_probes,minimum_unique_probes,6,4,0.6,0.4
JP,M-Root,5006,dns-root_m-root_msm5006_20260701T000000Z_010000Z.json,908,0.4746696035242291,0.5958149779735683,0.6850220264317181,8.849618718747822,broad_network_transition_distribution,0.4906387665198238,0.9647577092511013,0.9713656387665198,2.4619197791551577,moderate_corridor_observation_concentration,network_broad_physical_concentrated,0.0,True,True,True,True,True,auditable,,197,90,0.9845814977973568,0.015418502202643172
KE,M-Root,5006,dns-root_m-root_msm5006_20260701T000000Z_010000Z.json,16,0.9375,1.0,1.0,1.2633812503027273,severe_network_transition_concentration,0.5625,0.9375,1.0,2.3743888938571454,moderate_corridor_observation_concentration,network_and_physical_both_concentrated,0.0,False,False,False,True,False,"insufficient_minimum_mappable_segments,minimum_unique_probes","minimum_mappable_segments,minimum_unique_probes",3,3,0.0,1.0
KI,M-Root,5006,dns-root_m-root_msm5006_20260701T000000Z_010000Z.json,6,1.0,1.0,1.0,1.0,severe_network_transition_concentration,1.0,1.0,1.0,1.0,severe_corridor_observation_concentration,network_and_physical_both_concentrated,0.0,False,False,False,True,False,"insufficient_minimum_mappable_segments,minimum_unique_probes,minimum_unique_probe_asns","minimum_mappable_segments,minimum_unique_probes,minimum_unique_probe_asns",2,1,1.0,0.0
KN,M-Root,5006,dns-root_m-root_msm5006_20260701T000000Z_010000Z.json,3,1.0,1.0,1.0,1.0,severe_network_transition_concentration,1.0,1.0,1.0,1.0,severe_corridor_observation_concentration,network_and_physical_both_concentrated,0.0,False,False,False,True,False,"insufficient_minimum_mappable_segments,minimum_unique_probes,minimum_unique_probe_asns","minimum_mappable_segments,minimum_unique_probes,minimum_unique_probe_asns",1,1,1.0,0.0
KY,M-Root,5006,dns-root_m-root_msm5006_20260701T000000Z_010000Z.json,11,0.45454545454545453,0.7272727272727273,1.0,2.9069066786738817,weak_network_transition_concentration,0.2727272727272727,0.45454545454545453,0.6363636363636364,5.672550420406906,broad_corridor_observation_distribution,network_and_physical_both_broad,0.0,False,False,False,True,False,"insufficient_minimum_mappable_segments,minimum_unique_probes,minimum_unique_probe_asns","minimum_mappable_segments,minimum_unique_probes,minimum_unique_probe_asns",1,1,0.2727272727272727,0.7272727272727273
LA,M-Root,5006,dns-root_m-root_msm5006_20260701T000000Z_010000Z.json,6,0.5,1.0,1.0,2.0,moderate_network_transition_concentration,0.5,0.75,1.0,2.82842712474619,weak_corridor_observation_concentration,network_and_physical_both_concentrated,0.0,False,False,False,True,False,"insufficient_minimum_mappable_segments,minimum_unique_probes,minimum_unique_probe_asns","minimum_mappable_segments,minimum_unique_probes,minimum_unique_probe_asns",1,1,0.5,0.5
LC,M-Root,5006,dns-root_m-root_msm5006_20260701T000000Z_010000Z.json,8,0.75,1.0,1.0,1.7547653506033232,moderate_network_transition_concentration,0.1875,0.375,0.5625,7.019061402413293,broad_corridor_observation_distribution,network_concentrated_physical_broad,0.0,False,False,False,True,False,"insufficient_minimum_mappable_segments,minimum_unique_probes,minimum_unique_probe_asns","minimum_mappable_segments,minimum_unique_probes,minimum_unique_probe_asns",2,2,0.75,0.25
LI,M-Root,5006,dns-root_m-root_msm5006_20260701T000000Z_010000Z.json,9,0.6666666666666666,1.0,1.0,1.8898815748423097,moderate_network_transition_concentration,1.0,1.0,1.0,1.0,severe_corridor_observation_concentration,network_and_physical_both_concentrated,0.0,False,False,False,True,False,"insufficient_minimum_mappable_segments,minimum_unique_probes,minimum_unique_probe_asns","minimum_mappable_segments,minimum_unique_probes,minimum_unique_probe_asns",2,2,0.3333333333333333,0.6666666666666666
LS,M-Root,5006,dns-root_m-root_msm5006_20260701T000000Z_010000Z.json,1,1.0,1.0,1.0,1.0,severe_network_transition_concentration,1.0,1.0,1.0,1.0,severe_corridor_observation_concentration,network_and_physical_both_concentrated,0.0,False,False,False,True,False,"insufficient_minimum_mappable_segments,minimum_unique_probes,minimum_unique_probe_asns","minimum_mappable_segments,minimum_unique_probes,minimum_unique_probe_asns",1,1,0.0,1.0
LT,M-Root,5006,dns-root_m-root_msm5006_20260701T000000Z_010000Z.json,23,0.391304347826087,0.7391304347826086,1.0,2.959472838749626,weak_network_transition_concentration,0.34782608695652173,0.6086956521739131,0.8043478260869565,3.8815814581342676,weak_corridor_observation_concentration,network_and_physical_both_concentrated,0.0,False,False,False,True,False,"insufficient_minimum_mappable_segments,minimum_unique_probes,minimum_unique_probe_asns","minimum_mappable_segments,minimum_unique_probes,minimum_unique_probe_asns",3,1,0.391304347826087,0.6086956521739131
LU,M-Root,5006,dns-root_m-root_msm5006_20260701T000000Z_010000Z.json,1,1.0,1.0,1.0,1.0,severe_network_transition_concentration,1.0,1.0,1.0,1.0,severe_corridor_observation_concentration,network_and_physical_both_concentrated,0.0,False,False,False,True,False,"insufficient_minimum_mappable_segments,minimum_unique_probes,minimum_unique_probe_asns","minimum_mappable_segments,minimum_unique_probes,minimum_unique_probe_asns",1,1,0.0,1.0
MD,M-Root,5006,dns-root_m-root_msm5006_20260701T000000Z_010000Z.json,6,0.5,1.0,1.0,2.0,moderate_network_transition_concentration,0.5,1.0,1.0,2.0,moderate_corridor_observation_concentration,network_and_physical_both_concentrated,0.0,False,False,False,True,False,"insufficient_minimum_mappable_segments,minimum_unique_probes,minimum_unique_probe_asns","minimum_mappable_segments,minimum_unique_probes,minimum_unique_probe_asns",1,1,0.0,1.0
ME,M-Root,5006,dns-root_m-root_msm5006_20260701T000000Z_010000Z.json,3,1.0,1.0,1.0,1.0,severe_network_transition_concentration,1.0,1.0,1.0,1.0,severe_corridor_observation_concentration,network_and_physical_both_concentrated,0.0,False,False,False,True,False,"insufficient_minimum_mappable_segments,minimum_unique_probes,minimum_unique_probe_asns","minimum_mappable_segments,minimum_unique_probes,minimum_unique_probe_asns",1,1,1.0,0.0
MG,M-Root,5006,dns-root_m-root_msm5006_20260701T000000Z_010000Z.json,3,1.0,1.0,1.0,1.0,severe_network_transition_concentration,1.0,1.0,1.0,1.0,severe_corridor_observation_concentration,network_and_physical_both_concentrated,0.0,False,False,False,True,False,"insufficient_minimum_mappable_segments,minimum_unique_probes,minimum_unique_probe_asns","minimum_mappable_segments,minimum_unique_probes,minimum_unique_probe_asns",1,1,0.0,1.0
MH,M-Root,5006,dns-root_m-root_msm5006_20260701T000000Z_010000Z.json,6,0.6666666666666666,1.0,1.0,1.8898815748423097,moderate_network_transition_concentration,0.5,1.0,1.0,2.0,moderate_corridor_observation_concentration,network_and_physical_both_concentrated,0.0,False,False,False,True,False,"insufficient_minimum_mappable_segments,minimum_unique_probes,minimum_unique_probe_asns","minimum_mappable_segments,minimum_unique_probes,minimum_unique_probe_asns",1,1,1.0,0.0
MK,M-Root,5006,dns-root_m-root_msm5006_20260701T000000Z_010000Z.json,4,0.75,1.0,1.0,1.7547653506033232,moderate_network_transition_concentration,0.375,0.75,1.0,2.9511517858675242,weak_corridor_observation_concentration,network_and_physical_both_concentrated,0.0,False,False,False,True,False,"insufficient_minimum_mappable_segments,minimum_unique_probes,minimum_unique_probe_asns","minimum_mappable_segments,minimum_unique_probes,minimum_unique_probe_asns",1,1,0.75,0.25
ML,M-Root,5006,dns-root_m-root_msm5006_20260701T000000Z_010000Z.json,5,0.6,1.0,1.0,1.9601317042077895,moderate_network_transition_concentration,0.6,1.0,1.0,1.9601317042077895,moderate_corridor_observation_concentration,network_and_physical_both_concentrated,0.0,False,False,False,True,False,"insufficient_minimum_mappable_segments,minimum_unique_probes,minimum_unique_probe_asns","minimum_mappable_segments,minimum_unique_probes,minimum_unique_probe_asns",1,1,0.0,1.0
MM,M-Root,5006,dns-root_m-root_msm5006_20260701T000000Z_010000Z.json,15,0.6,1.0,1.0,1.9601317042077895,moderate_network_transition_concentration,0.4,0.7,1.0,2.971004096610006,weak_corridor_observation_concentration,network_and_physical_both_concentrated,0.0,False,False,False,True,False,"insufficient_minimum_mappable_segments,minimum_unique_probes","minimum_mappable_segments,minimum_unique_probes",3,3,0.6,0.4
MN,M-Root,5006,dns-root_m-root_msm5006_20260701T000000Z_010000Z.json,16,0.375,0.5625,0.75,4.551298231586873,broad_network_transition_distribution,0.4375,0.875,1.0,2.673193818477041,moderate_corridor_observation_concentration,network_broad_physical_concentrated,0.0,False,False,False,True,False,"insufficient_minimum_mappable_segments,minimum_unique_probes,minimum_unique_probe_asns","minimum_mappable_segments,minimum_unique_probes,minimum_unique_probe_asns",2,2,0.875,0.125
MP,M-Root,5006,dns-root_m-root_msm5006_20260701T000000Z_010000Z.json,9,0.6666666666666666,1.0,1.0,1.8898815748423097,moderate_network_transition_concentration,0.3333333333333333,0.6666666666666666,0.8333333333333333,3.77976314968462,weak_corridor_observation_concentration,network_and_physical_both_concentrated,0.0,False,False,False,True,False,"insufficient_minimum_mappable_segments,minimum_unique_probes,minimum_unique_probe_asns","minimum_mappable_segments,minimum_unique_probes,minimum_unique_probe_asns",1,1,0.6666666666666666,0.3333333333333333
MT,M-Root,5006,dns-root_m-root_msm5006_20260701T000000Z_010000Z.json,63,0.19047619047619047,0.36507936507936506,0.5079365079365079,8.631675756285485,broad_network_transition_distribution,0.2619047619047619,0.5238095238095238,0.6984126984126984,6.35035744768004,broad_corridor_observation_distribution,network_and_physical_both_broad,0.0,False,False,False,True,False,"insufficient_minimum_unique_probes,minimum_unique_probe_asns","minimum_unique_probes,minimum_unique_probe_asns",8,2,0.6666666666666666,0.3333333333333333
MU,M-Root,5006,dns-root_m-root_msm5006_20260701T000000Z_010000Z.json,3,1.0,1.0,1.0,1.0,severe_network_transition_concentration,1.0,1.0,1.0,1.0,severe_corridor_observation_concentration,network_and_physical_both_concentrated,0.0,False,False,False,True,False,"insufficient_minimum_mappable_segments,minimum_unique_probes,minimum_unique_probe_asns","minimum_mappable_segments,minimum_unique_probes,minimum_unique_probe_asns",1,1,0.0,1.0
MV,M-Root,5006,dns-root_m-root_msm5006_20260701T000000Z_010000Z.json,33,0.45454545454545453,0.8787878787878788,0.9696969696969697,2.8465329023441805,moderate_network_transition_concentration,0.45454545454545453,0.8787878787878788,0.9696969696969697,2.8465329023441805,moderate_corridor_observation_concentration,network_and_physical_both_concentrated,0.0,False,False,False,True,False,"insufficient_minimum_unique_probes,minimum_unique_probe_asns","minimum_unique_probes,minimum_unique_probe_asns",7,2,0.0,1.0
MX,M-Root,5006,dns-root_m-root_msm5006_20260701T000000Z_010000Z.json,82,0.45121951219512196,0.8780487804878049,0.9512195121951219,2.8896851453669323,moderate_network_transition_concentration,0.45121951219512196,0.676829268292683,0.9024390243902439,3.7800725036566556,weak_corridor_observation_concentration,network_and_physical_both_concentrated,0.0,True,True,True,True,True,auditable,,14,3,0.45121951219512196,0.5487804878048781
MY,M-Root,5006,dns-root_m-root_msm5006_20260701T000000Z_010000Z.json,18,0.3333333333333333,0.5,0.6666666666666666,4.7622031559046,broad_network_transition_distribution,0.3333333333333333,0.6666666666666666,0.75,5.095143988694857,broad_corridor_observation_distribution,network_and_physical_both_broad,0.0,False,False,False,True,False,"insufficient_minimum_mappable_segments,minimum_unique_probes,minimum_unique_probe_asns","minimum_mappable_segments,minimum_unique_probes,minimum_unique_probe_asns",1,1,0.8333333333333334,0.16666666666666666
MZ,M-Root,5006,dns-root_m-root_msm5006_20260701T000000Z_010000Z.json,6,0.8333333333333334,1.0,1.0,1.5691925832141966,severe_network_transition_concentration,1.0,1.0,1.0,1.0,severe_corridor_observation_concentration,network_and_physical_both_concentrated,0.0,False,False,False,True,False,"insufficient_minimum_mappable_segments,minimum_unique_probes,minimum_unique_probe_asns","minimum_mappable_segments,minimum_unique_probes,minimum_unique_probe_asns",2,2,0.0,1.0
NA,M-Root,5006,dns-root_m-root_msm5006_20260701T000000Z_010000Z.json,1733,0.27293710328909404,0.33121754183496827,0.38545874206578185,33.347657286780255,broad_network_transition_distribution,0.15954991344489325,0.3190998268897865,0.3704558568955568,37.96796277927369,broad_corridor_observation_distribution,network_and_physical_both_broad,0.0,False,False,False,True,False,insufficient_minimum_unique_probe_asns,minimum_unique_probe_asns,171,2,0.5983843046739757,0.40161569532602426
NC,M-Root,5006,dns-root_m-root_msm5006_20260701T000000Z_010000Z.json,30,0.5,1.0,1.0,2.0,moderate_network_transition_concentration,0.5,1.0,1.0,2.0,moderate_corridor_observation_concentration,network_and_physical_both_concentrated,0.0,False,False,False,True,False,"insufficient_minimum_unique_probes,minimum_unique_probe_asns","minimum_unique_probes,minimum_unique_probe_asns",5,2,0.5,0.5
NG,M-Root,5006,dns-root_m-root_msm5006_20260701T000000Z_010000Z.json,10,0.4,0.7,1.0,2.971004096610006,weak_network_transition_concentration,0.6,1.0,1.0,1.9601317042077895,moderate_corridor_observation_concentration,network_broad_physical_concentrated,0.0,False,False,False,True,False,"insufficient_minimum_mappable_segments,minimum_unique_probes","minimum_mappable_segments,minimum_unique_probes",3,3,0.0,1.0
NL,M-Root,5006,dns-root_m-root_msm5006_20260701T000000Z_010000Z.json,43,0.3023255813953488,0.5348837209302325,0.7209302325581395,5.669621949032803,broad_network_transition_distribution,0.46511627906976744,0.6162790697674418,0.7674418604651163,4.778363856282718,broad_corridor_observation_distribution,network_and_physical_both_broad,0.0,False,False,False,True,False,insufficient_minimum_unique_probes,minimum_unique_probes,9,9,0.32558139534883723,0.6744186046511628
NO,M-Root,5006,dns-root_m-root_msm5006_20260701T000000Z_010000Z.json,152,0.23684210526315788,0.375,0.45394736842105265,13.58709293524215,broad_network_transition_distribution,0.21710526315789475,0.39144736842105265,0.506578947368421,13.797471383918767,broad_corridor_observation_distribution,network_and_physical_both_broad,0.0,True,True,True,True,True,auditable,,16,8,0.9671052631578947,0.03289473684210526
NP,M-Root,5006,dns-root_m-root_msm5006_20260701T000000Z_010000Z.json,8,0.375,0.75,1.0,2.9511517858675242,weak_network_transition_concentration,0.375,0.625,0.8125,3.827170367691972,weak_corridor_observation_concentration,network_and_physical_both_concentrated,0.0,False,False,False,True,False,"insufficient_minimum_mappable_segments,minimum_unique_probes,minimum_unique_probe_asns","minimum_mappable_segments,minimum_unique_probes,minimum_unique_probe_asns",2,1,0.375,0.625
NZ,M-Root,5006,dns-root_m-root_msm5006_20260701T000000Z_010000Z.json,266,0.8571428571428571,0.9022556390977443,0.9248120300751879,1.9754350486787475,severe_network_transition_concentration,0.5037593984962406,0.7406015037593985,0.9097744360902256,3.834288584024998,weak_corridor_observation_concentration,network_and_physical_both_concentrated,0.0,True,True,True,True,True,auditable,,45,23,0.9849624060150376,0.015037593984962405
OM,M-Root,5006,dns-root_m-root_msm5006_20260701T000000Z_010000Z.json,3,1.0,1.0,1.0,1.0,severe_network_transition_concentration,0.5,1.0,1.0,2.0,moderate_corridor_observation_concentration,network_and_physical_both_concentrated,0.0,False,False,False,True,False,"insufficient_minimum_mappable_segments,minimum_unique_probes,minimum_unique_probe_asns","minimum_mappable_segments,minimum_unique_probes,minimum_unique_probe_asns",1,1,1.0,0.0
PA,M-Root,5006,dns-root_m-root_msm5006_20260701T000000Z_010000Z.json,10,0.3,0.6,0.8999999999999999,3.7204105801130147,weak_network_transition_concentration,0.3,0.6,0.75,4.580362701055456,broad_corridor_observation_distribution,network_and_physical_both_broad,0.0,False,False,False,True,False,"insufficient_minimum_mappable_segments,minimum_unique_probes,minimum_unique_probe_asns","minimum_mappable_segments,minimum_unique_probes,minimum_unique_probe_asns",1,1,0.3,0.7
PE,M-Root,5006,dns-root_m-root_msm5006_20260701T000000Z_010000Z.json,55,0.43636363636363634,0.6,0.7454545454545454,5.1163972928591965,broad_network_transition_distribution,0.8363636363636363,0.8909090909090909,0.9454545454545454,1.9410554132592457,severe_corridor_observation_concentration,network_broad_physical_concentrated,0.0,True,True,True,True,True,auditable,,11,9,0.05454545454545454,0.9454545454545454
PG,M-Root,5006,dns-root_m-root_msm5006_20260701T000000Z_010000Z.json,6,0.5,1.0,1.0,2.0,moderate_network_transition_concentration,0.5,1.0,1.0,2.0,moderate_corridor_observation_concentration,network_and_physical_both_concentrated,0.0,False,False,False,True,False,"insufficient_minimum_mappable_segments,minimum_unique_probes,minimum_unique_probe_asns","minimum_mappable_segments,minimum_unique_probes,minimum_unique_probe_asns",1,1,0.5,0.5
PH,M-Root,5006,dns-root_m-root_msm5006_20260701T000000Z_010000Z.json,313,0.2108626198083067,0.3514376996805112,0.4696485623003195,17.599253373005464,broad_network_transition_distribution,0.3335463258785943,0.4325878594249202,0.5092651757188499,12.925082408221463,broad_corridor_observation_distribution,network_and_physical_both_broad,0.0,True,True,True,True,True,auditable,,29,15,0.5431309904153354,0.45686900958466453
PK,M-Root,5006,dns-root_m-root_msm5006_20260701T000000Z_010000Z.json,7,0.42857142857142855,0.8571428571428571,1.0,2.729838563103603,moderate_network_transition_concentration,0.8571428571428571,1.0,1.0,1.5069930657725377,severe_corridor_observation_concentration,network_and_physical_both_concentrated,0.0,False,False,False,True,False,"insufficient_minimum_mappable_segments,minimum_unique_probes,minimum_unique_probe_asns","minimum_mappable_segments,minimum_unique_probes,minimum_unique_probe_asns",2,2,0.0,1.0
PL,M-Root,5006,dns-root_m-root_msm5006_20260701T000000Z_010000Z.json,49,0.5306122448979592,0.9183673469387755,0.9795918367346939,2.5962060460977034,moderate_network_transition_concentration,0.5510204081632653,0.9387755102040816,0.9693877551020408,2.4823390767428495,moderate_corridor_observation_concentration,network_and_physical_both_concentrated,0.0,True,True,True,True,True,auditable,,17,3,0.061224489795918366,0.9387755102040817
PR,M-Root,5006,dns-root_m-root_msm5006_20260701T000000Z_010000Z.json,2,1.0,1.0,1.0,1.0,severe_network_transition_concentration,0.5,1.0,1.0,2.0,moderate_corridor_observation_concentration,network_and_physical_both_concentrated,0.0,False,False,False,True,False,"insufficient_minimum_mappable_segments,minimum_unique_probes,minimum_unique_probe_asns","minimum_mappable_segments,minimum_unique_probes,minimum_unique_probe_asns",1,1,0.0,1.0
PT,M-Root,5006,dns-root_m-root_msm5006_20260701T000000Z_010000Z.json,29,0.3103448275862069,0.4827586206896552,0.5862068965517242,6.294407348005269,broad_network_transition_distribution,0.5172413793103449,0.6896551724137931,0.7931034482758621,4.136488141780652,broad_corridor_observation_distribution,network_and_physical_both_broad,0.0,False,False,False,True,False,"insufficient_minimum_mappable_segments,minimum_unique_probes,minimum_unique_probe_asns","minimum_mappable_segments,minimum_unique_probes,minimum_unique_probe_asns",5,2,0.8275862068965517,0.1724137931034483
PW,M-Root,5006,dns-root_m-root_msm5006_20260701T000000Z_010000Z.json,3,1.0,1.0,1.0,1.0,severe_network_transition_concentration,0.5,1.0,1.0,2.0,moderate_corridor_observation_concentration,network_and_physical_both_concentrated,0.0,False,False,False,True,False,"insufficient_minimum_mappable_segments,minimum_unique_probes,minimum_unique_probe_asns","minimum_mappable_segments,minimum_unique_probes,minimum_unique_probe_asns",1,1,1.0,0.0
PY,M-Root,5006,dns-root_m-root_msm5006_20260701T000000Z_010000Z.json,1,1.0,1.0,1.0,1.0,severe_network_transition_concentration,1.0,1.0,1.0,1.0,severe_corridor_observation_concentration,network_and_physical_both_concentrated,0.0,False,False,False,True,False,"insufficient_minimum_mappable_segments,minimum_unique_probes,minimum_unique_probe_asns","minimum_mappable_segments,minimum_unique_probes,minimum_unique_probe_asns",1,1,0.0,1.0
QA,M-Root,5006,dns-root_m-root_msm5006_20260701T000000Z_010000Z.json,3,1.0,1.0,1.0,1.0,severe_network_transition_concentration,1.0,1.0,1.0,1.0,severe_corridor_observation_concentration,network_and_physical_both_concentrated,0.0,False,False,False,True,False,"insufficient_minimum_mappable_segments,minimum_unique_probes,minimum_unique_probe_asns","minimum_mappable_segments,minimum_unique_probes,minimum_unique_probe_asns",1,1,0.0,1.0
RE,M-Root,5006,dns-root_m-root_msm5006_20260701T000000Z_010000Z.json,135,0.37037037037037035,0.7037037037037037,1.0,2.9876542648459874,weak_network_transition_concentration,0.37037037037037035,0.7037037037037037,1.0,2.9876542648459874,weak_corridor_observation_concentration,network_and_physical_both_concentrated,0.0,False,False,False,True,False,insufficient_minimum_unique_probe_asns,minimum_unique_probe_asns,17,1,0.37037037037037035,0.6296296296296297
RO,M-Root,5006,dns-root_m-root_msm5006_20260701T000000Z_010000Z.json,22,0.9090909090909091,1.0,1.0,1.3561314133862727,severe_network_transition_concentration,0.45454545454545453,0.9090909090909091,1.0,2.5466274058954403,moderate_corridor_observation_concentration,network_and_physical_both_concentrated,0.0,False,False,False,True,False,"insufficient_minimum_mappable_segments,minimum_unique_probes","minimum_mappable_segments,minimum_unique_probes",7,6,0.9090909090909091,0.09090909090909091
RU,M-Root,5006,dns-root_m-root_msm5006_20260701T000000Z_010000Z.json,44,0.4090909090909091,0.75,0.8863636363636364,3.893582448109676,weak_network_transition_concentration,0.75,0.8863636363636364,0.9204545454545454,2.4347224776592884,moderate_corridor_observation_concentration,network_broad_physical_concentrated,0.0,True,True,True,True,True,auditable,,20,15,0.06818181818181818,0.9318181818181818
SA,M-Root,5006,dns-root_m-root_msm5006_20260701T000000Z_010000Z.json,6,1.0,1.0,1.0,1.0,severe_network_transition_concentration,1.0,1.0,1.0,1.0,severe_corridor_observation_concentration,network_and_physical_both_concentrated,0.0,False,False,False,True,False,"insufficient_minimum_mappable_segments,minimum_unique_probes,minimum_unique_probe_asns","minimum_mappable_segments,minimum_unique_probes,minimum_unique_probe_asns",2,2,0.0,1.0
SE,M-Root,5006,dns-root_m-root_msm5006_20260701T000000Z_010000Z.json,259,0.15057915057915058,0.25096525096525096,0.3436293436293436,18.368489124164824,broad_network_transition_distribution,0.2413127413127413,0.43050193050193053,0.5810810810810811,10.970336333761015,broad_corridor_observation_distribution,network_and_physical_both_broad,0.0,True,True,True,True,True,auditable,,28,12,0.5752895752895753,0.4247104247104247
SG,M-Root,5006,dns-root_m-root_msm5006_20260701T000000Z_010000Z.json,223,0.3632286995515695,0.5515695067264574,0.6457399103139013,7.91292069694595,broad_network_transition_distribution,0.3183856502242152,0.5560538116591928,0.7937219730941704,5.145709081450568,broad_corridor_observation_distribution,network_and_physical_both_broad,0.0,True,True,True,True,True,auditable,,34,24,0.5381165919282511,0.4618834080717489
SL,M-Root,5006,dns-root_m-root_msm5006_20260701T000000Z_010000Z.json,3,1.0,1.0,1.0,1.0,severe_network_transition_concentration,1.0,1.0,1.0,1.0,severe_corridor_observation_concentration,network_and_physical_both_concentrated,0.0,False,False,False,True,False,"insufficient_minimum_mappable_segments,minimum_unique_probes,minimum_unique_probe_asns","minimum_mappable_segments,minimum_unique_probes,minimum_unique_probe_asns",1,1,0.0,1.0
SN,M-Root,5006,dns-root_m-root_msm5006_20260701T000000Z_010000Z.json,6,0.5,1.0,1.0,2.0,moderate_network_transition_concentration,0.5,0.75,1.0,2.82842712474619,weak_corridor_observation_concentration,network_and_physical_both_concentrated,0.0,False,False,False,True,False,"insufficient_minimum_mappable_segments,minimum_unique_probes,minimum_unique_probe_asns","minimum_mappable_segments,minimum_unique_probes,minimum_unique_probe_asns",1,1,0.5,0.5
SS,M-Root,5006,dns-root_m-root_msm5006_20260701T000000Z_010000Z.json,6,1.0,1.0,1.0,1.0,severe_network_transition_concentration,0.5,1.0,1.0,2.0,moderate_corridor_observation_concentration,network_and_physical_both_concentrated,0.0,False,False,False,True,False,"insufficient_minimum_mappable_segments,minimum_unique_probes,minimum_unique_probe_asns","minimum_mappable_segments,minimum_unique_probes,minimum_unique_probe_asns",1,1,0.0,1.0
SV,M-Root,5006,dns-root_m-root_msm5006_20260701T000000Z_010000Z.json,21,1.0,1.0,1.0,1.0,severe_network_transition_concentration,0.7142857142857143,0.8571428571428572,1.0,2.2173474522732106,moderate_corridor_observation_concentration,network_and_physical_both_concentrated,0.0,False,False,False,True,False,"insufficient_minimum_mappable_segments,minimum_unique_probes","minimum_mappable_segments,minimum_unique_probes",5,3,0.0,1.0
TD,M-Root,5006,dns-root_m-root_msm5006_20260701T000000Z_010000Z.json,3,1.0,1.0,1.0,1.0,severe_network_transition_concentration,1.0,1.0,1.0,1.0,severe_corridor_observation_concentration,network_and_physical_both_concentrated,0.0,False,False,False,True,False,"insufficient_minimum_mappable_segments,minimum_unique_probes,minimum_unique_probe_asns","minimum_mappable_segments,minimum_unique_probes,minimum_unique_probe_asns",1,1,1.0,0.0
TH,M-Root,5006,dns-root_m-root_msm5006_20260701T000000Z_010000Z.json,68,0.39705882352941174,0.5147058823529411,0.6029411764705882,7.453772780735459,broad_network_transition_distribution,0.2647058823529412,0.5147058823529411,0.6911764705882353,5.9886658287327394,broad_corridor_observation_distribution,network_and_physical_both_broad,0.0,False,False,False,True,False,insufficient_minimum_unique_probes,minimum_unique_probes,6,6,0.3088235294117647,0.6911764705882353
TL,M-Root,5006,dns-root_m-root_msm5006_20260701T000000Z_010000Z.json,21,0.42857142857142855,0.8571428571428571,1.0,2.729838563103603,moderate_network_transition_concentration,0.42857142857142855,0.6428571428571428,0.8571428571428571,3.6740902479363733,weak_corridor_observation_concentration,network_and_physical_both_concentrated,0.0,False,False,False,True,False,"insufficient_minimum_mappable_segments,minimum_unique_probes,minimum_unique_probe_asns","minimum_mappable_segments,minimum_unique_probes,minimum_unique_probe_asns",3,1,0.5714285714285714,0.42857142857142855
TO,M-Root,5006,dns-root_m-root_msm5006_20260701T000000Z_010000Z.json,9,0.3333333333333333,0.6666666666666666,1.0,2.9999999999999996,weak_network_transition_concentration,0.3333333333333333,0.6666666666666666,1.0,2.9999999999999996,weak_corridor_observation_concentration,network_and_physical_both_concentrated,0.0,False,False,False,True,False,"insufficient_minimum_mappable_segments,minimum_unique_probes,minimum_unique_probe_asns","minimum_mappable_segments,minimum_unique_probes,minimum_unique_probe_asns",1,1,0.3333333333333333,0.6666666666666666
TV,M-Root,5006,dns-root_m-root_msm5006_20260701T000000Z_010000Z.json,10,0.3,0.6,0.8999999999999999,3.7204105801130147,weak_network_transition_concentration,0.3,0.6,0.8999999999999999,3.7204105801130147,weak_corridor_observation_concentration,network_and_physical_both_concentrated,0.0,False,False,False,True,False,"insufficient_minimum_mappable_segments,minimum_unique_probes,minimum_unique_probe_asns","minimum_mappable_segments,minimum_unique_probes,minimum_unique_probe_asns",1,1,0.3,0.7
TW,M-Root,5006,dns-root_m-root_msm5006_20260701T000000Z_010000Z.json,268,0.2574626865671642,0.3768656716417911,0.48880597014925375,11.133152919254535,broad_network_transition_distribution,0.17537313432835822,0.2873134328358209,0.3880597014925373,12.22706476362214,broad_corridor_observation_distribution,network_and_physical_both_broad,0.0,True,True,True,True,True,auditable,,23,9,0.6417910447761194,0.3582089552238806
UA,M-Root,5006,dns-root_m-root_msm5006_20260701T000000Z_010000Z.json,3,1.0,1.0,1.0,1.0,severe_network_transition_concentration,1.0,1.0,1.0,1.0,severe_corridor_observation_concentration,network_and_physical_both_concentrated,0.0,False,False,False,True,False,"insufficient_minimum_mappable_segments,minimum_unique_probes,minimum_unique_probe_asns","minimum_mappable_segments,minimum_unique_probes,minimum_unique_probe_asns",2,2,0.0,1.0
UG,M-Root,5006,dns-root_m-root_msm5006_20260701T000000Z_010000Z.json,3,1.0,1.0,1.0,1.0,severe_network_transition_concentration,1.0,1.0,1.0,1.0,severe_corridor_observation_concentration,network_and_physical_both_concentrated,0.0,False,False,False,True,False,"insufficient_minimum_mappable_segments,minimum_unique_probes,minimum_unique_probe_asns","minimum_mappable_segments,minimum_unique_probes,minimum_unique_probe_asns",1,1,0.0,1.0
US,M-Root,5006,dns-root_m-root_msm5006_20260701T000000Z_010000Z.json,1709,0.3165593914569924,0.577530719719134,0.6354593329432416,11.034243683576292,broad_network_transition_distribution,0.2984201287302516,0.47630193095377416,0.6541837331772966,7.880489421670268,broad_corridor_observation_distribution,network_and_physical_both_broad,0.0,True,True,True,True,True,auditable,,204,35,0.6793446459918081,0.320655354008192
VE,M-Root,5006,dns-root_m-root_msm5006_20260701T000000Z_010000Z.json,34,0.5294117647058824,0.7058823529411765,0.8529411764705883,3.689825165036598,weak_network_transition_concentration,0.4411764705882353,0.6764705882352942,0.7647058823529411,4.530216057508888,broad_corridor_observation_distribution,network_and_physical_both_broad,0.0,False,False,False,True,False,insufficient_minimum_unique_probes,minimum_unique_probes,7,6,0.2647058823529412,0.7352941176470589
VI,M-Root,5006,dns-root_m-root_msm5006_20260701T000000Z_010000Z.json,14,0.42857142857142855,0.7857142857142857,1.0,2.889097705629067,weak_network_transition_concentration,0.21428571428571427,0.42857142857142855,0.5714285714285714,7.259544497748805,broad_corridor_observation_distribution,network_and_physical_both_broad,0.0,False,False,False,True,False,"insufficient_minimum_mappable_segments,minimum_unique_probes,minimum_unique_probe_asns","minimum_mappable_segments,minimum_unique_probes,minimum_unique_probe_asns",1,1,0.42857142857142855,0.5714285714285714
VN,M-Root,5006,dns-root_m-root_msm5006_20260701T000000Z_010000Z.json,10,0.4,0.7,1.0,2.971004096610006,weak_network_transition_concentration,0.4,0.7,0.85,3.657735095566268,weak_corridor_observation_concentration,network_and_physical_both_concentrated,0.0,False,False,False,True,False,"insufficient_minimum_mappable_segments,minimum_unique_probes,minimum_unique_probe_asns","minimum_mappable_segments,minimum_unique_probes,minimum_unique_probe_asns",2,1,0.0,1.0
ZA,M-Root,5006,dns-root_m-root_msm5006_20260701T000000Z_010000Z.json,188,0.4148936170212766,0.5797872340425532,0.6276595744680851,8.778413722762606,broad_network_transition_distribution,0.6382978723404256,0.8457446808510638,0.8936170212765958,3.144779553185261,moderate_corridor_observation_concentration,network_broad_physical_concentrated,0.0,True,True,True,True,True,auditable,,42,28,0.26595744680851063,0.7340425531914894
