probe_country,service_id,msm_id,file_name,total_mappable_segments,total_observation_mass,unique_corridors_observed,top1_corridor_id,top1_corridor_share,top2_corridor_share,top3_corridor_share,effective_corridor_count,corridor_concentration_tier,is_corridor_concentrated,auditable_corridor_concentration,sufficient_corridor_observation,auditable_paper_case,observation_sufficiency_reason,failed_thresholds,unique_probes,unique_probe_asns,unique_measurements_or_targets,domestic_segment_share,international_segment_share,analysis_scope
AD,Topology-IPv4-ICMP,5151,topology-baseline_topology-ipv4-icmp_msm5151_20260701T000000Z_010000Z.json,2,2.0,2,landing_region_0230::landing_region_0230,0.5,1.0,1.0,2.0,moderate_corridor_observation_concentration,True,False,False,False,"insufficient_minimum_mappable_segments,minimum_unique_probes,minimum_unique_probe_asns","minimum_mappable_segments,minimum_unique_probes,minimum_unique_probe_asns",1,1,1,0.5,0.5,probe_country_service
AE,Topology-IPv4-ICMP,5151,topology-baseline_topology-ipv4-icmp_msm5151_20260701T000000Z_010000Z.json,10,10.0,7,landing_region_0337::landing_region_0377,0.4,0.5,0.6000000000000001,5.743491774985174,broad_corridor_observation_distribution,False,False,False,False,"insufficient_minimum_mappable_segments,minimum_unique_probes","minimum_mappable_segments,minimum_unique_probes",3,3,1,0.6,0.4,probe_country_service
AF,Topology-IPv4-ICMP,5151,topology-baseline_topology-ipv4-icmp_msm5151_20260701T000000Z_010000Z.json,4,4.0,3,landing_region_0223::landing_region_0223,0.5,0.75,1.0,2.82842712474619,weak_corridor_observation_concentration,True,False,False,False,"insufficient_minimum_mappable_segments,minimum_unique_probes,minimum_unique_probe_asns","minimum_mappable_segments,minimum_unique_probes,minimum_unique_probe_asns",2,1,1,1.0,0.0,probe_country_service
AL,Topology-IPv4-ICMP,5151,topology-baseline_topology-ipv4-icmp_msm5151_20260701T000000Z_010000Z.json,9,9.0,5,landing_region_0041::landing_region_0041,0.5555555555555556,0.6666666666666667,0.7777777777777778,3.680661177206624,weak_corridor_observation_concentration,True,False,False,False,"insufficient_minimum_mappable_segments,minimum_unique_probes,minimum_unique_probe_asns","minimum_mappable_segments,minimum_unique_probes,minimum_unique_probe_asns",1,1,1,0.6666666666666666,0.3333333333333333,probe_country_service
AM,Topology-IPv4-ICMP,5151,topology-baseline_topology-ipv4-icmp_msm5151_20260701T000000Z_010000Z.json,3,3.0,3,landing_region_0041::landing_region_0041,0.3333333333333333,0.6666666666666666,1.0,2.9999999999999996,weak_corridor_observation_concentration,True,False,False,False,"insufficient_minimum_mappable_segments,minimum_unique_probes,minimum_unique_probe_asns","minimum_mappable_segments,minimum_unique_probes,minimum_unique_probe_asns",1,1,1,0.6666666666666666,0.3333333333333333,probe_country_service
AO,Topology-IPv4-ICMP,5151,topology-baseline_topology-ipv4-icmp_msm5151_20260701T000000Z_010000Z.json,4,4.0,2,landing_region_0174::landing_region_0370,0.75,1.0,1.0,1.7547653506033232,moderate_corridor_observation_concentration,True,False,False,False,"insufficient_minimum_mappable_segments,minimum_unique_probes,minimum_unique_probe_asns","minimum_mappable_segments,minimum_unique_probes,minimum_unique_probe_asns",3,2,1,0.25,0.75,probe_country_service
AR,Topology-IPv4-ICMP,5151,topology-baseline_topology-ipv4-icmp_msm5151_20260701T000000Z_010000Z.json,29,29.0,14,landing_region_0041::landing_region_0041,0.2413793103448276,0.4137931034482759,0.5517241379310345,10.311755570755382,broad_corridor_observation_distribution,False,False,False,False,"insufficient_minimum_mappable_segments,minimum_unique_probes","minimum_mappable_segments,minimum_unique_probes",3,3,1,0.7586206896551724,0.2413793103448276,probe_country_service
AT,Topology-IPv4-ICMP,5151,topology-baseline_topology-ipv4-icmp_msm5151_20260701T000000Z_010000Z.json,99,99.0,28,landing_region_0132::landing_region_0132,0.20202020202020202,0.35353535353535354,0.48484848484848486,15.117597756356023,broad_corridor_observation_distribution,False,False,False,False,insufficient_minimum_unique_probes,minimum_unique_probes,9,7,1,0.8080808080808081,0.1919191919191919,probe_country_service
AU,Topology-IPv4-ICMP,5151,topology-baseline_topology-ipv4-icmp_msm5151_20260701T000000Z_010000Z.json,549,549.0,27,landing_region_0041::landing_region_0041,0.5081967213114754,0.6120218579234973,0.6830601092896175,7.0632134171887575,broad_corridor_observation_distribution,False,False,True,True,auditable,,117,54,1,0.8834244080145719,0.11657559198542805,probe_country_service
AX,Topology-IPv4-ICMP,5151,topology-baseline_topology-ipv4-icmp_msm5151_20260701T000000Z_010000Z.json,7,7.0,6,landing_region_0415::landing_region_0415,0.2857142857142857,0.42857142857142855,0.5714285714285714,5.742347492053467,broad_corridor_observation_distribution,False,False,False,False,"insufficient_minimum_mappable_segments,minimum_unique_probes,minimum_unique_probe_asns","minimum_mappable_segments,minimum_unique_probes,minimum_unique_probe_asns",1,1,1,0.5714285714285714,0.42857142857142855,probe_country_service
AZ,Topology-IPv4-ICMP,5151,topology-baseline_topology-ipv4-icmp_msm5151_20260701T000000Z_010000Z.json,3,3.0,2,landing_region_0041::landing_region_0041,0.6666666666666666,1.0,1.0,1.8898815748423097,moderate_corridor_observation_concentration,True,False,False,False,"insufficient_minimum_mappable_segments,minimum_unique_probes,minimum_unique_probe_asns","minimum_mappable_segments,minimum_unique_probes,minimum_unique_probe_asns",1,1,1,1.0,0.0,probe_country_service
BA,Topology-IPv4-ICMP,5151,topology-baseline_topology-ipv4-icmp_msm5151_20260701T000000Z_010000Z.json,12,12.0,6,landing_region_0230::landing_region_0230,0.3333333333333333,0.5833333333333333,0.75,5.11732032057026,broad_corridor_observation_distribution,False,False,False,False,"insufficient_minimum_mappable_segments,minimum_unique_probes,minimum_unique_probe_asns","minimum_mappable_segments,minimum_unique_probes,minimum_unique_probe_asns",2,2,1,0.6666666666666666,0.3333333333333333,probe_country_service
BB,Topology-IPv4-ICMP,5151,topology-baseline_topology-ipv4-icmp_msm5151_20260701T000000Z_010000Z.json,1,1.0,1,landing_region_0174::landing_region_0603,1.0,1.0,1.0,1.0,severe_corridor_observation_concentration,True,False,False,False,"insufficient_minimum_mappable_segments,minimum_unique_probes,minimum_unique_probe_asns","minimum_mappable_segments,minimum_unique_probes,minimum_unique_probe_asns",1,1,1,0.0,1.0,probe_country_service
BD,Topology-IPv4-ICMP,5151,topology-baseline_topology-ipv4-icmp_msm5151_20260701T000000Z_010000Z.json,3,3.0,3,landing_region_0061::landing_region_0061,0.3333333333333333,0.6666666666666666,1.0,2.9999999999999996,weak_corridor_observation_concentration,True,False,False,False,"insufficient_minimum_mappable_segments,minimum_unique_probes,minimum_unique_probe_asns","minimum_mappable_segments,minimum_unique_probes,minimum_unique_probe_asns",1,1,1,0.6666666666666666,0.3333333333333333,probe_country_service
BE,Topology-IPv4-ICMP,5151,topology-baseline_topology-ipv4-icmp_msm5151_20260701T000000Z_010000Z.json,27,27.0,15,landing_region_0132::landing_region_0132,0.37037037037037035,0.4444444444444444,0.5185185185185185,9.865017027371215,broad_corridor_observation_distribution,False,False,False,False,"insufficient_minimum_mappable_segments,minimum_unique_probes","minimum_mappable_segments,minimum_unique_probes",7,5,1,0.6666666666666666,0.3333333333333333,probe_country_service
BF,Topology-IPv4-ICMP,5151,topology-baseline_topology-ipv4-icmp_msm5151_20260701T000000Z_010000Z.json,2,2.0,1,landing_region_0239::landing_region_0239,1.0,1.0,1.0,1.0,severe_corridor_observation_concentration,True,False,False,False,"insufficient_minimum_mappable_segments,minimum_unique_probes,minimum_unique_probe_asns","minimum_mappable_segments,minimum_unique_probes,minimum_unique_probe_asns",1,1,1,1.0,0.0,probe_country_service
BG,Topology-IPv4-ICMP,5151,topology-baseline_topology-ipv4-icmp_msm5151_20260701T000000Z_010000Z.json,40,40.0,12,landing_region_0719::landing_region_0719,0.3,0.575,0.675,7.342256227534385,broad_corridor_observation_distribution,False,False,False,False,insufficient_minimum_unique_probes,minimum_unique_probes,8,6,1,0.8,0.2,probe_country_service
BH,Topology-IPv4-ICMP,5151,topology-baseline_topology-ipv4-icmp_msm5151_20260701T000000Z_010000Z.json,13,13.0,6,landing_region_0719::landing_region_0719,0.3076923076923077,0.5384615384615385,0.6923076923076923,5.320648944808781,broad_corridor_observation_distribution,False,False,False,False,"insufficient_minimum_mappable_segments,minimum_unique_probes,minimum_unique_probe_asns","minimum_mappable_segments,minimum_unique_probes,minimum_unique_probe_asns",2,2,1,0.6923076923076923,0.3076923076923077,probe_country_service
BJ,Topology-IPv4-ICMP,5151,topology-baseline_topology-ipv4-icmp_msm5151_20260701T000000Z_010000Z.json,8,8.0,5,landing_region_0230::landing_region_0230,0.375,0.625,0.75,4.455659733512512,broad_corridor_observation_distribution,False,False,False,False,"insufficient_minimum_mappable_segments,minimum_unique_probes,minimum_unique_probe_asns","minimum_mappable_segments,minimum_unique_probes,minimum_unique_probe_asns",1,1,1,0.75,0.25,probe_country_service
BO,Topology-IPv4-ICMP,5151,topology-baseline_topology-ipv4-icmp_msm5151_20260701T000000Z_010000Z.json,6,6.0,3,landing_region_0719::landing_region_0719,0.6666666666666666,0.8333333333333333,1.0,2.3811015779522995,moderate_corridor_observation_concentration,True,False,False,False,"insufficient_minimum_mappable_segments,minimum_unique_probes,minimum_unique_probe_asns","minimum_mappable_segments,minimum_unique_probes,minimum_unique_probe_asns",1,1,1,0.8333333333333334,0.16666666666666666,probe_country_service
BR,Topology-IPv4-ICMP,5151,topology-baseline_topology-ipv4-icmp_msm5151_20260701T000000Z_010000Z.json,41,41.0,18,landing_region_0132::landing_region_0132,0.21951219512195122,0.36585365853658536,0.4878048780487805,12.470006795342302,broad_corridor_observation_distribution,False,False,False,False,insufficient_minimum_unique_probes,minimum_unique_probes,5,5,1,0.6829268292682927,0.3170731707317073,probe_country_service
BT,Topology-IPv4-ICMP,5151,topology-baseline_topology-ipv4-icmp_msm5151_20260701T000000Z_010000Z.json,2,2.0,1,landing_region_0132::landing_region_0132,1.0,1.0,1.0,1.0,severe_corridor_observation_concentration,True,False,False,False,"insufficient_minimum_mappable_segments,minimum_unique_probes,minimum_unique_probe_asns","minimum_mappable_segments,minimum_unique_probes,minimum_unique_probe_asns",1,1,1,1.0,0.0,probe_country_service
BW,Topology-IPv4-ICMP,5151,topology-baseline_topology-ipv4-icmp_msm5151_20260701T000000Z_010000Z.json,1,1.0,1,landing_region_0051::landing_region_0512,1.0,1.0,1.0,1.0,severe_corridor_observation_concentration,True,False,False,False,"insufficient_minimum_mappable_segments,minimum_unique_probes,minimum_unique_probe_asns","minimum_mappable_segments,minimum_unique_probes,minimum_unique_probe_asns",1,1,1,0.0,1.0,probe_country_service
BY,Topology-IPv4-ICMP,5151,topology-baseline_topology-ipv4-icmp_msm5151_20260701T000000Z_010000Z.json,6,6.0,5,landing_region_0061::landing_region_0061,0.3333333333333333,0.5,0.6666666666666666,4.7622031559046,broad_corridor_observation_distribution,False,False,False,False,"insufficient_minimum_mappable_segments,minimum_unique_probes,minimum_unique_probe_asns","minimum_mappable_segments,minimum_unique_probes,minimum_unique_probe_asns",1,1,1,0.8333333333333334,0.16666666666666666,probe_country_service
CA,Topology-IPv4-ICMP,5151,topology-baseline_topology-ipv4-icmp_msm5151_20260701T000000Z_010000Z.json,232,232.0,25,landing_region_0008::landing_region_0008,0.28879310344827586,0.43534482758620685,0.5474137931034483,10.863829268104885,broad_corridor_observation_distribution,False,False,True,True,auditable,,35,11,1,0.7629310344827587,0.23706896551724138,probe_country_service
CG,Topology-IPv4-ICMP,5151,topology-baseline_topology-ipv4-icmp_msm5151_20260701T000000Z_010000Z.json,3,3.0,3,landing_region_0126::landing_region_0431,0.3333333333333333,0.6666666666666666,1.0,2.9999999999999996,weak_corridor_observation_concentration,True,False,False,False,"insufficient_minimum_mappable_segments,minimum_unique_probes,minimum_unique_probe_asns","minimum_mappable_segments,minimum_unique_probes,minimum_unique_probe_asns",1,1,1,0.3333333333333333,0.6666666666666666,probe_country_service
CH,Topology-IPv4-ICMP,5151,topology-baseline_topology-ipv4-icmp_msm5151_20260701T000000Z_010000Z.json,172,172.0,27,landing_region_0376::landing_region_0376,0.28488372093023256,0.4418604651162791,0.5755813953488372,11.342077002383329,broad_corridor_observation_distribution,False,False,True,True,auditable,,29,12,1,0.7965116279069767,0.20348837209302326,probe_country_service
CI,Topology-IPv4-ICMP,5151,topology-baseline_topology-ipv4-icmp_msm5151_20260701T000000Z_010000Z.json,2,2.0,1,landing_region_0239::landing_region_0239,1.0,1.0,1.0,1.0,severe_corridor_observation_concentration,True,False,False,False,"insufficient_minimum_mappable_segments,minimum_unique_probes,minimum_unique_probe_asns","minimum_mappable_segments,minimum_unique_probes,minimum_unique_probe_asns",1,1,1,1.0,0.0,probe_country_service
CK,Topology-IPv4-ICMP,5151,topology-baseline_topology-ipv4-icmp_msm5151_20260701T000000Z_010000Z.json,4,4.0,2,landing_region_0041::landing_region_0041,0.75,1.0,1.0,1.7547653506033232,moderate_corridor_observation_concentration,True,False,False,False,"insufficient_minimum_mappable_segments,minimum_unique_probes,minimum_unique_probe_asns","minimum_mappable_segments,minimum_unique_probes,minimum_unique_probe_asns",1,1,1,1.0,0.0,probe_country_service
CL,Topology-IPv4-ICMP,5151,topology-baseline_topology-ipv4-icmp_msm5151_20260701T000000Z_010000Z.json,10,10.0,8,landing_region_0132::landing_region_0431,0.2,0.4,0.5,7.578582832551992,broad_corridor_observation_distribution,False,False,False,False,"insufficient_minimum_mappable_segments,minimum_unique_probes,minimum_unique_probe_asns","minimum_mappable_segments,minimum_unique_probes,minimum_unique_probe_asns",2,2,1,0.5,0.5,probe_country_service
CM,Topology-IPv4-ICMP,5151,topology-baseline_topology-ipv4-icmp_msm5151_20260701T000000Z_010000Z.json,5,5.0,5,landing_region_0162::landing_region_0239,0.2,0.4,0.6000000000000001,5.000000000000001,broad_corridor_observation_distribution,False,False,False,False,"insufficient_minimum_mappable_segments,minimum_unique_probes,minimum_unique_probe_asns","minimum_mappable_segments,minimum_unique_probes,minimum_unique_probe_asns",1,1,1,0.0,1.0,probe_country_service
CN,Topology-IPv4-ICMP,5151,topology-baseline_topology-ipv4-icmp_msm5151_20260701T000000Z_010000Z.json,30,30.0,9,landing_region_0230::landing_region_0230,0.5666666666666667,0.7,0.8,4.486214915573793,weak_corridor_observation_concentration,True,False,False,False,insufficient_minimum_unique_probes,minimum_unique_probes,9,6,1,0.7,0.3,probe_country_service
CO,Topology-IPv4-ICMP,5151,topology-baseline_topology-ipv4-icmp_msm5151_20260701T000000Z_010000Z.json,15,15.0,8,landing_region_0035::landing_region_0035,0.2,0.4,0.6000000000000001,7.07426254254083,broad_corridor_observation_distribution,False,False,False,False,"insufficient_minimum_mappable_segments,minimum_unique_probes,minimum_unique_probe_asns","minimum_mappable_segments,minimum_unique_probes,minimum_unique_probe_asns",1,1,1,0.8,0.2,probe_country_service
CR,Topology-IPv4-ICMP,5151,topology-baseline_topology-ipv4-icmp_msm5151_20260701T000000Z_010000Z.json,2,2.0,1,landing_region_0230::landing_region_0230,1.0,1.0,1.0,1.0,severe_corridor_observation_concentration,True,False,False,False,"insufficient_minimum_mappable_segments,minimum_unique_probes,minimum_unique_probe_asns","minimum_mappable_segments,minimum_unique_probes,minimum_unique_probe_asns",1,1,1,1.0,0.0,probe_country_service
CV,Topology-IPv4-ICMP,5151,topology-baseline_topology-ipv4-icmp_msm5151_20260701T000000Z_010000Z.json,1,1.0,1,landing_region_0239::landing_region_0239,1.0,1.0,1.0,1.0,severe_corridor_observation_concentration,True,False,False,False,"insufficient_minimum_mappable_segments,minimum_unique_probes,minimum_unique_probe_asns","minimum_mappable_segments,minimum_unique_probes,minimum_unique_probe_asns",1,1,1,1.0,0.0,probe_country_service
CW,Topology-IPv4-ICMP,5151,topology-baseline_topology-ipv4-icmp_msm5151_20260701T000000Z_010000Z.json,1,1.0,1,landing_region_0174::landing_region_0603,1.0,1.0,1.0,1.0,severe_corridor_observation_concentration,True,False,False,False,"insufficient_minimum_mappable_segments,minimum_unique_probes,minimum_unique_probe_asns","minimum_mappable_segments,minimum_unique_probes,minimum_unique_probe_asns",1,1,1,0.0,1.0,probe_country_service
CY,Topology-IPv4-ICMP,5151,topology-baseline_topology-ipv4-icmp_msm5151_20260701T000000Z_010000Z.json,20,20.0,7,landing_region_0061::landing_region_0061,0.25,0.5,0.7,5.748635957088082,broad_corridor_observation_distribution,False,False,False,False,"insufficient_minimum_mappable_segments,minimum_unique_probes","minimum_mappable_segments,minimum_unique_probes",4,3,1,0.55,0.45,probe_country_service
CZ,Topology-IPv4-ICMP,5151,topology-baseline_topology-ipv4-icmp_msm5151_20260701T000000Z_010000Z.json,73,73.0,26,landing_region_0132::landing_region_0132,0.3150684931506849,0.410958904109589,0.4931506849315068,13.426852241798063,broad_corridor_observation_distribution,False,False,True,True,auditable,,11,10,1,0.7397260273972602,0.2602739726027397,probe_country_service
DE,Topology-IPv4-ICMP,5151,topology-baseline_topology-ipv4-icmp_msm5151_20260701T000000Z_010000Z.json,563,563.0,71,landing_region_0132::landing_region_0132,0.2522202486678508,0.38898756660746003,0.4706927175843695,20.088987423227113,broad_corridor_observation_distribution,False,False,True,True,auditable,,76,38,1,0.7779751332149201,0.22202486678507993,probe_country_service
DJ,Topology-IPv4-ICMP,5151,topology-baseline_topology-ipv4-icmp_msm5151_20260701T000000Z_010000Z.json,11,11.0,6,landing_region_0132::landing_region_0132,0.36363636363636365,0.6363636363636364,0.7272727272727273,4.924224001773539,broad_corridor_observation_distribution,False,False,False,False,"insufficient_minimum_mappable_segments,minimum_unique_probes,minimum_unique_probe_asns","minimum_mappable_segments,minimum_unique_probes,minimum_unique_probe_asns",2,2,1,0.6363636363636364,0.36363636363636365,probe_country_service
DK,Topology-IPv4-ICMP,5151,topology-baseline_topology-ipv4-icmp_msm5151_20260701T000000Z_010000Z.json,245,245.0,16,landing_region_0051::landing_region_0051,0.7551020408163265,0.8040816326530612,0.8489795918367347,3.0562551237265407,moderate_corridor_observation_concentration,True,True,True,True,auditable,,61,24,1,0.8204081632653061,0.17959183673469387,probe_country_service
DO,Topology-IPv4-ICMP,5151,topology-baseline_topology-ipv4-icmp_msm5151_20260701T000000Z_010000Z.json,5,5.0,2,landing_region_0174::landing_region_0783,0.8,1.0,1.0,1.6493848884661177,severe_corridor_observation_concentration,True,False,False,False,"insufficient_minimum_mappable_segments,minimum_unique_probes","minimum_mappable_segments,minimum_unique_probes",4,4,1,0.0,1.0,probe_country_service
EC,Topology-IPv4-ICMP,5151,topology-baseline_topology-ipv4-icmp_msm5151_20260701T000000Z_010000Z.json,5,5.0,4,landing_region_0041::landing_region_0041,0.4,0.6000000000000001,0.8,3.7892914162759954,weak_corridor_observation_concentration,True,False,False,False,"insufficient_minimum_mappable_segments,minimum_unique_probes,minimum_unique_probe_asns","minimum_mappable_segments,minimum_unique_probes,minimum_unique_probe_asns",1,1,1,1.0,0.0,probe_country_service
EE,Topology-IPv4-ICMP,5151,topology-baseline_topology-ipv4-icmp_msm5151_20260701T000000Z_010000Z.json,28,28.0,7,landing_region_0512::landing_region_0640,0.35714285714285715,0.6428571428571428,0.75,5.107954878248905,broad_corridor_observation_distribution,False,False,False,False,"insufficient_minimum_mappable_segments,minimum_unique_probes","minimum_mappable_segments,minimum_unique_probes",9,8,1,0.14285714285714285,0.8571428571428571,probe_country_service
ES,Topology-IPv4-ICMP,5151,topology-baseline_topology-ipv4-icmp_msm5151_20260701T000000Z_010000Z.json,139,139.0,36,landing_region_0132::landing_region_0132,0.17985611510791366,0.302158273381295,0.38129496402877694,19.888226479585075,broad_corridor_observation_distribution,False,False,True,True,auditable,,13,8,1,0.6115107913669064,0.38848920863309355,probe_country_service
ET,Topology-IPv4-ICMP,5151,topology-baseline_topology-ipv4-icmp_msm5151_20260701T000000Z_010000Z.json,2,2.0,2,landing_region_0088::landing_region_0431,0.5,1.0,1.0,2.0,moderate_corridor_observation_concentration,True,False,False,False,"insufficient_minimum_mappable_segments,minimum_unique_probes,minimum_unique_probe_asns","minimum_mappable_segments,minimum_unique_probes,minimum_unique_probe_asns",1,1,1,0.0,1.0,probe_country_service
FI,Topology-IPv4-ICMP,5151,topology-baseline_topology-ipv4-icmp_msm5151_20260701T000000Z_010000Z.json,155,155.0,23,landing_region_0351::landing_region_0512,0.41935483870967744,0.6580645161290323,0.7096774193548387,7.474456678051667,broad_corridor_observation_distribution,False,False,True,True,auditable,,64,31,1,0.3161290322580645,0.6838709677419355,probe_country_service
FJ,Topology-IPv4-ICMP,5151,topology-baseline_topology-ipv4-icmp_msm5151_20260701T000000Z_010000Z.json,4,4.0,1,landing_region_0041::landing_region_0041,1.0,1.0,1.0,1.0,severe_corridor_observation_concentration,True,False,False,False,"insufficient_minimum_mappable_segments,minimum_unique_probes,minimum_unique_probe_asns","minimum_mappable_segments,minimum_unique_probes,minimum_unique_probe_asns",1,1,1,1.0,0.0,probe_country_service
FM,Topology-IPv4-ICMP,5151,topology-baseline_topology-ipv4-icmp_msm5151_20260701T000000Z_010000Z.json,6,6.0,3,landing_region_0014::landing_region_0014,0.5,0.8333333333333333,1.0,2.7494592739972052,moderate_corridor_observation_concentration,True,False,False,False,"insufficient_minimum_mappable_segments,minimum_unique_probes,minimum_unique_probe_asns","minimum_mappable_segments,minimum_unique_probes,minimum_unique_probe_asns",2,1,1,0.8333333333333334,0.16666666666666666,probe_country_service
FR,Topology-IPv4-ICMP,5151,topology-baseline_topology-ipv4-icmp_msm5151_20260701T000000Z_010000Z.json,354,354.0,50,landing_region_0132::landing_region_0132,0.20903954802259886,0.3728813559322034,0.4661016949152542,18.073085844425204,broad_corridor_observation_distribution,False,False,True,True,auditable,,43,14,1,0.7005649717514124,0.2994350282485876,probe_country_service
GB,Topology-IPv4-ICMP,5151,topology-baseline_topology-ipv4-icmp_msm5151_20260701T000000Z_010000Z.json,183,183.0,43,landing_region_0132::landing_region_0132,0.24043715846994534,0.36612021857923494,0.4699453551912568,18.13221727222815,broad_corridor_observation_distribution,False,False,True,True,auditable,,24,16,1,0.726775956284153,0.273224043715847,probe_country_service
GE,Topology-IPv4-ICMP,5151,topology-baseline_topology-ipv4-icmp_msm5151_20260701T000000Z_010000Z.json,7,7.0,7,landing_region_0041::landing_region_0348,0.14285714285714285,0.2857142857142857,0.42857142857142855,7.000000000000004,broad_corridor_observation_distribution,False,False,False,False,"insufficient_minimum_mappable_segments,minimum_unique_probes,minimum_unique_probe_asns","minimum_mappable_segments,minimum_unique_probes,minimum_unique_probe_asns",1,1,1,0.2857142857142857,0.7142857142857143,probe_country_service
GF,Topology-IPv4-ICMP,5151,topology-baseline_topology-ipv4-icmp_msm5151_20260701T000000Z_010000Z.json,3,3.0,1,landing_region_0230::landing_region_0230,1.0,1.0,1.0,1.0,severe_corridor_observation_concentration,True,False,False,False,"insufficient_minimum_mappable_segments,minimum_unique_probes,minimum_unique_probe_asns","minimum_mappable_segments,minimum_unique_probes,minimum_unique_probe_asns",1,1,1,1.0,0.0,probe_country_service
GG,Topology-IPv4-ICMP,5151,topology-baseline_topology-ipv4-icmp_msm5151_20260701T000000Z_010000Z.json,1,1.0,1,landing_region_0077::landing_region_0077,1.0,1.0,1.0,1.0,severe_corridor_observation_concentration,True,False,False,False,"insufficient_minimum_mappable_segments,minimum_unique_probes,minimum_unique_probe_asns","minimum_mappable_segments,minimum_unique_probes,minimum_unique_probe_asns",1,1,1,1.0,0.0,probe_country_service
GH,Topology-IPv4-ICMP,5151,topology-baseline_topology-ipv4-icmp_msm5151_20260701T000000Z_010000Z.json,1,1.0,1,landing_region_0006::landing_region_0556,1.0,1.0,1.0,1.0,severe_corridor_observation_concentration,True,False,False,False,"insufficient_minimum_mappable_segments,minimum_unique_probes,minimum_unique_probe_asns","minimum_mappable_segments,minimum_unique_probes,minimum_unique_probe_asns",1,1,1,0.0,1.0,probe_country_service
GP,Topology-IPv4-ICMP,5151,topology-baseline_topology-ipv4-icmp_msm5151_20260701T000000Z_010000Z.json,1,1.0,1,landing_region_0106::landing_region_0106,1.0,1.0,1.0,1.0,severe_corridor_observation_concentration,True,False,False,False,"insufficient_minimum_mappable_segments,minimum_unique_probes,minimum_unique_probe_asns","minimum_mappable_segments,minimum_unique_probes,minimum_unique_probe_asns",1,1,1,1.0,0.0,probe_country_service
GQ,Topology-IPv4-ICMP,5151,topology-baseline_topology-ipv4-icmp_msm5151_20260701T000000Z_010000Z.json,1,1.0,1,landing_region_0239::landing_region_0239,1.0,1.0,1.0,1.0,severe_corridor_observation_concentration,True,False,False,False,"insufficient_minimum_mappable_segments,minimum_unique_probes,minimum_unique_probe_asns","minimum_mappable_segments,minimum_unique_probes,minimum_unique_probe_asns",1,1,1,1.0,0.0,probe_country_service
GR,Topology-IPv4-ICMP,5151,topology-baseline_topology-ipv4-icmp_msm5151_20260701T000000Z_010000Z.json,16,16.0,8,landing_region_0230::landing_region_0230,0.375,0.5625,0.6875,6.0985175654302015,broad_corridor_observation_distribution,False,False,False,False,"insufficient_minimum_mappable_segments,minimum_unique_probes,minimum_unique_probe_asns","minimum_mappable_segments,minimum_unique_probes,minimum_unique_probe_asns",3,2,1,0.875,0.125,probe_country_service
GU,Topology-IPv4-ICMP,5151,topology-baseline_topology-ipv4-icmp_msm5151_20260701T000000Z_010000Z.json,30,30.0,7,landing_region_0014::landing_region_0014,0.5,0.6333333333333333,0.7666666666666666,4.578734930430826,broad_corridor_observation_distribution,False,False,False,False,insufficient_minimum_unique_probes,minimum_unique_probes,7,3,1,0.7666666666666667,0.23333333333333334,probe_country_service
HK,Topology-IPv4-ICMP,5151,topology-baseline_topology-ipv4-icmp_msm5151_20260701T000000Z_010000Z.json,123,123.0,15,landing_region_0230::landing_region_0230,0.7398373983739838,0.8048780487804879,0.8455284552845529,3.262690973963862,moderate_corridor_observation_concentration,True,True,True,True,auditable,,36,25,1,0.8617886178861789,0.13821138211382114,probe_country_service
HN,Topology-IPv4-ICMP,5151,topology-baseline_topology-ipv4-icmp_msm5151_20260701T000000Z_010000Z.json,7,7.0,5,landing_region_0174::landing_region_0779,0.42857142857142855,0.5714285714285714,0.7142857142857142,4.371369344007118,broad_corridor_observation_distribution,False,False,False,False,"insufficient_minimum_mappable_segments,minimum_unique_probes","minimum_mappable_segments,minimum_unique_probes",3,3,1,0.2857142857142857,0.7142857142857143,probe_country_service
HR,Topology-IPv4-ICMP,5151,topology-baseline_topology-ipv4-icmp_msm5151_20260701T000000Z_010000Z.json,8,8.0,5,landing_region_0719::landing_region_0719,0.5,0.625,0.75,4.0,weak_corridor_observation_concentration,True,False,False,False,"insufficient_minimum_mappable_segments,minimum_unique_probes,minimum_unique_probe_asns","minimum_mappable_segments,minimum_unique_probes,minimum_unique_probe_asns",1,1,1,0.75,0.25,probe_country_service
HU,Topology-IPv4-ICMP,5151,topology-baseline_topology-ipv4-icmp_msm5151_20260701T000000Z_010000Z.json,30,30.0,14,landing_region_0719::landing_region_0719,0.3,0.43333333333333335,0.5666666666666667,9.595906412277563,broad_corridor_observation_distribution,False,False,False,False,"insufficient_minimum_unique_probes,minimum_unique_probe_asns","minimum_unique_probes,minimum_unique_probe_asns",2,2,1,0.8,0.2,probe_country_service
ID,Topology-IPv4-ICMP,5151,topology-baseline_topology-ipv4-icmp_msm5151_20260701T000000Z_010000Z.json,236,236.0,26,landing_region_0061::landing_region_0061,0.3686440677966102,0.6652542372881356,0.8135593220338984,6.478456081158419,weak_corridor_observation_concentration,True,True,True,True,auditable,,37,31,1,0.7415254237288136,0.2584745762711864,probe_country_service
IE,Topology-IPv4-ICMP,5151,topology-baseline_topology-ipv4-icmp_msm5151_20260701T000000Z_010000Z.json,41,41.0,15,landing_region_0132::landing_region_0132,0.36585365853658536,0.5365853658536586,0.6341463414634146,8.5091910399425,broad_corridor_observation_distribution,False,False,False,False,insufficient_minimum_unique_probes,minimum_unique_probes,7,5,1,0.5853658536585366,0.4146341463414634,probe_country_service
IL,Topology-IPv4-ICMP,5151,topology-baseline_topology-ipv4-icmp_msm5151_20260701T000000Z_010000Z.json,51,51.0,7,landing_region_0083::landing_region_0083,0.5294117647058824,0.7058823529411765,0.8627450980392157,3.979801344125863,weak_corridor_observation_concentration,True,True,True,True,auditable,,13,7,1,0.8823529411764706,0.11764705882352941,probe_country_service
IM,Topology-IPv4-ICMP,5151,topology-baseline_topology-ipv4-icmp_msm5151_20260701T000000Z_010000Z.json,7,7.0,2,landing_region_0334::landing_region_0334,0.8571428571428571,1.0,1.0,1.5069930657725377,severe_corridor_observation_concentration,True,False,False,False,"insufficient_minimum_mappable_segments,minimum_unique_probes,minimum_unique_probe_asns","minimum_mappable_segments,minimum_unique_probes,minimum_unique_probe_asns",2,2,1,0.8571428571428571,0.14285714285714285,probe_country_service
IN,Topology-IPv4-ICMP,5151,topology-baseline_topology-ipv4-icmp_msm5151_20260701T000000Z_010000Z.json,114,114.0,21,landing_region_0132::landing_region_0132,0.3508771929824561,0.47368421052631576,0.5701754385964912,10.198265031462915,broad_corridor_observation_distribution,False,False,True,True,auditable,,23,13,1,0.6140350877192983,0.38596491228070173,probe_country_service
IQ,Topology-IPv4-ICMP,5151,topology-baseline_topology-ipv4-icmp_msm5151_20260701T000000Z_010000Z.json,9,9.0,4,landing_region_0132::landing_region_0132,0.4444444444444444,0.6666666666666666,0.8888888888888888,3.5716523669284492,weak_corridor_observation_concentration,True,False,False,False,"insufficient_minimum_mappable_segments,minimum_unique_probes,minimum_unique_probe_asns","minimum_mappable_segments,minimum_unique_probes,minimum_unique_probe_asns",2,2,1,0.6666666666666666,0.3333333333333333,probe_country_service
IR,Topology-IPv4-ICMP,5151,topology-baseline_topology-ipv4-icmp_msm5151_20260701T000000Z_010000Z.json,6,6.0,4,landing_region_0008::landing_region_0008,0.3333333333333333,0.6666666666666666,0.8333333333333333,3.77976314968462,weak_corridor_observation_concentration,True,False,False,False,"insufficient_minimum_mappable_segments,minimum_unique_probes,minimum_unique_probe_asns","minimum_mappable_segments,minimum_unique_probes,minimum_unique_probe_asns",1,1,1,1.0,0.0,probe_country_service
IS,Topology-IPv4-ICMP,5151,topology-baseline_topology-ipv4-icmp_msm5151_20260701T000000Z_010000Z.json,4,4.0,3,landing_region_0051::landing_region_0051,0.5,0.75,1.0,2.82842712474619,weak_corridor_observation_concentration,True,False,False,False,"insufficient_minimum_mappable_segments,minimum_unique_probes,minimum_unique_probe_asns","minimum_mappable_segments,minimum_unique_probes,minimum_unique_probe_asns",1,1,1,0.5,0.5,probe_country_service
IT,Topology-IPv4-ICMP,5151,topology-baseline_topology-ipv4-icmp_msm5151_20260701T000000Z_010000Z.json,141,141.0,34,landing_region_0132::landing_region_0132,0.14184397163120568,0.2765957446808511,0.4113475177304965,19.091040075742754,broad_corridor_observation_distribution,False,False,True,True,auditable,,12,12,1,0.6950354609929078,0.3049645390070922,probe_country_service
JP,Topology-IPv4-ICMP,5151,topology-baseline_topology-ipv4-icmp_msm5151_20260701T000000Z_010000Z.json,93,93.0,29,landing_region_0230::landing_region_0230,0.22580645161290322,0.43010752688172044,0.5483870967741935,14.044472800084282,broad_corridor_observation_distribution,False,False,True,True,auditable,,13,13,1,0.7956989247311828,0.20430107526881722,probe_country_service
KE,Topology-IPv4-ICMP,5151,topology-baseline_topology-ipv4-icmp_msm5151_20260701T000000Z_010000Z.json,11,11.0,4,landing_region_0650::landing_region_0650,0.5454545454545454,0.7272727272727273,0.9090909090909091,3.2172224873263437,weak_corridor_observation_concentration,True,False,False,False,"insufficient_minimum_mappable_segments,minimum_unique_probes","minimum_mappable_segments,minimum_unique_probes",3,3,1,0.9090909090909091,0.09090909090909091,probe_country_service
KG,Topology-IPv4-ICMP,5151,topology-baseline_topology-ipv4-icmp_msm5151_20260701T000000Z_010000Z.json,3,3.0,2,landing_region_0051::landing_region_0512,0.6666666666666666,1.0,1.0,1.8898815748423097,moderate_corridor_observation_concentration,True,False,False,False,"insufficient_minimum_mappable_segments,minimum_unique_probes,minimum_unique_probe_asns","minimum_mappable_segments,minimum_unique_probes,minimum_unique_probe_asns",2,2,1,0.3333333333333333,0.6666666666666666,probe_country_service
KI,Topology-IPv4-ICMP,5151,topology-baseline_topology-ipv4-icmp_msm5151_20260701T000000Z_010000Z.json,6,6.0,3,landing_region_0041::landing_region_0041,0.6666666666666666,0.8333333333333333,1.0,2.3811015779522995,moderate_corridor_observation_concentration,True,False,False,False,"insufficient_minimum_mappable_segments,minimum_unique_probes,minimum_unique_probe_asns","minimum_mappable_segments,minimum_unique_probes,minimum_unique_probe_asns",1,1,1,1.0,0.0,probe_country_service
KN,Topology-IPv4-ICMP,5151,topology-baseline_topology-ipv4-icmp_msm5151_20260701T000000Z_010000Z.json,1,1.0,1,landing_region_0105::landing_region_0105,1.0,1.0,1.0,1.0,severe_corridor_observation_concentration,True,False,False,False,"insufficient_minimum_mappable_segments,minimum_unique_probes,minimum_unique_probe_asns","minimum_mappable_segments,minimum_unique_probes,minimum_unique_probe_asns",1,1,1,1.0,0.0,probe_country_service
KR,Topology-IPv4-ICMP,5151,topology-baseline_topology-ipv4-icmp_msm5151_20260701T000000Z_010000Z.json,19,19.0,10,landing_region_0223::landing_region_0223,0.21052631578947367,0.3684210526315789,0.5263157894736842,8.433334455156665,broad_corridor_observation_distribution,False,False,False,False,"insufficient_minimum_mappable_segments,minimum_unique_probes,minimum_unique_probe_asns","minimum_mappable_segments,minimum_unique_probes,minimum_unique_probe_asns",3,2,1,0.7368421052631579,0.2631578947368421,probe_country_service
KW,Topology-IPv4-ICMP,5151,topology-baseline_topology-ipv4-icmp_msm5151_20260701T000000Z_010000Z.json,1,1.0,1,landing_region_0132::landing_region_0468,1.0,1.0,1.0,1.0,severe_corridor_observation_concentration,True,False,False,False,"insufficient_minimum_mappable_segments,minimum_unique_probes,minimum_unique_probe_asns","minimum_mappable_segments,minimum_unique_probes,minimum_unique_probe_asns",1,1,1,0.0,1.0,probe_country_service
KY,Topology-IPv4-ICMP,5151,topology-baseline_topology-ipv4-icmp_msm5151_20260701T000000Z_010000Z.json,1,1.0,1,landing_region_0174::landing_region_0412,1.0,1.0,1.0,1.0,severe_corridor_observation_concentration,True,False,False,False,"insufficient_minimum_mappable_segments,minimum_unique_probes,minimum_unique_probe_asns","minimum_mappable_segments,minimum_unique_probes,minimum_unique_probe_asns",1,1,1,0.0,1.0,probe_country_service
KZ,Topology-IPv4-ICMP,5151,topology-baseline_topology-ipv4-icmp_msm5151_20260701T000000Z_010000Z.json,18,18.0,8,landing_region_0083::landing_region_0083,0.2777777777777778,0.5555555555555556,0.7222222222222222,6.129649289820057,broad_corridor_observation_distribution,False,False,False,False,"insufficient_minimum_mappable_segments,minimum_unique_probes,minimum_unique_probe_asns","minimum_mappable_segments,minimum_unique_probes,minimum_unique_probe_asns",3,2,1,0.8333333333333334,0.16666666666666666,probe_country_service
LA,Topology-IPv4-ICMP,5151,topology-baseline_topology-ipv4-icmp_msm5151_20260701T000000Z_010000Z.json,1,1.0,1,landing_region_0132::landing_region_0132,1.0,1.0,1.0,1.0,severe_corridor_observation_concentration,True,False,False,False,"insufficient_minimum_mappable_segments,minimum_unique_probes,minimum_unique_probe_asns","minimum_mappable_segments,minimum_unique_probes,minimum_unique_probe_asns",1,1,1,1.0,0.0,probe_country_service
LC,Topology-IPv4-ICMP,5151,topology-baseline_topology-ipv4-icmp_msm5151_20260701T000000Z_010000Z.json,3,3.0,2,landing_region_0105::landing_region_0246,0.6666666666666666,1.0,1.0,1.8898815748423097,moderate_corridor_observation_concentration,True,False,False,False,"insufficient_minimum_mappable_segments,minimum_unique_probes,minimum_unique_probe_asns","minimum_mappable_segments,minimum_unique_probes,minimum_unique_probe_asns",2,2,1,0.3333333333333333,0.6666666666666666,probe_country_service
LI,Topology-IPv4-ICMP,5151,topology-baseline_topology-ipv4-icmp_msm5151_20260701T000000Z_010000Z.json,1,1.0,1,landing_region_0223::landing_region_0223,1.0,1.0,1.0,1.0,severe_corridor_observation_concentration,True,False,False,False,"insufficient_minimum_mappable_segments,minimum_unique_probes,minimum_unique_probe_asns","minimum_mappable_segments,minimum_unique_probes,minimum_unique_probe_asns",1,1,1,1.0,0.0,probe_country_service
LK,Topology-IPv4-ICMP,5151,topology-baseline_topology-ipv4-icmp_msm5151_20260701T000000Z_010000Z.json,14,14.0,9,landing_region_0288::landing_region_0431,0.2857142857142857,0.42857142857142855,0.5714285714285714,7.728626595716687,broad_corridor_observation_distribution,False,False,False,False,"insufficient_minimum_mappable_segments,minimum_unique_probes","minimum_mappable_segments,minimum_unique_probes",4,3,1,0.35714285714285715,0.6428571428571429,probe_country_service
LT,Topology-IPv4-ICMP,5151,topology-baseline_topology-ipv4-icmp_msm5151_20260701T000000Z_010000Z.json,17,17.0,9,landing_region_0719::landing_region_0719,0.29411764705882354,0.47058823529411764,0.6470588235294118,7.185777595483755,broad_corridor_observation_distribution,False,False,False,False,"insufficient_minimum_mappable_segments,minimum_unique_probes,minimum_unique_probe_asns","minimum_mappable_segments,minimum_unique_probes,minimum_unique_probe_asns",1,1,1,0.7058823529411765,0.29411764705882354,probe_country_service
LU,Topology-IPv4-ICMP,5151,topology-baseline_topology-ipv4-icmp_msm5151_20260701T000000Z_010000Z.json,5,5.0,3,landing_region_0132::landing_region_0132,0.6,0.8,1.0,2.586409289858933,moderate_corridor_observation_concentration,True,False,False,False,"insufficient_minimum_mappable_segments,minimum_unique_probes,minimum_unique_probe_asns","minimum_mappable_segments,minimum_unique_probes,minimum_unique_probe_asns",2,2,1,0.6,0.4,probe_country_service
LV,Topology-IPv4-ICMP,5151,topology-baseline_topology-ipv4-icmp_msm5151_20260701T000000Z_010000Z.json,9,9.0,7,landing_region_0061::landing_region_0061,0.3333333333333333,0.4444444444444444,0.5555555555555556,6.240251469155713,broad_corridor_observation_distribution,False,False,False,False,"insufficient_minimum_mappable_segments,minimum_unique_probes,minimum_unique_probe_asns","minimum_mappable_segments,minimum_unique_probes,minimum_unique_probe_asns",1,1,1,0.6666666666666666,0.3333333333333333,probe_country_service
MA,Topology-IPv4-ICMP,5151,topology-baseline_topology-ipv4-icmp_msm5151_20260701T000000Z_010000Z.json,1,1.0,1,landing_region_0260::landing_region_0663,1.0,1.0,1.0,1.0,severe_corridor_observation_concentration,True,False,False,False,"insufficient_minimum_mappable_segments,minimum_unique_probes,minimum_unique_probe_asns","minimum_mappable_segments,minimum_unique_probes,minimum_unique_probe_asns",1,1,1,1.0,0.0,probe_country_service
MD,Topology-IPv4-ICMP,5151,topology-baseline_topology-ipv4-icmp_msm5151_20260701T000000Z_010000Z.json,5,5.0,2,landing_region_0223::landing_region_0223,0.8,1.0,1.0,1.6493848884661177,severe_corridor_observation_concentration,True,False,False,False,"insufficient_minimum_mappable_segments,minimum_unique_probes,minimum_unique_probe_asns","minimum_mappable_segments,minimum_unique_probes,minimum_unique_probe_asns",1,1,1,0.8,0.2,probe_country_service
MG,Topology-IPv4-ICMP,5151,topology-baseline_topology-ipv4-icmp_msm5151_20260701T000000Z_010000Z.json,1,1.0,1,landing_region_0230::landing_region_0230,1.0,1.0,1.0,1.0,severe_corridor_observation_concentration,True,False,False,False,"insufficient_minimum_mappable_segments,minimum_unique_probes,minimum_unique_probe_asns","minimum_mappable_segments,minimum_unique_probes,minimum_unique_probe_asns",1,1,1,1.0,0.0,probe_country_service
MH,Topology-IPv4-ICMP,5151,topology-baseline_topology-ipv4-icmp_msm5151_20260701T000000Z_010000Z.json,1,1.0,1,landing_region_0051::landing_region_0512,1.0,1.0,1.0,1.0,severe_corridor_observation_concentration,True,False,False,False,"insufficient_minimum_mappable_segments,minimum_unique_probes,minimum_unique_probe_asns","minimum_mappable_segments,minimum_unique_probes,minimum_unique_probe_asns",1,1,1,0.0,1.0,probe_country_service
MK,Topology-IPv4-ICMP,5151,topology-baseline_topology-ipv4-icmp_msm5151_20260701T000000Z_010000Z.json,7,7.0,4,landing_region_0089::landing_region_0089,0.5714285714285714,0.7142857142857142,0.8571428571428571,3.1700328249236738,weak_corridor_observation_concentration,True,False,False,False,"insufficient_minimum_mappable_segments,minimum_unique_probes,minimum_unique_probe_asns","minimum_mappable_segments,minimum_unique_probes,minimum_unique_probe_asns",1,1,1,0.7142857142857143,0.2857142857142857,probe_country_service
ML,Topology-IPv4-ICMP,5151,topology-baseline_topology-ipv4-icmp_msm5151_20260701T000000Z_010000Z.json,5,5.0,2,landing_region_0239::landing_region_0239,0.8,1.0,1.0,1.6493848884661177,severe_corridor_observation_concentration,True,False,False,False,"insufficient_minimum_mappable_segments,minimum_unique_probes,minimum_unique_probe_asns","minimum_mappable_segments,minimum_unique_probes,minimum_unique_probe_asns",1,1,1,0.8,0.2,probe_country_service
MM,Topology-IPv4-ICMP,5151,topology-baseline_topology-ipv4-icmp_msm5151_20260701T000000Z_010000Z.json,5,5.0,3,landing_region_0132::landing_region_0132,0.4,0.8,1.0,2.8717458874925876,moderate_corridor_observation_concentration,True,False,False,False,"insufficient_minimum_mappable_segments,minimum_unique_probes,minimum_unique_probe_asns","minimum_mappable_segments,minimum_unique_probes,minimum_unique_probe_asns",2,2,1,0.4,0.6,probe_country_service
MN,Topology-IPv4-ICMP,5151,topology-baseline_topology-ipv4-icmp_msm5151_20260701T000000Z_010000Z.json,6,6.0,3,landing_region_0230::landing_region_0230,0.6666666666666666,0.8333333333333333,1.0,2.3811015779522995,moderate_corridor_observation_concentration,True,False,False,False,"insufficient_minimum_mappable_segments,minimum_unique_probes","minimum_mappable_segments,minimum_unique_probes",3,3,1,0.8333333333333334,0.16666666666666666,probe_country_service
MP,Topology-IPv4-ICMP,5151,topology-baseline_topology-ipv4-icmp_msm5151_20260701T000000Z_010000Z.json,1,1.0,1,landing_region_0014::landing_region_0824,1.0,1.0,1.0,1.0,severe_corridor_observation_concentration,True,False,False,False,"insufficient_minimum_mappable_segments,minimum_unique_probes,minimum_unique_probe_asns","minimum_mappable_segments,minimum_unique_probes,minimum_unique_probe_asns",1,1,1,0.0,1.0,probe_country_service
MT,Topology-IPv4-ICMP,5151,topology-baseline_topology-ipv4-icmp_msm5151_20260701T000000Z_010000Z.json,21,21.0,4,landing_region_0102::landing_region_0102,0.8571428571428571,0.9047619047619047,0.9523809523809523,1.7630776222609703,severe_corridor_observation_concentration,True,False,False,False,"insufficient_minimum_mappable_segments,minimum_unique_probes,minimum_unique_probe_asns","minimum_mappable_segments,minimum_unique_probes,minimum_unique_probe_asns",8,2,1,0.9047619047619048,0.09523809523809523,probe_country_service
MU,Topology-IPv4-ICMP,5151,topology-baseline_topology-ipv4-icmp_msm5151_20260701T000000Z_010000Z.json,15,15.0,7,landing_region_0132::landing_region_0132,0.5333333333333333,0.6666666666666666,0.7333333333333333,4.511343885307938,broad_corridor_observation_distribution,False,False,False,False,"insufficient_minimum_mappable_segments,minimum_unique_probes,minimum_unique_probe_asns","minimum_mappable_segments,minimum_unique_probes,minimum_unique_probe_asns",4,1,1,0.6666666666666666,0.3333333333333333,probe_country_service
MV,Topology-IPv4-ICMP,5151,topology-baseline_topology-ipv4-icmp_msm5151_20260701T000000Z_010000Z.json,29,29.0,7,landing_region_0439::landing_region_0439,0.6896551724137931,0.7931034482758621,0.8620689655172414,3.1262080091735984,weak_corridor_observation_concentration,True,False,False,False,"insufficient_minimum_mappable_segments,minimum_unique_probes,minimum_unique_probe_asns","minimum_mappable_segments,minimum_unique_probes,minimum_unique_probe_asns",9,2,1,0.7931034482758621,0.20689655172413793,probe_country_service
MX,Topology-IPv4-ICMP,5151,topology-baseline_topology-ipv4-icmp_msm5151_20260701T000000Z_010000Z.json,22,22.0,14,landing_region_0061::landing_region_0061,0.18181818181818182,0.3181818181818182,0.45454545454545453,11.897806076851271,broad_corridor_observation_distribution,False,False,False,False,"insufficient_minimum_mappable_segments,minimum_unique_probes,minimum_unique_probe_asns","minimum_mappable_segments,minimum_unique_probes,minimum_unique_probe_asns",2,2,1,0.7272727272727273,0.2727272727272727,probe_country_service
MY,Topology-IPv4-ICMP,5151,topology-baseline_topology-ipv4-icmp_msm5151_20260701T000000Z_010000Z.json,45,45.0,10,landing_region_0132::landing_region_0132,0.5777777777777777,0.7333333333333333,0.7999999999999999,4.4222812196334536,broad_corridor_observation_distribution,False,False,True,True,auditable,,15,10,1,0.8444444444444444,0.15555555555555556,probe_country_service
MZ,Topology-IPv4-ICMP,5151,topology-baseline_topology-ipv4-icmp_msm5151_20260701T000000Z_010000Z.json,1,1.0,1,landing_region_0230::landing_region_0230,1.0,1.0,1.0,1.0,severe_corridor_observation_concentration,True,False,False,False,"insufficient_minimum_mappable_segments,minimum_unique_probes,minimum_unique_probe_asns","minimum_mappable_segments,minimum_unique_probes,minimum_unique_probe_asns",1,1,1,0.0,1.0,probe_country_service
NA,Topology-IPv4-ICMP,5151,topology-baseline_topology-ipv4-icmp_msm5151_20260701T000000Z_010000Z.json,1214,1213.9999999999998,123,landing_region_0132::landing_region_0132,0.16886326194398682,0.2751235584843493,0.37644151565074135,30.061174026963826,broad_corridor_observation_distribution,False,False,False,False,insufficient_minimum_unique_probe_asns,minimum_unique_probe_asns,102,2,1,0.7817133443163098,0.21828665568369032,probe_country_service
NC,Topology-IPv4-ICMP,5151,topology-baseline_topology-ipv4-icmp_msm5151_20260701T000000Z_010000Z.json,23,23.0,7,landing_region_0041::landing_region_0041,0.34782608695652173,0.6086956521739131,0.7826086956521738,5.172863213850117,broad_corridor_observation_distribution,False,False,False,False,"insufficient_minimum_mappable_segments,minimum_unique_probes,minimum_unique_probe_asns","minimum_mappable_segments,minimum_unique_probes,minimum_unique_probe_asns",5,2,1,0.6956521739130435,0.30434782608695654,probe_country_service
NG,Topology-IPv4-ICMP,5151,topology-baseline_topology-ipv4-icmp_msm5151_20260701T000000Z_010000Z.json,9,9.0,4,landing_region_0041::landing_region_0041,0.3333333333333333,0.6666666666666666,0.8888888888888888,3.709079297755367,weak_corridor_observation_concentration,True,False,False,False,"insufficient_minimum_mappable_segments,minimum_unique_probes","minimum_mappable_segments,minimum_unique_probes",3,3,1,0.6666666666666666,0.3333333333333333,probe_country_service
NI,Topology-IPv4-ICMP,5151,topology-baseline_topology-ipv4-icmp_msm5151_20260701T000000Z_010000Z.json,1,1.0,1,landing_region_0051::landing_region_0512,1.0,1.0,1.0,1.0,severe_corridor_observation_concentration,True,False,False,False,"insufficient_minimum_mappable_segments,minimum_unique_probes,minimum_unique_probe_asns","minimum_mappable_segments,minimum_unique_probes,minimum_unique_probe_asns",1,1,1,1.0,0.0,probe_country_service
NL,Topology-IPv4-ICMP,5151,topology-baseline_topology-ipv4-icmp_msm5151_20260701T000000Z_010000Z.json,239,239.0,50,landing_region_0132::landing_region_0132,0.2928870292887029,0.4142259414225941,0.5271966527196652,16.4912998189467,broad_corridor_observation_distribution,False,False,True,True,auditable,,34,16,1,0.8117154811715481,0.18828451882845187,probe_country_service
NO,Topology-IPv4-ICMP,5151,topology-baseline_topology-ipv4-icmp_msm5151_20260701T000000Z_010000Z.json,213,213.0,29,landing_region_0335::landing_region_0335,0.647887323943662,0.6948356807511737,0.7417840375586855,5.476522819333543,broad_corridor_observation_distribution,False,False,True,True,auditable,,51,25,1,0.9436619718309859,0.056338028169014086,probe_country_service
NP,Topology-IPv4-ICMP,5151,topology-baseline_topology-ipv4-icmp_msm5151_20260701T000000Z_010000Z.json,11,11.0,8,landing_region_0132::landing_region_0132,0.18181818181818182,0.36363636363636365,0.5454545454545454,7.536930415960684,broad_corridor_observation_distribution,False,False,False,False,"insufficient_minimum_mappable_segments,minimum_unique_probes,minimum_unique_probe_asns","minimum_mappable_segments,minimum_unique_probes,minimum_unique_probe_asns",2,2,1,0.6363636363636364,0.36363636363636365,probe_country_service
NZ,Topology-IPv4-ICMP,5151,topology-baseline_topology-ipv4-icmp_msm5151_20260701T000000Z_010000Z.json,390,390.0,27,landing_region_0089::landing_region_0089,0.4846153846153846,0.5538461538461539,0.617948717948718,7.8322405380457845,broad_corridor_observation_distribution,False,False,True,True,auditable,,69,24,1,0.8333333333333334,0.16666666666666666,probe_country_service
OM,Topology-IPv4-ICMP,5151,topology-baseline_topology-ipv4-icmp_msm5151_20260701T000000Z_010000Z.json,4,4.0,3,landing_region_0230::landing_region_0230,0.5,0.75,1.0,2.82842712474619,weak_corridor_observation_concentration,True,False,False,False,"insufficient_minimum_mappable_segments,minimum_unique_probes,minimum_unique_probe_asns","minimum_mappable_segments,minimum_unique_probes,minimum_unique_probe_asns",1,1,1,0.5,0.5,probe_country_service
PA,Topology-IPv4-ICMP,5151,topology-baseline_topology-ipv4-icmp_msm5151_20260701T000000Z_010000Z.json,8,8.0,5,landing_region_0132::landing_region_0132,0.5,0.625,0.75,4.0,weak_corridor_observation_concentration,True,False,False,False,"insufficient_minimum_mappable_segments,minimum_unique_probes,minimum_unique_probe_asns","minimum_mappable_segments,minimum_unique_probes,minimum_unique_probe_asns",1,1,1,0.75,0.25,probe_country_service
PE,Topology-IPv4-ICMP,5151,topology-baseline_topology-ipv4-icmp_msm5151_20260701T000000Z_010000Z.json,2,2.0,2,landing_region_0008::landing_region_0223,0.5,1.0,1.0,2.0,moderate_corridor_observation_concentration,True,False,False,False,"insufficient_minimum_mappable_segments,minimum_unique_probes,minimum_unique_probe_asns","minimum_mappable_segments,minimum_unique_probes,minimum_unique_probe_asns",1,1,1,0.0,1.0,probe_country_service
PF,Topology-IPv4-ICMP,5151,topology-baseline_topology-ipv4-icmp_msm5151_20260701T000000Z_010000Z.json,2,2.0,1,landing_region_0230::landing_region_0230,1.0,1.0,1.0,1.0,severe_corridor_observation_concentration,True,False,False,False,"insufficient_minimum_mappable_segments,minimum_unique_probes,minimum_unique_probe_asns","minimum_mappable_segments,minimum_unique_probes,minimum_unique_probe_asns",1,1,1,1.0,0.0,probe_country_service
PG,Topology-IPv4-ICMP,5151,topology-baseline_topology-ipv4-icmp_msm5151_20260701T000000Z_010000Z.json,1,1.0,1,landing_region_0041::landing_region_0758,1.0,1.0,1.0,1.0,severe_corridor_observation_concentration,True,False,False,False,"insufficient_minimum_mappable_segments,minimum_unique_probes,minimum_unique_probe_asns","minimum_mappable_segments,minimum_unique_probes,minimum_unique_probe_asns",1,1,1,0.0,1.0,probe_country_service
PH,Topology-IPv4-ICMP,5151,topology-baseline_topology-ipv4-icmp_msm5151_20260701T000000Z_010000Z.json,111,111.0,20,landing_region_0132::landing_region_0132,0.23423423423423423,0.4144144144144144,0.5495495495495495,10.250609574994954,broad_corridor_observation_distribution,False,False,True,True,auditable,,16,12,1,0.5945945945945946,0.40540540540540543,probe_country_service
PK,Topology-IPv4-ICMP,5151,topology-baseline_topology-ipv4-icmp_msm5151_20260701T000000Z_010000Z.json,5,5.0,3,landing_region_0132::landing_region_0132,0.6,0.8,1.0,2.586409289858933,moderate_corridor_observation_concentration,True,False,False,False,"insufficient_minimum_mappable_segments,minimum_unique_probes,minimum_unique_probe_asns","minimum_mappable_segments,minimum_unique_probes,minimum_unique_probe_asns",1,1,1,0.6,0.4,probe_country_service
PL,Topology-IPv4-ICMP,5151,topology-baseline_topology-ipv4-icmp_msm5151_20260701T000000Z_010000Z.json,67,67.0,21,landing_region_0132::landing_region_0132,0.2537313432835821,0.40298507462686567,0.5074626865671642,12.768947844336653,broad_corridor_observation_distribution,False,False,False,False,insufficient_minimum_unique_probes,minimum_unique_probes,9,9,1,0.7611940298507462,0.23880597014925373,probe_country_service
PR,Topology-IPv4-ICMP,5151,topology-baseline_topology-ipv4-icmp_msm5151_20260701T000000Z_010000Z.json,2,2.0,2,landing_region_0174::landing_region_0290,0.5,1.0,1.0,2.0,moderate_corridor_observation_concentration,True,False,False,False,"insufficient_minimum_mappable_segments,minimum_unique_probes,minimum_unique_probe_asns","minimum_mappable_segments,minimum_unique_probes,minimum_unique_probe_asns",1,1,1,0.5,0.5,probe_country_service
PS,Topology-IPv4-ICMP,5151,topology-baseline_topology-ipv4-icmp_msm5151_20260701T000000Z_010000Z.json,4,4.0,2,landing_region_0230::landing_region_0230,0.75,1.0,1.0,1.7547653506033232,moderate_corridor_observation_concentration,True,False,False,False,"insufficient_minimum_mappable_segments,minimum_unique_probes,minimum_unique_probe_asns","minimum_mappable_segments,minimum_unique_probes,minimum_unique_probe_asns",1,1,1,0.75,0.25,probe_country_service
PT,Topology-IPv4-ICMP,5151,topology-baseline_topology-ipv4-icmp_msm5151_20260701T000000Z_010000Z.json,132,132.0,14,landing_region_0239::landing_region_0239,0.7348484848484849,0.803030303030303,0.8484848484848485,3.2700517564824865,moderate_corridor_observation_concentration,True,True,True,True,auditable,,47,13,1,0.8560606060606061,0.14393939393939395,probe_country_service
PW,Topology-IPv4-ICMP,5151,topology-baseline_topology-ipv4-icmp_msm5151_20260701T000000Z_010000Z.json,1,1.0,1,landing_region_0348::landing_region_0688,1.0,1.0,1.0,1.0,severe_corridor_observation_concentration,True,False,False,False,"insufficient_minimum_mappable_segments,minimum_unique_probes,minimum_unique_probe_asns","minimum_mappable_segments,minimum_unique_probes,minimum_unique_probe_asns",1,1,1,0.0,1.0,probe_country_service
PY,Topology-IPv4-ICMP,5151,topology-baseline_topology-ipv4-icmp_msm5151_20260701T000000Z_010000Z.json,4,4.0,4,landing_region_0041::landing_region_0041,0.25,0.5,0.75,4.0,weak_corridor_observation_concentration,True,False,False,False,"insufficient_minimum_mappable_segments,minimum_unique_probes,minimum_unique_probe_asns","minimum_mappable_segments,minimum_unique_probes,minimum_unique_probe_asns",1,1,1,0.75,0.25,probe_country_service
QA,Topology-IPv4-ICMP,5151,topology-baseline_topology-ipv4-icmp_msm5151_20260701T000000Z_010000Z.json,2,2.0,2,landing_region_0031::landing_region_0431,0.5,1.0,1.0,2.0,moderate_corridor_observation_concentration,True,False,False,False,"insufficient_minimum_mappable_segments,minimum_unique_probes,minimum_unique_probe_asns","minimum_mappable_segments,minimum_unique_probes,minimum_unique_probe_asns",1,1,1,0.0,1.0,probe_country_service
RE,Topology-IPv4-ICMP,5151,topology-baseline_topology-ipv4-icmp_msm5151_20260701T000000Z_010000Z.json,25,25.0,13,landing_region_0132::landing_region_0132,0.24,0.36,0.48,10.578580822137988,broad_corridor_observation_distribution,False,False,False,False,"insufficient_minimum_mappable_segments,minimum_unique_probes,minimum_unique_probe_asns","minimum_mappable_segments,minimum_unique_probes,minimum_unique_probe_asns",5,2,1,0.44,0.56,probe_country_service
RO,Topology-IPv4-ICMP,5151,topology-baseline_topology-ipv4-icmp_msm5151_20260701T000000Z_010000Z.json,35,35.0,16,landing_region_0132::landing_region_0132,0.2571428571428571,0.42857142857142855,0.5428571428571428,10.924192995304422,broad_corridor_observation_distribution,False,False,False,False,insufficient_minimum_unique_probes,minimum_unique_probes,5,3,1,0.8571428571428571,0.14285714285714285,probe_country_service
RS,Topology-IPv4-ICMP,5151,topology-baseline_topology-ipv4-icmp_msm5151_20260701T000000Z_010000Z.json,16,16.0,8,landing_region_0132::landing_region_0132,0.375,0.5,0.625,6.301254424453084,broad_corridor_observation_distribution,False,False,False,False,"insufficient_minimum_mappable_segments,minimum_unique_probes","minimum_mappable_segments,minimum_unique_probes",4,3,1,0.75,0.25,probe_country_service
RU,Topology-IPv4-ICMP,5151,topology-baseline_topology-ipv4-icmp_msm5151_20260701T000000Z_010000Z.json,215,215.0,40,landing_region_0051::landing_region_0512,0.2837209302325581,0.3953488372093023,0.5023255813953488,15.613881198346585,broad_corridor_observation_distribution,False,False,True,True,auditable,,60,49,1,0.6790697674418604,0.3209302325581395,probe_country_service
SA,Topology-IPv4-ICMP,5151,topology-baseline_topology-ipv4-icmp_msm5151_20260701T000000Z_010000Z.json,9,9.0,4,landing_region_0132::landing_region_0132,0.5555555555555556,0.7777777777777778,0.8888888888888888,3.1552246470812864,weak_corridor_observation_concentration,True,False,False,False,"insufficient_minimum_mappable_segments,minimum_unique_probes","minimum_mappable_segments,minimum_unique_probes",4,4,1,0.7777777777777778,0.2222222222222222,probe_country_service
SE,Topology-IPv4-ICMP,5151,topology-baseline_topology-ipv4-icmp_msm5151_20260701T000000Z_010000Z.json,230,230.0,23,landing_region_0051::landing_region_0051,0.5043478260869565,0.7565217391304347,0.8260869565217391,5.3202670655405875,weak_corridor_observation_concentration,True,True,True,True,auditable,,55,26,1,0.8130434782608695,0.18695652173913044,probe_country_service
SG,Topology-IPv4-ICMP,5151,topology-baseline_topology-ipv4-icmp_msm5151_20260701T000000Z_010000Z.json,312,312.0,14,landing_region_0132::landing_region_0132,0.8878205128205128,0.9198717948717948,0.9391025641025641,1.8040656561627126,severe_corridor_observation_concentration,True,True,True,True,auditable,,82,43,1,0.9230769230769231,0.07692307692307693,probe_country_service
SI,Topology-IPv4-ICMP,5151,topology-baseline_topology-ipv4-icmp_msm5151_20260701T000000Z_010000Z.json,9,9.0,4,landing_region_0041::landing_region_0041,0.6666666666666666,0.7777777777777777,0.8888888888888888,2.72568088924821,weak_corridor_observation_concentration,True,False,False,False,"insufficient_minimum_mappable_segments,minimum_unique_probes,minimum_unique_probe_asns","minimum_mappable_segments,minimum_unique_probes,minimum_unique_probe_asns",1,1,1,0.7777777777777778,0.2222222222222222,probe_country_service
SK,Topology-IPv4-ICMP,5151,topology-baseline_topology-ipv4-icmp_msm5151_20260701T000000Z_010000Z.json,7,7.0,4,landing_region_0132::landing_region_0132,0.42857142857142855,0.7142857142857142,0.8571428571428571,3.5859888270569544,weak_corridor_observation_concentration,True,False,False,False,"insufficient_minimum_mappable_segments,minimum_unique_probes","minimum_mappable_segments,minimum_unique_probes",3,3,1,0.5714285714285714,0.42857142857142855,probe_country_service
SL,Topology-IPv4-ICMP,5151,topology-baseline_topology-ipv4-icmp_msm5151_20260701T000000Z_010000Z.json,1,1.0,1,landing_region_0239::landing_region_0374,1.0,1.0,1.0,1.0,severe_corridor_observation_concentration,True,False,False,False,"insufficient_minimum_mappable_segments,minimum_unique_probes,minimum_unique_probe_asns","minimum_mappable_segments,minimum_unique_probes,minimum_unique_probe_asns",1,1,1,0.0,1.0,probe_country_service
SV,Topology-IPv4-ICMP,5151,topology-baseline_topology-ipv4-icmp_msm5151_20260701T000000Z_010000Z.json,5,5.0,4,landing_region_0174::landing_region_0779,0.4,0.6000000000000001,0.8,3.7892914162759954,weak_corridor_observation_concentration,True,False,False,False,"insufficient_minimum_mappable_segments,minimum_unique_probes,minimum_unique_probe_asns","minimum_mappable_segments,minimum_unique_probes,minimum_unique_probe_asns",2,2,1,0.2,0.8,probe_country_service
TD,Topology-IPv4-ICMP,5151,topology-baseline_topology-ipv4-icmp_msm5151_20260701T000000Z_010000Z.json,1,1.0,1,landing_region_0174::landing_region_0370,1.0,1.0,1.0,1.0,severe_corridor_observation_concentration,True,False,False,False,"insufficient_minimum_mappable_segments,minimum_unique_probes,minimum_unique_probe_asns","minimum_mappable_segments,minimum_unique_probes,minimum_unique_probe_asns",1,1,1,0.0,1.0,probe_country_service
TG,Topology-IPv4-ICMP,5151,topology-baseline_topology-ipv4-icmp_msm5151_20260701T000000Z_010000Z.json,1,1.0,1,landing_region_0556::landing_region_0586,1.0,1.0,1.0,1.0,severe_corridor_observation_concentration,True,False,False,False,"insufficient_minimum_mappable_segments,minimum_unique_probes,minimum_unique_probe_asns","minimum_mappable_segments,minimum_unique_probes,minimum_unique_probe_asns",1,1,1,0.0,1.0,probe_country_service
TH,Topology-IPv4-ICMP,5151,topology-baseline_topology-ipv4-icmp_msm5151_20260701T000000Z_010000Z.json,48,48.0,9,landing_region_0132::landing_region_0132,0.625,0.7916666666666666,0.875,3.6087250094954477,weak_corridor_observation_concentration,True,True,True,True,auditable,,17,13,1,0.7916666666666666,0.20833333333333334,probe_country_service
TJ,Topology-IPv4-ICMP,5151,topology-baseline_topology-ipv4-icmp_msm5151_20260701T000000Z_010000Z.json,10,10.0,4,landing_region_0719::landing_region_0719,0.5,0.7,0.9,3.389245277339832,weak_corridor_observation_concentration,True,False,False,False,"insufficient_minimum_mappable_segments,minimum_unique_probes,minimum_unique_probe_asns","minimum_mappable_segments,minimum_unique_probes,minimum_unique_probe_asns",1,1,1,1.0,0.0,probe_country_service
TL,Topology-IPv4-ICMP,5151,topology-baseline_topology-ipv4-icmp_msm5151_20260701T000000Z_010000Z.json,7,7.0,5,landing_region_0132::landing_region_0230,0.2857142857142857,0.5714285714285714,0.7142857142857142,4.710650674213248,broad_corridor_observation_distribution,False,False,False,False,"insufficient_minimum_mappable_segments,minimum_unique_probes,minimum_unique_probe_asns","minimum_mappable_segments,minimum_unique_probes,minimum_unique_probe_asns",2,2,1,0.42857142857142855,0.5714285714285714,probe_country_service
TN,Topology-IPv4-ICMP,5151,topology-baseline_topology-ipv4-icmp_msm5151_20260701T000000Z_010000Z.json,2,2.0,2,landing_region_0125::landing_region_0348,0.5,1.0,1.0,2.0,moderate_corridor_observation_concentration,True,False,False,False,"insufficient_minimum_mappable_segments,minimum_unique_probes,minimum_unique_probe_asns","minimum_mappable_segments,minimum_unique_probes,minimum_unique_probe_asns",1,1,1,1.0,0.0,probe_country_service
TO,Topology-IPv4-ICMP,5151,topology-baseline_topology-ipv4-icmp_msm5151_20260701T000000Z_010000Z.json,6,6.0,5,landing_region_0041::landing_region_0041,0.3333333333333333,0.5,0.6666666666666666,4.7622031559046,broad_corridor_observation_distribution,False,False,False,False,"insufficient_minimum_mappable_segments,minimum_unique_probes,minimum_unique_probe_asns","minimum_mappable_segments,minimum_unique_probes,minimum_unique_probe_asns",1,1,1,0.6666666666666666,0.3333333333333333,probe_country_service
TR,Topology-IPv4-ICMP,5151,topology-baseline_topology-ipv4-icmp_msm5151_20260701T000000Z_010000Z.json,12,12.0,7,landing_region_0223::landing_region_0223,0.3333333333333333,0.5833333333333333,0.6666666666666666,5.743997848882473,broad_corridor_observation_distribution,False,False,False,False,"insufficient_minimum_mappable_segments,minimum_unique_probes,minimum_unique_probe_asns","minimum_mappable_segments,minimum_unique_probes,minimum_unique_probe_asns",2,2,1,0.8333333333333334,0.16666666666666666,probe_country_service
TV,Topology-IPv4-ICMP,5151,topology-baseline_topology-ipv4-icmp_msm5151_20260701T000000Z_010000Z.json,1,1.0,1,landing_region_0041::landing_region_0903,1.0,1.0,1.0,1.0,severe_corridor_observation_concentration,True,False,False,False,"insufficient_minimum_mappable_segments,minimum_unique_probes,minimum_unique_probe_asns","minimum_mappable_segments,minimum_unique_probes,minimum_unique_probe_asns",1,1,1,0.0,1.0,probe_country_service
TW,Topology-IPv4-ICMP,5151,topology-baseline_topology-ipv4-icmp_msm5151_20260701T000000Z_010000Z.json,246,246.0,19,landing_region_0719::landing_region_0719,0.516260162601626,0.6788617886178862,0.7642276422764227,5.594826515345121,broad_corridor_observation_distribution,False,False,True,True,auditable,,37,14,1,0.8821138211382114,0.11788617886178862,probe_country_service
TZ,Topology-IPv4-ICMP,5151,topology-baseline_topology-ipv4-icmp_msm5151_20260701T000000Z_010000Z.json,5,5.0,3,landing_region_0230::landing_region_0230,0.4,0.8,1.0,2.8717458874925876,moderate_corridor_observation_concentration,True,False,False,False,"insufficient_minimum_mappable_segments,minimum_unique_probes,minimum_unique_probe_asns","minimum_mappable_segments,minimum_unique_probes,minimum_unique_probe_asns",2,2,1,0.8,0.2,probe_country_service
UA,Topology-IPv4-ICMP,5151,topology-baseline_topology-ipv4-icmp_msm5151_20260701T000000Z_010000Z.json,48,48.0,15,landing_region_0132::landing_region_0132,0.2708333333333333,0.3958333333333333,0.47916666666666663,10.903598752693092,broad_corridor_observation_distribution,False,False,True,True,auditable,,10,9,1,0.8333333333333334,0.16666666666666666,probe_country_service
UG,Topology-IPv4-ICMP,5151,topology-baseline_topology-ipv4-icmp_msm5151_20260701T000000Z_010000Z.json,3,3.0,3,landing_region_0061::landing_region_0132,0.3333333333333333,0.6666666666666666,1.0,2.9999999999999996,weak_corridor_observation_concentration,True,False,False,False,"insufficient_minimum_mappable_segments,minimum_unique_probes,minimum_unique_probe_asns","minimum_mappable_segments,minimum_unique_probes,minimum_unique_probe_asns",1,1,1,0.3333333333333333,0.6666666666666666,probe_country_service
US,Topology-IPv4-ICMP,5151,topology-baseline_topology-ipv4-icmp_msm5151_20260701T000000Z_010000Z.json,877,877.0,78,landing_region_0223::landing_region_0223,0.3295324971493729,0.4868871151653364,0.5872291904218928,14.301830854331783,broad_corridor_observation_distribution,False,False,True,True,auditable,,129,58,1,0.863169897377423,0.13683010262257697,probe_country_service
UY,Topology-IPv4-ICMP,5151,topology-baseline_topology-ipv4-icmp_msm5151_20260701T000000Z_010000Z.json,4,4.0,2,landing_region_0230::landing_region_0230,0.75,1.0,1.0,1.7547653506033232,moderate_corridor_observation_concentration,True,False,False,False,"insufficient_minimum_mappable_segments,minimum_unique_probes,minimum_unique_probe_asns","minimum_mappable_segments,minimum_unique_probes,minimum_unique_probe_asns",2,2,1,0.75,0.25,probe_country_service
UZ,Topology-IPv4-ICMP,5151,topology-baseline_topology-ipv4-icmp_msm5151_20260701T000000Z_010000Z.json,2,2.0,2,landing_region_0061::landing_region_0061,0.5,1.0,1.0,2.0,moderate_corridor_observation_concentration,True,False,False,False,"insufficient_minimum_mappable_segments,minimum_unique_probes,minimum_unique_probe_asns","minimum_mappable_segments,minimum_unique_probes,minimum_unique_probe_asns",1,1,1,0.5,0.5,probe_country_service
VE,Topology-IPv4-ICMP,5151,topology-baseline_topology-ipv4-icmp_msm5151_20260701T000000Z_010000Z.json,23,23.0,9,landing_region_0210::landing_region_0210,0.30434782608695654,0.4782608695652174,0.6086956521739131,7.228617220982061,broad_corridor_observation_distribution,False,False,False,False,"insufficient_minimum_mappable_segments,minimum_unique_probes,minimum_unique_probe_asns","minimum_mappable_segments,minimum_unique_probes,minimum_unique_probe_asns",4,2,1,0.9565217391304348,0.043478260869565216,probe_country_service
VI,Topology-IPv4-ICMP,5151,topology-baseline_topology-ipv4-icmp_msm5151_20260701T000000Z_010000Z.json,2,2.0,2,landing_region_0174::landing_region_0208,0.5,1.0,1.0,2.0,moderate_corridor_observation_concentration,True,False,False,False,"insufficient_minimum_mappable_segments,minimum_unique_probes,minimum_unique_probe_asns","minimum_mappable_segments,minimum_unique_probes,minimum_unique_probe_asns",1,1,1,0.5,0.5,probe_country_service
VN,Topology-IPv4-ICMP,5151,topology-baseline_topology-ipv4-icmp_msm5151_20260701T000000Z_010000Z.json,54,54.0,5,landing_region_0230::landing_region_0230,0.5185185185185185,0.9259259259259258,0.9629629629629629,2.6543202369721537,moderate_corridor_observation_concentration,True,True,True,True,auditable,,13,10,1,0.9259259259259259,0.07407407407407407,probe_country_service
VU,Topology-IPv4-ICMP,5151,topology-baseline_topology-ipv4-icmp_msm5151_20260701T000000Z_010000Z.json,4,4.0,2,landing_region_0041::landing_region_0041,0.75,1.0,1.0,1.7547653506033232,moderate_corridor_observation_concentration,True,False,False,False,"insufficient_minimum_mappable_segments,minimum_unique_probes,minimum_unique_probe_asns","minimum_mappable_segments,minimum_unique_probes,minimum_unique_probe_asns",1,1,1,0.75,0.25,probe_country_service
ZA,Topology-IPv4-ICMP,5151,topology-baseline_topology-ipv4-icmp_msm5151_20260701T000000Z_010000Z.json,91,91.0,26,landing_region_0008::landing_region_0008,0.23076923076923078,0.38461538461538464,0.46153846153846156,15.612031744387455,broad_corridor_observation_distribution,False,False,False,False,insufficient_minimum_unique_probes,minimum_unique_probes,7,6,1,0.37362637362637363,0.6263736263736264,probe_country_service
ZM,Topology-IPv4-ICMP,5151,topology-baseline_topology-ipv4-icmp_msm5151_20260701T000000Z_010000Z.json,2,2.0,2,landing_region_0054::landing_region_0650,0.5,1.0,1.0,2.0,moderate_corridor_observation_concentration,True,False,False,False,"insufficient_minimum_mappable_segments,minimum_unique_probes,minimum_unique_probe_asns","minimum_mappable_segments,minimum_unique_probes,minimum_unique_probe_asns",1,1,1,0.5,0.5,probe_country_service
ZW,Topology-IPv4-ICMP,5151,topology-baseline_topology-ipv4-icmp_msm5151_20260701T000000Z_010000Z.json,2,2.0,2,landing_region_0162::landing_region_0239,0.5,1.0,1.0,2.0,moderate_corridor_observation_concentration,True,False,False,False,"insufficient_minimum_mappable_segments,minimum_unique_probes,minimum_unique_probe_asns","minimum_mappable_segments,minimum_unique_probes,minimum_unique_probe_asns",1,1,1,0.0,1.0,probe_country_service
