probe_country,service_id,path_scope_stratum,msm_id,file_name,total_hop_pair_segments,cross_as_boundary_segments,intra_as_hop_pair_segments,country_fallback_segments,cross_as_boundary_coverage_rate,intra_as_hop_pair_share,country_fallback_share,unique_as_boundary_transitions,top1_as_boundary_transition_key,top1_as_boundary_transition_share,top2_as_boundary_transition_share,top3_as_boundary_transition_share,effective_as_boundary_transition_count,as_boundary_transition_concentration_tier,auditable_as_boundary_case,as_boundary_observation_sufficiency_reason,unique_probes,unique_probe_asns
AE,Reddit,all_publicly_visible,176906957,popular-application_reddit_msm176906957_20260701T000000Z_010000Z.json,12,5,7,0,0.4166666666666667,0.5833333333333334,0.0,1,8966->5384,1.0,1.0,1.0,1.0,severe_as_boundary_transition_concentration,False,"insufficient_minimum_mappable_segments,minimum_unique_probes,minimum_unique_probe_asns",2,2
AE,Reddit,resolved_entry_only,176906957,popular-application_reddit_msm176906957_20260701T000000Z_010000Z.json,12,5,7,0,0.4166666666666667,0.5833333333333334,0.0,1,8966->5384,1.0,1.0,1.0,1.0,severe_as_boundary_transition_concentration,False,"insufficient_minimum_mappable_segments,minimum_unique_probes,minimum_unique_probe_asns",2,2
AF,Reddit,all_publicly_visible,176906957,popular-application_reddit_msm176906957_20260701T000000Z_010000Z.json,8,5,0,3,0.625,0.0,0.375,1,8966->5384,1.0,1.0,1.0,1.0,severe_as_boundary_transition_concentration,False,"insufficient_minimum_mappable_segments,minimum_unique_probes,minimum_unique_probe_asns",2,1
AF,Reddit,resolved_entry_only,176906957,popular-application_reddit_msm176906957_20260701T000000Z_010000Z.json,8,5,0,3,0.625,0.0,0.375,1,8966->5384,1.0,1.0,1.0,1.0,severe_as_boundary_transition_concentration,False,"insufficient_minimum_mappable_segments,minimum_unique_probes,minimum_unique_probe_asns",2,1
BJ,Reddit,all_publicly_visible,176906957,popular-application_reddit_msm176906957_20260701T000000Z_010000Z.json,20,20,0,0,1.0,0.0,0.0,1,28683->174,1.0,1.0,1.0,1.0,severe_as_boundary_transition_concentration,False,"insufficient_minimum_mappable_segments,minimum_unique_probes,minimum_unique_probe_asns",5,2
BJ,Reddit,resolved_entry_only,176906957,popular-application_reddit_msm176906957_20260701T000000Z_010000Z.json,20,20,0,0,1.0,0.0,0.0,1,28683->174,1.0,1.0,1.0,1.0,severe_as_boundary_transition_concentration,False,"insufficient_minimum_mappable_segments,minimum_unique_probes,minimum_unique_probe_asns",5,2
CA,Reddit,all_publicly_visible,176906957,popular-application_reddit_msm176906957_20260701T000000Z_010000Z.json,32,10,22,0,0.3125,0.6875,0.0,2,855->3356,0.6,1.0,1.0,1.9601317042077895,moderate_as_boundary_transition_concentration,False,"insufficient_minimum_mappable_segments,minimum_unique_probes,minimum_unique_probe_asns",3,2
CA,Reddit,resolved_entry_only,176906957,popular-application_reddit_msm176906957_20260701T000000Z_010000Z.json,32,10,22,0,0.3125,0.6875,0.0,2,855->3356,0.6,1.0,1.0,1.9601317042077895,moderate_as_boundary_transition_concentration,False,"insufficient_minimum_mappable_segments,minimum_unique_probes,minimum_unique_probe_asns",3,2
CN,Reddit,all_publicly_visible,176906957,popular-application_reddit_msm176906957_20260701T000000Z_010000Z.json,16,6,7,3,0.375,0.4375,0.1875,3,9808->58453,0.5,0.8333333333333333,1.0,2.7494592739972052,moderate_as_boundary_transition_concentration,False,"insufficient_minimum_mappable_segments,minimum_unique_probes,minimum_unique_probe_asns",4,1
CN,Reddit,resolved_entry_only,176906957,popular-application_reddit_msm176906957_20260701T000000Z_010000Z.json,14,6,7,1,0.42857142857142855,0.5,0.07142857142857142,3,9808->58453,0.5,0.8333333333333333,1.0,2.7494592739972052,moderate_as_boundary_transition_concentration,False,"insufficient_minimum_mappable_segments,minimum_unique_probes,minimum_unique_probe_asns",4,1
CY,Reddit,all_publicly_visible,176906957,popular-application_reddit_msm176906957_20260701T000000Z_010000Z.json,29,7,4,18,0.2413793103448276,0.13793103448275862,0.6206896551724138,1,5504->1299,1.0,1.0,1.0,1.0,severe_as_boundary_transition_concentration,False,"insufficient_minimum_mappable_segments,minimum_unique_probes,minimum_unique_probe_asns",2,1
CY,Reddit,resolved_entry_only,176906957,popular-application_reddit_msm176906957_20260701T000000Z_010000Z.json,29,7,4,18,0.2413793103448276,0.13793103448275862,0.6206896551724138,1,5504->1299,1.0,1.0,1.0,1.0,severe_as_boundary_transition_concentration,False,"insufficient_minimum_mappable_segments,minimum_unique_probes,minimum_unique_probe_asns",2,1
DJ,Reddit,all_publicly_visible,176906957,popular-application_reddit_msm176906957_20260701T000000Z_010000Z.json,9,9,0,0,1.0,0.0,0.0,1,30990->174,1.0,1.0,1.0,1.0,severe_as_boundary_transition_concentration,False,"insufficient_minimum_mappable_segments,minimum_unique_probes,minimum_unique_probe_asns",3,2
DJ,Reddit,resolved_entry_only,176906957,popular-application_reddit_msm176906957_20260701T000000Z_010000Z.json,9,9,0,0,1.0,0.0,0.0,1,30990->174,1.0,1.0,1.0,1.0,severe_as_boundary_transition_concentration,False,"insufficient_minimum_mappable_segments,minimum_unique_probes,minimum_unique_probe_asns",3,2
DO,Reddit,all_publicly_visible,176906957,popular-application_reddit_msm176906957_20260701T000000Z_010000Z.json,15,12,3,0,0.8,0.2,0.0,2,64126->23520,0.8333333333333334,1.0,1.0,1.5691925832141966,severe_as_boundary_transition_concentration,False,"insufficient_minimum_mappable_segments,minimum_unique_probes",4,4
DO,Reddit,resolved_entry_only,176906957,popular-application_reddit_msm176906957_20260701T000000Z_010000Z.json,15,12,3,0,0.8,0.2,0.0,2,64126->23520,0.8333333333333334,1.0,1.0,1.5691925832141966,severe_as_boundary_transition_concentration,False,"insufficient_minimum_mappable_segments,minimum_unique_probes",4,4
EE,Reddit,all_publicly_visible,176906957,popular-application_reddit_msm176906957_20260701T000000Z_010000Z.json,117,39,78,0,0.3333333333333333,0.6666666666666666,0.0,3,3249->9002,0.5641025641025641,0.9743589743589743,1.0,2.18676739089613,moderate_as_boundary_transition_concentration,True,auditable,12,5
EE,Reddit,resolved_entry_only,176906957,popular-application_reddit_msm176906957_20260701T000000Z_010000Z.json,116,39,77,0,0.33620689655172414,0.6637931034482759,0.0,3,3249->9002,0.5641025641025641,0.9743589743589743,1.0,2.18676739089613,moderate_as_boundary_transition_concentration,True,auditable,12,5
ET,Reddit,all_publicly_visible,176906957,popular-application_reddit_msm176906957_20260701T000000Z_010000Z.json,2,2,0,0,1.0,0.0,0.0,1,30990->174,1.0,1.0,1.0,1.0,severe_as_boundary_transition_concentration,False,"insufficient_minimum_mappable_segments,minimum_unique_probes,minimum_unique_probe_asns",1,1
FI,Reddit,all_publicly_visible,176906957,popular-application_reddit_msm176906957_20260701T000000Z_010000Z.json,93,20,73,0,0.21505376344086022,0.7849462365591398,0.0,3,719->6667,0.6,0.95,1.0,2.27896121459488,moderate_as_boundary_transition_concentration,False,"insufficient_minimum_mappable_segments,minimum_unique_probes,minimum_unique_probe_asns",6,2
FI,Reddit,resolved_entry_only,176906957,popular-application_reddit_msm176906957_20260701T000000Z_010000Z.json,93,20,73,0,0.21505376344086022,0.7849462365591398,0.0,3,719->6667,0.6,0.95,1.0,2.27896121459488,moderate_as_boundary_transition_concentration,False,"insufficient_minimum_mappable_segments,minimum_unique_probes,minimum_unique_probe_asns",6,2
HN,Reddit,all_publicly_visible,176906957,popular-application_reddit_msm176906957_20260701T000000Z_010000Z.json,22,22,0,0,1.0,0.0,0.0,2,263725->54082,0.6818181818181818,1.0,1.0,1.8691641638195144,moderate_as_boundary_transition_concentration,False,"insufficient_minimum_mappable_segments,minimum_unique_probes",6,4
HN,Reddit,resolved_entry_only,176906957,popular-application_reddit_msm176906957_20260701T000000Z_010000Z.json,22,22,0,0,1.0,0.0,0.0,2,263725->54082,0.6818181818181818,1.0,1.0,1.8691641638195144,moderate_as_boundary_transition_concentration,False,"insufficient_minimum_mappable_segments,minimum_unique_probes",6,4
ID,Reddit,all_publicly_visible,176906957,popular-application_reddit_msm176906957_20260701T000000Z_010000Z.json,173,52,88,33,0.30057803468208094,0.5086705202312138,0.1907514450867052,15,45296->9002,0.17307692307692307,0.3076923076923077,0.3846153846153846,12.583064454273917,broad_as_boundary_transition_distribution,True,auditable,16,14
ID,Reddit,resolved_entry_only,176906957,popular-application_reddit_msm176906957_20260701T000000Z_010000Z.json,170,52,85,33,0.3058823529411765,0.5,0.19411764705882353,15,45296->9002,0.17307692307692307,0.3076923076923077,0.3846153846153846,12.583064454273917,broad_as_boundary_transition_distribution,True,auditable,16,14
KY,Reddit,all_publicly_visible,176906957,popular-application_reddit_msm176906957_20260701T000000Z_010000Z.json,4,4,0,0,1.0,0.0,0.0,1,36549->3855,1.0,1.0,1.0,1.0,severe_as_boundary_transition_concentration,False,"insufficient_minimum_mappable_segments,minimum_unique_probes,minimum_unique_probe_asns",1,1
KY,Reddit,resolved_entry_only,176906957,popular-application_reddit_msm176906957_20260701T000000Z_010000Z.json,4,4,0,0,1.0,0.0,0.0,1,36549->3855,1.0,1.0,1.0,1.0,severe_as_boundary_transition_concentration,False,"insufficient_minimum_mappable_segments,minimum_unique_probes,minimum_unique_probe_asns",1,1
ML,Reddit,all_publicly_visible,176906957,popular-application_reddit_msm176906957_20260701T000000Z_010000Z.json,5,3,2,0,0.6,0.4,0.0,1,8346->6453,1.0,1.0,1.0,1.0,severe_as_boundary_transition_concentration,False,"insufficient_minimum_mappable_segments,minimum_unique_probes,minimum_unique_probe_asns",1,1
ML,Reddit,resolved_entry_only,176906957,popular-application_reddit_msm176906957_20260701T000000Z_010000Z.json,5,3,2,0,0.6,0.4,0.0,1,8346->6453,1.0,1.0,1.0,1.0,severe_as_boundary_transition_concentration,False,"insufficient_minimum_mappable_segments,minimum_unique_probes,minimum_unique_probe_asns",1,1
MT,Reddit,all_publicly_visible,176906957,popular-application_reddit_msm176906957_20260701T000000Z_010000Z.json,4,4,0,0,1.0,0.0,0.0,1,15735->1299,1.0,1.0,1.0,1.0,severe_as_boundary_transition_concentration,False,"insufficient_minimum_mappable_segments,minimum_unique_probes,minimum_unique_probe_asns",2,1
MT,Reddit,resolved_entry_only,176906957,popular-application_reddit_msm176906957_20260701T000000Z_010000Z.json,4,4,0,0,1.0,0.0,0.0,1,15735->1299,1.0,1.0,1.0,1.0,severe_as_boundary_transition_concentration,False,"insufficient_minimum_mappable_segments,minimum_unique_probes,minimum_unique_probe_asns",2,1
MV,Reddit,all_publicly_visible,176906957,popular-application_reddit_msm176906957_20260701T000000Z_010000Z.json,39,4,6,29,0.10256410256410256,0.15384615384615385,0.7435897435897436,1,24016->45489,1.0,1.0,1.0,1.0,severe_as_boundary_transition_concentration,False,"insufficient_minimum_mappable_segments,minimum_unique_probes,minimum_unique_probe_asns",1,1
MV,Reddit,resolved_entry_only,176906957,popular-application_reddit_msm176906957_20260701T000000Z_010000Z.json,39,4,6,29,0.10256410256410256,0.15384615384615385,0.7435897435897436,1,24016->45489,1.0,1.0,1.0,1.0,severe_as_boundary_transition_concentration,False,"insufficient_minimum_mappable_segments,minimum_unique_probes,minimum_unique_probe_asns",1,1
MX,Reddit,all_publicly_visible,176906957,popular-application_reddit_msm176906957_20260701T000000Z_010000Z.json,3,3,0,0,1.0,0.0,0.0,1,265539->23520,1.0,1.0,1.0,1.0,severe_as_boundary_transition_concentration,False,"insufficient_minimum_mappable_segments,minimum_unique_probes,minimum_unique_probe_asns",1,1
MX,Reddit,resolved_entry_only,176906957,popular-application_reddit_msm176906957_20260701T000000Z_010000Z.json,3,3,0,0,1.0,0.0,0.0,1,265539->23520,1.0,1.0,1.0,1.0,severe_as_boundary_transition_concentration,False,"insufficient_minimum_mappable_segments,minimum_unique_probes,minimum_unique_probe_asns",1,1
NA,Reddit,all_publicly_visible,176906957,popular-application_reddit_msm176906957_20260701T000000Z_010000Z.json,329,64,214,51,0.1945288753799392,0.6504559270516718,0.15501519756838905,17,8966->5384,0.1875,0.3125,0.375,13.670359676969838,broad_as_boundary_transition_distribution,False,insufficient_minimum_unique_probe_asns,19,0
NA,Reddit,resolved_entry_only,176906957,popular-application_reddit_msm176906957_20260701T000000Z_010000Z.json,329,64,214,51,0.1945288753799392,0.6504559270516718,0.15501519756838905,17,8966->5384,0.1875,0.3125,0.375,13.670359676969838,broad_as_boundary_transition_distribution,False,insufficient_minimum_unique_probe_asns,19,0
NG,Reddit,all_publicly_visible,176906957,popular-application_reddit_msm176906957_20260701T000000Z_010000Z.json,18,6,12,0,0.3333333333333333,0.6666666666666666,0.0,1,37282->174,1.0,1.0,1.0,1.0,severe_as_boundary_transition_concentration,False,"insufficient_minimum_mappable_segments,minimum_unique_probes,minimum_unique_probe_asns",2,2
NG,Reddit,resolved_entry_only,176906957,popular-application_reddit_msm176906957_20260701T000000Z_010000Z.json,18,6,12,0,0.3333333333333333,0.6666666666666666,0.0,1,37282->174,1.0,1.0,1.0,1.0,severe_as_boundary_transition_concentration,False,"insufficient_minimum_mappable_segments,minimum_unique_probes,minimum_unique_probe_asns",2,2
NO,Reddit,all_publicly_visible,176906957,popular-application_reddit_msm176906957_20260701T000000Z_010000Z.json,105,15,90,0,0.14285714285714285,0.8571428571428571,0.0,3,49409->57829,0.4666666666666667,0.7333333333333334,1.0,2.8881085463122784,weak_as_boundary_transition_concentration,False,"insufficient_minimum_mappable_segments,minimum_unique_probes",4,3
NO,Reddit,resolved_entry_only,176906957,popular-application_reddit_msm176906957_20260701T000000Z_010000Z.json,105,15,90,0,0.14285714285714285,0.8571428571428571,0.0,3,49409->57829,0.4666666666666667,0.7333333333333334,1.0,2.8881085463122784,weak_as_boundary_transition_concentration,False,"insufficient_minimum_mappable_segments,minimum_unique_probes",4,3
NZ,Reddit,all_publicly_visible,176906957,popular-application_reddit_msm176906957_20260701T000000Z_010000Z.json,78,1,58,19,0.01282051282051282,0.7435897435897436,0.24358974358974358,1,4049->55850,1.0,1.0,1.0,1.0,severe_as_boundary_transition_concentration,False,"insufficient_minimum_mappable_segments,minimum_unique_probes,minimum_unique_probe_asns",1,1
NZ,Reddit,resolved_entry_only,176906957,popular-application_reddit_msm176906957_20260701T000000Z_010000Z.json,78,1,58,19,0.01282051282051282,0.7435897435897436,0.24358974358974358,1,4049->55850,1.0,1.0,1.0,1.0,severe_as_boundary_transition_concentration,False,"insufficient_minimum_mappable_segments,minimum_unique_probes,minimum_unique_probe_asns",1,1
PA,Reddit,all_publicly_visible,176906957,popular-application_reddit_msm176906957_20260701T000000Z_010000Z.json,14,4,10,0,0.2857142857142857,0.7142857142857143,0.0,1,11556->23520,1.0,1.0,1.0,1.0,severe_as_boundary_transition_concentration,False,"insufficient_minimum_mappable_segments,minimum_unique_probes,minimum_unique_probe_asns",1,1
PA,Reddit,resolved_entry_only,176906957,popular-application_reddit_msm176906957_20260701T000000Z_010000Z.json,14,4,10,0,0.2857142857142857,0.7142857142857143,0.0,1,11556->23520,1.0,1.0,1.0,1.0,severe_as_boundary_transition_concentration,False,"insufficient_minimum_mappable_segments,minimum_unique_probes,minimum_unique_probe_asns",1,1
PE,Reddit,all_publicly_visible,176906957,popular-application_reddit_msm176906957_20260701T000000Z_010000Z.json,6,6,0,0,1.0,0.0,0.0,1,3356->3549,1.0,1.0,1.0,1.0,severe_as_boundary_transition_concentration,False,"insufficient_minimum_mappable_segments,minimum_unique_probes,minimum_unique_probe_asns",2,2
PE,Reddit,resolved_entry_only,176906957,popular-application_reddit_msm176906957_20260701T000000Z_010000Z.json,6,6,0,0,1.0,0.0,0.0,1,3356->3549,1.0,1.0,1.0,1.0,severe_as_boundary_transition_concentration,False,"insufficient_minimum_mappable_segments,minimum_unique_probes,minimum_unique_probe_asns",2,2
PG,Reddit,all_publicly_visible,176906957,popular-application_reddit_msm176906957_20260701T000000Z_010000Z.json,4,4,0,0,1.0,0.0,0.0,1,17828->4826,1.0,1.0,1.0,1.0,severe_as_boundary_transition_concentration,False,"insufficient_minimum_mappable_segments,minimum_unique_probes,minimum_unique_probe_asns",1,1
PG,Reddit,resolved_entry_only,176906957,popular-application_reddit_msm176906957_20260701T000000Z_010000Z.json,4,4,0,0,1.0,0.0,0.0,1,17828->4826,1.0,1.0,1.0,1.0,severe_as_boundary_transition_concentration,False,"insufficient_minimum_mappable_segments,minimum_unique_probes,minimum_unique_probe_asns",1,1
PH,Reddit,all_publicly_visible,176906957,popular-application_reddit_msm176906957_20260701T000000Z_010000Z.json,20,15,3,2,0.75,0.15,0.1,6,45209->9821,0.26666666666666666,0.4666666666666667,0.6666666666666667,5.361288465786553,broad_as_boundary_transition_distribution,False,"insufficient_minimum_mappable_segments,minimum_unique_probes",5,5
PH,Reddit,resolved_entry_only,176906957,popular-application_reddit_msm176906957_20260701T000000Z_010000Z.json,20,15,3,2,0.75,0.15,0.1,6,45209->9821,0.26666666666666666,0.4666666666666667,0.6666666666666667,5.361288465786553,broad_as_boundary_transition_distribution,False,"insufficient_minimum_mappable_segments,minimum_unique_probes",5,5
TL,Reddit,all_publicly_visible,176906957,popular-application_reddit_msm176906957_20260701T000000Z_010000Z.json,4,4,0,0,1.0,0.0,0.0,1,7699->4826,1.0,1.0,1.0,1.0,severe_as_boundary_transition_concentration,False,"insufficient_minimum_mappable_segments,minimum_unique_probes,minimum_unique_probe_asns",1,1
TL,Reddit,resolved_entry_only,176906957,popular-application_reddit_msm176906957_20260701T000000Z_010000Z.json,4,4,0,0,1.0,0.0,0.0,1,7699->4826,1.0,1.0,1.0,1.0,severe_as_boundary_transition_concentration,False,"insufficient_minimum_mappable_segments,minimum_unique_probes,minimum_unique_probe_asns",1,1
TO,Reddit,all_publicly_visible,176906957,popular-application_reddit_msm176906957_20260701T000000Z_010000Z.json,8,4,4,0,0.5,0.5,0.0,1,24390->7575,1.0,1.0,1.0,1.0,severe_as_boundary_transition_concentration,False,"insufficient_minimum_mappable_segments,minimum_unique_probes,minimum_unique_probe_asns",1,1
TO,Reddit,resolved_entry_only,176906957,popular-application_reddit_msm176906957_20260701T000000Z_010000Z.json,8,4,4,0,0.5,0.5,0.0,1,24390->7575,1.0,1.0,1.0,1.0,severe_as_boundary_transition_concentration,False,"insufficient_minimum_mappable_segments,minimum_unique_probes,minimum_unique_probe_asns",1,1
TW,Reddit,all_publicly_visible,176906957,popular-application_reddit_msm176906957_20260701T000000Z_010000Z.json,142,8,93,41,0.056338028169014086,0.6549295774647887,0.2887323943661972,3,208223->906,0.5,0.75,1.0,2.82842712474619,weak_as_boundary_transition_concentration,False,"insufficient_minimum_mappable_segments,minimum_unique_probes",3,3
TW,Reddit,resolved_entry_only,176906957,popular-application_reddit_msm176906957_20260701T000000Z_010000Z.json,142,8,93,41,0.056338028169014086,0.6549295774647887,0.2887323943661972,3,208223->906,0.5,0.75,1.0,2.82842712474619,weak_as_boundary_transition_concentration,False,"insufficient_minimum_mappable_segments,minimum_unique_probes",3,3
TZ,Reddit,all_publicly_visible,176906957,popular-application_reddit_msm176906957_20260701T000000Z_010000Z.json,2,2,0,0,1.0,0.0,0.0,2,37035->30990,0.5,1.0,1.0,2.0,moderate_as_boundary_transition_concentration,False,"insufficient_minimum_mappable_segments,minimum_unique_probes,minimum_unique_probe_asns",1,1
TZ,Reddit,resolved_entry_only,176906957,popular-application_reddit_msm176906957_20260701T000000Z_010000Z.json,2,2,0,0,1.0,0.0,0.0,2,37035->30990,0.5,1.0,1.0,2.0,moderate_as_boundary_transition_concentration,False,"insufficient_minimum_mappable_segments,minimum_unique_probes,minimum_unique_probe_asns",1,1
US,Reddit,all_publicly_visible,176906957,popular-application_reddit_msm176906957_20260701T000000Z_010000Z.json,50,8,41,1,0.16,0.82,0.02,2,26370->20055,0.5,1.0,1.0,2.0,moderate_as_boundary_transition_concentration,False,"insufficient_minimum_mappable_segments,minimum_unique_probes,minimum_unique_probe_asns",2,2
US,Reddit,resolved_entry_only,176906957,popular-application_reddit_msm176906957_20260701T000000Z_010000Z.json,50,8,41,1,0.16,0.82,0.02,2,26370->20055,0.5,1.0,1.0,2.0,moderate_as_boundary_transition_concentration,False,"insufficient_minimum_mappable_segments,minimum_unique_probes,minimum_unique_probe_asns",2,2
ZA,Reddit,all_publicly_visible,176906957,popular-application_reddit_msm176906957_20260701T000000Z_010000Z.json,21,2,5,14,0.09523809523809523,0.23809523809523808,0.6666666666666666,1,37640->60171,1.0,1.0,1.0,1.0,severe_as_boundary_transition_concentration,False,"insufficient_minimum_mappable_segments,minimum_unique_probes,minimum_unique_probe_asns",2,1
ZA,Reddit,resolved_entry_only,176906957,popular-application_reddit_msm176906957_20260701T000000Z_010000Z.json,21,2,5,14,0.09523809523809523,0.23809523809523808,0.6666666666666666,1,37640->60171,1.0,1.0,1.0,1.0,severe_as_boundary_transition_concentration,False,"insufficient_minimum_mappable_segments,minimum_unique_probes,minimum_unique_probe_asns",2,1
