probe_country,service_id,msm_id,file_name,corridor_id,corridor_label,observation_mass,raw_segment_count_with_corridor_feasible,unique_atomic_segments,unique_traceroutes,unique_probes,unique_probe_asns,share_of_unit_observation_mass,rank_within_unit,is_top1_corridor,is_top2_corridor,is_top3_corridor,domestic_segment_mass,international_segment_mass
AE,F-Root,5004,dns-root_f-root_msm5004_20260701T000000Z_010000Z.json,landing_region_0337::landing_region_0377,landing_region_0337 -> landing_region_0377,34.0,34,34,10,5,4,0.85,1,True,False,False,34.0,0.0
AE,F-Root,5004,dns-root_f-root_msm5004_20260701T000000Z_010000Z.json,landing_region_0132::landing_region_0377,landing_region_0132 -> landing_region_0377,4.0,4,4,2,1,1,0.1,2,False,True,False,0.0,4.0
AE,F-Root,5004,dns-root_f-root_msm5004_20260701T000000Z_010000Z.json,landing_region_0030::landing_region_0337,landing_region_0030 -> landing_region_0337,2.0,2,2,1,1,1,0.05,3,False,False,True,0.0,2.0
AT,F-Root,5004,dns-root_f-root_msm5004_20260701T000000Z_010000Z.json,landing_region_0376::landing_region_0376,landing_region_0376 -> landing_region_0376,10.0,10,10,5,3,3,1.0,1,True,False,False,4.0,6.0
AU,F-Root,5004,dns-root_f-root_msm5004_20260701T000000Z_010000Z.json,landing_region_0041::landing_region_0266,landing_region_0041 -> landing_region_0266,8.0,8,8,4,2,1,0.3333333333333333,1,True,False,False,0.0,8.0
AU,F-Root,5004,dns-root_f-root_msm5004_20260701T000000Z_010000Z.json,landing_region_0009::landing_region_0041,landing_region_0009 -> landing_region_0041,4.0,4,4,2,1,1,0.16666666666666666,2,False,True,False,4.0,0.0
AU,F-Root,5004,dns-root_f-root_msm5004_20260701T000000Z_010000Z.json,landing_region_0041::landing_region_0041,landing_region_0041 -> landing_region_0041,4.0,4,4,2,1,1,0.16666666666666666,3,False,False,True,4.0,0.0
AU,F-Root,5004,dns-root_f-root_msm5004_20260701T000000Z_010000Z.json,landing_region_0041::landing_region_0635,landing_region_0041 -> landing_region_0635,3.0,6,6,3,2,2,0.125,4,False,False,False,3.0,0.0
AU,F-Root,5004,dns-root_f-root_msm5004_20260701T000000Z_010000Z.json,landing_region_0041::landing_region_0945,landing_region_0041 -> landing_region_0945,3.0,6,6,3,2,2,0.125,5,False,False,False,3.0,0.0
AU,F-Root,5004,dns-root_f-root_msm5004_20260701T000000Z_010000Z.json,landing_region_0041::landing_region_0625,landing_region_0041 -> landing_region_0625,2.0,2,2,1,1,1,0.08333333333333333,6,False,False,False,2.0,0.0
AX,F-Root,5004,dns-root_f-root_msm5004_20260701T000000Z_010000Z.json,landing_region_0415::landing_region_0693,landing_region_0415 -> landing_region_0693,6.0,12,12,2,1,1,0.5,1,True,False,False,4.0,2.0
AX,F-Root,5004,dns-root_f-root_msm5004_20260701T000000Z_010000Z.json,landing_region_0415::landing_region_0415,landing_region_0415 -> landing_region_0415,4.0,8,8,2,1,1,0.3333333333333333,2,False,True,False,4.0,0.0
AX,F-Root,5004,dns-root_f-root_msm5004_20260701T000000Z_010000Z.json,landing_region_0415::landing_region_0512,landing_region_0415 -> landing_region_0512,2.0,4,4,2,1,1,0.16666666666666666,3,False,False,True,0.0,2.0
BB,F-Root,5004,dns-root_f-root_msm5004_20260701T000000Z_010000Z.json,landing_region_0174::landing_region_0603,landing_region_0174 -> landing_region_0603,4.0,4,4,2,1,1,1.0,1,True,False,False,0.0,4.0
BH,F-Root,5004,dns-root_f-root_msm5004_20260701T000000Z_010000Z.json,landing_region_0035::landing_region_0035,landing_region_0035 -> landing_region_0035,4.0,4,4,2,1,1,1.0,1,True,False,False,4.0,0.0
BJ,F-Root,5004,dns-root_f-root_msm5004_20260701T000000Z_010000Z.json,landing_region_0239::landing_region_0297,landing_region_0239 -> landing_region_0297,12.0,12,12,6,3,2,0.75,1,True,False,False,0.0,12.0
BJ,F-Root,5004,dns-root_f-root_msm5004_20260701T000000Z_010000Z.json,landing_region_0244::landing_region_0297,landing_region_0244 -> landing_region_0297,4.0,4,4,2,1,1,0.25,2,False,True,False,0.0,4.0
BO,F-Root,5004,dns-root_f-root_msm5004_20260701T000000Z_010000Z.json,landing_region_0242::landing_region_0975,landing_region_0242 -> landing_region_0975,12.0,12,12,3,2,2,1.0,1,True,False,False,12.0,0.0
BR,F-Root,5004,dns-root_f-root_msm5004_20260701T000000Z_010000Z.json,landing_region_0770::landing_region_0809,landing_region_0770 -> landing_region_0809,12.0,12,12,5,4,4,0.6,1,True,False,False,12.0,0.0
BR,F-Root,5004,dns-root_f-root_msm5004_20260701T000000Z_010000Z.json,landing_region_0370::landing_region_0828,landing_region_0370 -> landing_region_0828,4.0,4,4,2,1,1,0.2,2,False,True,False,4.0,0.0
BR,F-Root,5004,dns-root_f-root_msm5004_20260701T000000Z_010000Z.json,landing_region_0763::landing_region_0770,landing_region_0763 -> landing_region_0770,4.0,4,4,2,2,2,0.2,3,False,False,True,4.0,0.0
BZ,F-Root,5004,dns-root_f-root_msm5004_20260701T000000Z_010000Z.json,landing_region_0174::landing_region_0785,landing_region_0174 -> landing_region_0785,4.0,4,4,2,1,1,1.0,1,True,False,False,0.0,4.0
CA,F-Root,5004,dns-root_f-root_msm5004_20260701T000000Z_010000Z.json,landing_region_0200::landing_region_0944,landing_region_0200 -> landing_region_0944,16.0,16,16,6,4,3,0.25806451612903225,1,True,False,False,4.0,12.0
CA,F-Root,5004,dns-root_f-root_msm5004_20260701T000000Z_010000Z.json,landing_region_0223::landing_region_0293,landing_region_0223 -> landing_region_0293,8.0,16,16,8,4,3,0.12903225806451613,2,False,True,False,2.0,6.0
CA,F-Root,5004,dns-root_f-root_msm5004_20260701T000000Z_010000Z.json,landing_region_0008::landing_region_0223,landing_region_0008 -> landing_region_0223,6.0,12,12,6,3,2,0.0967741935483871,3,False,False,True,0.0,6.0
CA,F-Root,5004,dns-root_f-root_msm5004_20260701T000000Z_010000Z.json,landing_region_0149::landing_region_0149,landing_region_0149 -> landing_region_0149,6.0,12,12,6,4,3,0.0967741935483871,4,False,False,False,6.0,0.0
CA,F-Root,5004,dns-root_f-root_msm5004_20260701T000000Z_010000Z.json,landing_region_0149::landing_region_0610,landing_region_0149 -> landing_region_0610,6.0,12,12,6,4,3,0.0967741935483871,5,False,False,False,6.0,0.0
CA,F-Root,5004,dns-root_f-root_msm5004_20260701T000000Z_010000Z.json,landing_region_0008::landing_region_0008,landing_region_0008 -> landing_region_0008,5.333333333333333,16,16,8,4,2,0.08602150537634408,6,False,False,False,5.333333333333333,0.0
CA,F-Root,5004,dns-root_f-root_msm5004_20260701T000000Z_010000Z.json,landing_region_0008::landing_region_0293,landing_region_0008 -> landing_region_0293,5.333333333333333,16,16,8,4,2,0.08602150537634408,7,False,False,False,5.333333333333333,0.0
CA,F-Root,5004,dns-root_f-root_msm5004_20260701T000000Z_010000Z.json,landing_region_0293::landing_region_0293,landing_region_0293 -> landing_region_0293,5.333333333333333,16,16,8,4,2,0.08602150537634408,8,False,False,False,5.333333333333333,0.0
CA,F-Root,5004,dns-root_f-root_msm5004_20260701T000000Z_010000Z.json,landing_region_0095::landing_region_0893,landing_region_0095 -> landing_region_0893,2.0,2,2,1,1,1,0.03225806451612903,9,False,False,False,2.0,0.0
CA,F-Root,5004,dns-root_f-root_msm5004_20260701T000000Z_010000Z.json,landing_region_0223::landing_region_0223,landing_region_0223 -> landing_region_0223,2.0,4,4,2,1,1,0.03225806451612903,10,False,False,False,2.0,0.0
CD,F-Root,5004,dns-root_f-root_msm5004_20260701T000000Z_010000Z.json,landing_region_0054::landing_region_0650,landing_region_0054 -> landing_region_0650,2.0,2,2,1,1,1,1.0,1,True,False,False,0.0,2.0
CH,F-Root,5004,dns-root_f-root_msm5004_20260701T000000Z_010000Z.json,landing_region_0376::landing_region_0376,landing_region_0376 -> landing_region_0376,462.0,462,462,125,64,28,1.0,1,True,False,False,450.0,12.0
CL,F-Root,5004,dns-root_f-root_msm5004_20260701T000000Z_010000Z.json,landing_region_0242::landing_region_0975,landing_region_0242 -> landing_region_0975,38.0,38,38,9,5,4,1.0,1,True,False,False,38.0,0.0
CN,F-Root,5004,dns-root_f-root_msm5004_20260701T000000Z_010000Z.json,landing_region_0230::landing_region_0230,landing_region_0230 -> landing_region_0230,6.0,6,6,3,3,3,0.3,1,True,False,False,6.0,0.0
CN,F-Root,5004,dns-root_f-root_msm5004_20260701T000000Z_010000Z.json,landing_region_0230::landing_region_0270,landing_region_0230 -> landing_region_0270,3.0,6,6,3,2,2,0.15,2,False,True,False,3.0,0.0
CN,F-Root,5004,dns-root_f-root_msm5004_20260701T000000Z_010000Z.json,landing_region_0230::landing_region_0579,landing_region_0230 -> landing_region_0579,3.0,6,6,3,2,2,0.15,3,False,False,True,3.0,0.0
CN,F-Root,5004,dns-root_f-root_msm5004_20260701T000000Z_010000Z.json,landing_region_0024::landing_region_0266,landing_region_0024 -> landing_region_0266,2.0,4,4,2,1,1,0.1,4,False,False,False,2.0,0.0
CN,F-Root,5004,dns-root_f-root_msm5004_20260701T000000Z_010000Z.json,landing_region_0266::landing_region_0266,landing_region_0266 -> landing_region_0266,2.0,4,4,2,1,1,0.1,5,False,False,False,2.0,0.0
CN,F-Root,5004,dns-root_f-root_msm5004_20260701T000000Z_010000Z.json,landing_region_0132::landing_region_0132,landing_region_0132 -> landing_region_0132,1.3333333333333333,4,4,2,1,1,0.06666666666666667,6,False,False,False,1.3333333333333333,0.0
CN,F-Root,5004,dns-root_f-root_msm5004_20260701T000000Z_010000Z.json,landing_region_0132::landing_region_0487,landing_region_0132 -> landing_region_0487,1.3333333333333333,4,4,2,1,1,0.06666666666666667,7,False,False,False,1.3333333333333333,0.0
CN,F-Root,5004,dns-root_f-root_msm5004_20260701T000000Z_010000Z.json,landing_region_0132::landing_region_0807,landing_region_0132 -> landing_region_0807,1.3333333333333333,4,4,2,1,1,0.06666666666666667,8,False,False,False,1.3333333333333333,0.0
CR,F-Root,5004,dns-root_f-root_msm5004_20260701T000000Z_010000Z.json,landing_region_0174::landing_region_0465,landing_region_0174 -> landing_region_0465,4.0,4,4,2,1,1,1.0,1,True,False,False,4.0,0.0
CV,F-Root,5004,dns-root_f-root_msm5004_20260701T000000Z_010000Z.json,landing_region_0239::landing_region_0769,landing_region_0239 -> landing_region_0769,2.0,4,4,2,1,1,0.5,1,True,False,False,0.0,2.0
CV,F-Root,5004,dns-root_f-root_msm5004_20260701T000000Z_010000Z.json,landing_region_0769::landing_region_0872,landing_region_0769 -> landing_region_0872,2.0,4,4,2,1,1,0.5,2,False,True,False,0.0,2.0
CW,F-Root,5004,dns-root_f-root_msm5004_20260701T000000Z_010000Z.json,landing_region_0174::landing_region_0603,landing_region_0174 -> landing_region_0603,4.0,4,4,2,1,1,1.0,1,True,False,False,0.0,4.0
CY,F-Root,5004,dns-root_f-root_msm5004_20260701T000000Z_010000Z.json,landing_region_0734::landing_region_1009,landing_region_0734 -> landing_region_1009,8.0,8,8,4,2,1,0.6666666666666666,1,True,False,False,8.0,0.0
CY,F-Root,5004,dns-root_f-root_msm5004_20260701T000000Z_010000Z.json,landing_region_0431::landing_region_0734,landing_region_0431 -> landing_region_0734,2.0,4,4,2,1,1,0.16666666666666666,2,False,True,False,0.0,2.0
CY,F-Root,5004,dns-root_f-root_msm5004_20260701T000000Z_010000Z.json,landing_region_0431::landing_region_1009,landing_region_0431 -> landing_region_1009,2.0,4,4,2,1,1,0.16666666666666666,3,False,False,True,0.0,2.0
DE,F-Root,5004,dns-root_f-root_msm5004_20260701T000000Z_010000Z.json,landing_region_0376::landing_region_0376,landing_region_0376 -> landing_region_0376,18.0,18,18,6,3,3,0.3333333333333333,1,True,False,False,18.0,0.0
DE,F-Root,5004,dns-root_f-root_msm5004_20260701T000000Z_010000Z.json,landing_region_0388::landing_region_0388,landing_region_0388 -> landing_region_0388,8.0,8,8,2,1,1,0.14814814814814814,2,False,True,False,8.0,0.0
DE,F-Root,5004,dns-root_f-root_msm5004_20260701T000000Z_010000Z.json,landing_region_0051::landing_region_0051,landing_region_0051 -> landing_region_0051,6.666666666666666,12,12,4,2,2,0.12345679012345678,3,False,False,True,6.666666666666666,0.0
DE,F-Root,5004,dns-root_f-root_msm5004_20260701T000000Z_010000Z.json,landing_region_0524::landing_region_0524,landing_region_0524 -> landing_region_0524,6.666666666666666,12,12,4,2,2,0.12345679012345678,4,False,False,False,6.666666666666666,0.0
DE,F-Root,5004,dns-root_f-root_msm5004_20260701T000000Z_010000Z.json,landing_region_0351::landing_region_0528,landing_region_0351 -> landing_region_0528,4.0,8,8,2,1,1,0.07407407407407407,5,False,False,False,4.0,0.0
DE,F-Root,5004,dns-root_f-root_msm5004_20260701T000000Z_010000Z.json,landing_region_0351::landing_region_0640,landing_region_0351 -> landing_region_0640,4.0,8,8,2,1,1,0.07407407407407407,6,False,False,False,4.0,0.0
DE,F-Root,5004,dns-root_f-root_msm5004_20260701T000000Z_010000Z.json,landing_region_0431::landing_region_0431,landing_region_0431 -> landing_region_0431,4.0,4,4,2,1,1,0.07407407407407407,7,False,False,False,4.0,0.0
DE,F-Root,5004,dns-root_f-root_msm5004_20260701T000000Z_010000Z.json,landing_region_0181::landing_region_0388,landing_region_0181 -> landing_region_0388,2.6666666666666665,8,8,2,1,1,0.04938271604938271,8,False,False,False,2.6666666666666665,0.0
DJ,F-Root,5004,dns-root_f-root_msm5004_20260701T000000Z_010000Z.json,landing_region_0054::landing_region_0650,landing_region_0054 -> landing_region_0650,4.0,4,4,2,1,1,0.5,1,True,False,False,0.0,4.0
DJ,F-Root,5004,dns-root_f-root_msm5004_20260701T000000Z_010000Z.json,landing_region_0330::landing_region_0650,landing_region_0330 -> landing_region_0650,4.0,4,4,2,1,1,0.5,2,False,True,False,0.0,4.0
DK,F-Root,5004,dns-root_f-root_msm5004_20260701T000000Z_010000Z.json,landing_region_0524::landing_region_0524,landing_region_0524 -> landing_region_0524,217.0,258,258,68,34,10,0.5710526315789474,1,True,False,False,217.0,0.0
DK,F-Root,5004,dns-root_f-root_msm5004_20260701T000000Z_010000Z.json,landing_region_0051::landing_region_0051,landing_region_0051 -> landing_region_0051,50.0,86,86,33,17,11,0.13157894736842105,2,False,True,False,36.0,14.0
DK,F-Root,5004,dns-root_f-root_msm5004_20260701T000000Z_010000Z.json,landing_region_0051::landing_region_0512,landing_region_0051 -> landing_region_0512,44.0,48,48,14,7,2,0.11578947368421053,3,False,False,True,4.0,40.0
DK,F-Root,5004,dns-root_f-root_msm5004_20260701T000000Z_010000Z.json,landing_region_0181::landing_region_0388,landing_region_0181 -> landing_region_0388,27.666666666666668,64,64,32,16,4,0.07280701754385965,4,False,False,False,27.666666666666668,0.0
DK,F-Root,5004,dns-root_f-root_msm5004_20260701T000000Z_010000Z.json,landing_region_0176::landing_region_0176,landing_region_0176 -> landing_region_0176,20.0,20,20,10,5,2,0.05263157894736842,5,False,False,False,20.0,0.0
DK,F-Root,5004,dns-root_f-root_msm5004_20260701T000000Z_010000Z.json,landing_region_0051::landing_region_0181,landing_region_0051 -> landing_region_0181,14.0,28,28,10,5,4,0.03684210526315789,6,False,False,False,0.0,14.0
DK,F-Root,5004,dns-root_f-root_msm5004_20260701T000000Z_010000Z.json,landing_region_0181::landing_region_0512,landing_region_0181 -> landing_region_0512,4.0,8,8,4,2,2,0.010526315789473684,7,False,False,False,4.0,0.0
DK,F-Root,5004,dns-root_f-root_msm5004_20260701T000000Z_010000Z.json,landing_region_0388::landing_region_0388,landing_region_0388 -> landing_region_0388,1.3333333333333333,4,4,2,1,1,0.003508771929824561,8,False,False,False,1.3333333333333333,0.0
DK,F-Root,5004,dns-root_f-root_msm5004_20260701T000000Z_010000Z.json,landing_region_0351::landing_region_0512,landing_region_0351 -> landing_region_0512,1.0,2,2,1,1,1,0.002631578947368421,9,False,False,False,0.0,1.0
DK,F-Root,5004,dns-root_f-root_msm5004_20260701T000000Z_010000Z.json,landing_region_0512::landing_region_0640,landing_region_0512 -> landing_region_0640,1.0,2,2,1,1,1,0.002631578947368421,10,False,False,False,0.0,1.0
DO,F-Root,5004,dns-root_f-root_msm5004_20260701T000000Z_010000Z.json,landing_region_0174::landing_region_0213,landing_region_0174 -> landing_region_0213,4.0,4,4,2,1,1,1.0,1,True,False,False,0.0,4.0
EE,F-Root,5004,dns-root_f-root_msm5004_20260701T000000Z_010000Z.json,landing_region_0351::landing_region_0512,landing_region_0351 -> landing_region_0512,12.0,24,24,6,3,2,0.5,1,True,False,False,0.0,12.0
EE,F-Root,5004,dns-root_f-root_msm5004_20260701T000000Z_010000Z.json,landing_region_0512::landing_region_0640,landing_region_0512 -> landing_region_0640,12.0,24,24,6,3,2,0.5,2,False,True,False,0.0,12.0
ES,F-Root,5004,dns-root_f-root_msm5004_20260701T000000Z_010000Z.json,landing_region_0239::landing_region_0268,landing_region_0239 -> landing_region_0268,20.0,20,20,10,5,2,0.9090909090909091,1,True,False,False,0.0,20.0
ES,F-Root,5004,dns-root_f-root_msm5004_20260701T000000Z_010000Z.json,landing_region_0162::landing_region_0186,landing_region_0162 -> landing_region_0186,2.0,2,2,1,1,1,0.09090909090909091,2,False,True,False,0.0,2.0
FI,F-Root,5004,dns-root_f-root_msm5004_20260701T000000Z_010000Z.json,landing_region_0351::landing_region_0640,landing_region_0351 -> landing_region_0640,157.83333333333334,264,264,76,38,14,0.5636904761904762,1,True,False,False,157.83333333333334,0.0
FI,F-Root,5004,dns-root_f-root_msm5004_20260701T000000Z_010000Z.json,landing_region_0351::landing_region_0528,landing_region_0351 -> landing_region_0528,96.0,188,188,50,25,5,0.34285714285714286,2,False,True,False,96.0,0.0
FI,F-Root,5004,dns-root_f-root_msm5004_20260701T000000Z_010000Z.json,landing_region_0351::landing_region_0420,landing_region_0351 -> landing_region_0420,11.833333333333334,32,32,10,5,2,0.042261904761904764,3,False,False,True,11.833333333333334,0.0
FI,F-Root,5004,dns-root_f-root_msm5004_20260701T000000Z_010000Z.json,landing_region_0351::landing_region_0417,landing_region_0351 -> landing_region_0417,11.166666666666666,30,30,10,5,2,0.03988095238095238,4,False,False,False,11.166666666666666,0.0
FI,F-Root,5004,dns-root_f-root_msm5004_20260701T000000Z_010000Z.json,landing_region_0417::landing_region_0420,landing_region_0417 -> landing_region_0420,3.1666666666666665,12,12,3,2,1,0.01130952380952381,5,False,False,False,3.1666666666666665,0.0
FM,F-Root,5004,dns-root_f-root_msm5004_20260701T000000Z_010000Z.json,landing_region_0014::landing_region_0014,landing_region_0014 -> landing_region_0014,6.0,12,12,3,2,1,0.3333333333333333,1,True,False,False,6.0,0.0
FM,F-Root,5004,dns-root_f-root_msm5004_20260701T000000Z_010000Z.json,landing_region_0014::landing_region_0266,landing_region_0014 -> landing_region_0266,6.0,6,6,3,2,1,0.3333333333333333,2,False,True,False,0.0,6.0
FM,F-Root,5004,dns-root_f-root_msm5004_20260701T000000Z_010000Z.json,landing_region_0014::landing_region_0813,landing_region_0014 -> landing_region_0813,6.0,12,12,3,2,1,0.3333333333333333,3,False,False,True,6.0,0.0
FR,F-Root,5004,dns-root_f-root_msm5004_20260701T000000Z_010000Z.json,landing_region_0431::landing_region_0431,landing_region_0431 -> landing_region_0431,16.0,16,16,8,4,3,1.0,1,True,False,False,16.0,0.0
GB,F-Root,5004,dns-root_f-root_msm5004_20260701T000000Z_010000Z.json,landing_region_0406::landing_region_0406,landing_region_0406 -> landing_region_0406,8.0,8,8,4,2,2,1.0,1,True,False,False,8.0,0.0
GH,F-Root,5004,dns-root_f-root_msm5004_20260701T000000Z_010000Z.json,landing_region_0006::landing_region_0556,landing_region_0006 -> landing_region_0556,8.0,8,8,4,2,2,1.0,1,True,False,False,0.0,8.0
GP,F-Root,5004,dns-root_f-root_msm5004_20260701T000000Z_010000Z.json,landing_region_0106::landing_region_0106,landing_region_0106 -> landing_region_0106,2.0,4,4,2,1,1,0.25,1,True,False,False,2.0,0.0
GP,F-Root,5004,dns-root_f-root_msm5004_20260701T000000Z_010000Z.json,landing_region_0106::landing_region_0202,landing_region_0106 -> landing_region_0202,2.0,4,4,2,1,1,0.25,2,False,True,False,2.0,0.0
GP,F-Root,5004,dns-root_f-root_msm5004_20260701T000000Z_010000Z.json,landing_region_0149::landing_region_0149,landing_region_0149 -> landing_region_0149,2.0,4,4,2,1,1,0.25,3,False,False,True,2.0,0.0
GP,F-Root,5004,dns-root_f-root_msm5004_20260701T000000Z_010000Z.json,landing_region_0149::landing_region_0610,landing_region_0149 -> landing_region_0610,2.0,4,4,2,1,1,0.25,4,False,False,False,2.0,0.0
GQ,F-Root,5004,dns-root_f-root_msm5004_20260701T000000Z_010000Z.json,landing_region_0131::landing_region_0606,landing_region_0131 -> landing_region_0606,2.0,2,2,1,1,1,0.5,1,True,False,False,2.0,0.0
GQ,F-Root,5004,dns-root_f-root_msm5004_20260701T000000Z_010000Z.json,landing_region_0556::landing_region_0577,landing_region_0556 -> landing_region_0577,2.0,2,2,1,1,1,0.5,2,False,True,False,0.0,2.0
GT,F-Root,5004,dns-root_f-root_msm5004_20260701T000000Z_010000Z.json,landing_region_0174::landing_region_0785,landing_region_0174 -> landing_region_0785,4.0,4,4,2,1,1,1.0,1,True,False,False,0.0,4.0
GU,F-Root,5004,dns-root_f-root_msm5004_20260701T000000Z_010000Z.json,landing_region_0014::landing_region_0266,landing_region_0014 -> landing_region_0266,28.0,28,28,14,7,3,0.3888888888888889,1,True,False,False,0.0,28.0
GU,F-Root,5004,dns-root_f-root_msm5004_20260701T000000Z_010000Z.json,landing_region_0014::landing_region_0014,landing_region_0014 -> landing_region_0014,18.0,36,36,10,5,2,0.25,2,False,True,False,18.0,0.0
GU,F-Root,5004,dns-root_f-root_msm5004_20260701T000000Z_010000Z.json,landing_region_0014::landing_region_0813,landing_region_0014 -> landing_region_0813,18.0,36,36,10,5,2,0.25,3,False,False,True,18.0,0.0
GU,F-Root,5004,dns-root_f-root_msm5004_20260701T000000Z_010000Z.json,landing_region_0125::landing_region_0348,landing_region_0125 -> landing_region_0348,4.0,4,4,2,1,1,0.05555555555555555,4,False,False,False,4.0,0.0
GU,F-Root,5004,dns-root_f-root_msm5004_20260701T000000Z_010000Z.json,landing_region_0125::landing_region_0125,landing_region_0125 -> landing_region_0125,1.0,2,2,1,1,1,0.013888888888888888,5,False,False,False,1.0,0.0
GU,F-Root,5004,dns-root_f-root_msm5004_20260701T000000Z_010000Z.json,landing_region_0125::landing_region_0416,landing_region_0125 -> landing_region_0416,1.0,2,2,1,1,1,0.013888888888888888,6,False,False,False,1.0,0.0
GU,F-Root,5004,dns-root_f-root_msm5004_20260701T000000Z_010000Z.json,landing_region_0132::landing_region_0133,landing_region_0132 -> landing_region_0133,1.0,2,2,1,1,1,0.013888888888888888,7,False,False,False,0.0,1.0
GU,F-Root,5004,dns-root_f-root_msm5004_20260701T000000Z_010000Z.json,landing_region_0132::landing_region_0250,landing_region_0132 -> landing_region_0250,1.0,2,2,1,1,1,0.013888888888888888,8,False,False,False,0.0,1.0
HK,F-Root,5004,dns-root_f-root_msm5004_20260701T000000Z_010000Z.json,landing_region_0230::landing_region_0230,landing_region_0230 -> landing_region_0230,12.0,12,12,6,3,3,1.0,1,True,False,False,12.0,0.0
HN,F-Root,5004,dns-root_f-root_msm5004_20260701T000000Z_010000Z.json,landing_region_0174::landing_region_0785,landing_region_0174 -> landing_region_0785,4.0,4,4,2,1,1,1.0,1,True,False,False,0.0,4.0
HR,F-Root,5004,dns-root_f-root_msm5004_20260701T000000Z_010000Z.json,landing_region_0376::landing_region_0376,landing_region_0376 -> landing_region_0376,6.0,6,6,3,2,2,1.0,1,True,False,False,0.0,6.0
ID,F-Root,5004,dns-root_f-root_msm5004_20260701T000000Z_010000Z.json,landing_region_0061::landing_region_0061,landing_region_0061 -> landing_region_0061,76.0,76,76,28,14,11,0.5428571428571428,1,True,False,False,76.0,0.0
ID,F-Root,5004,dns-root_f-root_msm5004_20260701T000000Z_010000Z.json,landing_region_0061::landing_region_0499,landing_region_0061 -> landing_region_0499,28.0,28,28,14,7,6,0.2,2,False,True,False,28.0,0.0
ID,F-Root,5004,dns-root_f-root_msm5004_20260701T000000Z_010000Z.json,landing_region_0061::landing_region_0124,landing_region_0061 -> landing_region_0124,8.0,16,16,8,4,3,0.05714285714285714,3,False,False,True,8.0,0.0
ID,F-Root,5004,dns-root_f-root_msm5004_20260701T000000Z_010000Z.json,landing_region_0061::landing_region_0274,landing_region_0061 -> landing_region_0274,8.0,8,8,4,2,2,0.05714285714285714,4,False,False,False,8.0,0.0
ID,F-Root,5004,dns-root_f-root_msm5004_20260701T000000Z_010000Z.json,landing_region_0061::landing_region_0600,landing_region_0061 -> landing_region_0600,8.0,16,16,8,4,3,0.05714285714285714,5,False,False,False,8.0,0.0
ID,F-Root,5004,dns-root_f-root_msm5004_20260701T000000Z_010000Z.json,landing_region_0140::landing_region_0140,landing_region_0140 -> landing_region_0140,4.0,6,6,3,2,2,0.02857142857142857,6,False,False,False,4.0,0.0
ID,F-Root,5004,dns-root_f-root_msm5004_20260701T000000Z_010000Z.json,landing_region_0061::landing_region_0132,landing_region_0061 -> landing_region_0132,2.0,2,2,1,1,1,0.014285714285714285,7,False,False,False,0.0,2.0
ID,F-Root,5004,dns-root_f-root_msm5004_20260701T000000Z_010000Z.json,landing_region_0110::landing_region_0110,landing_region_0110 -> landing_region_0110,2.0,4,4,2,1,1,0.014285714285714285,8,False,False,False,2.0,0.0
ID,F-Root,5004,dns-root_f-root_msm5004_20260701T000000Z_010000Z.json,landing_region_0132::landing_region_0132,landing_region_0132 -> landing_region_0132,1.3333333333333333,4,4,2,1,1,0.009523809523809523,9,False,False,False,0.0,1.3333333333333333
ID,F-Root,5004,dns-root_f-root_msm5004_20260701T000000Z_010000Z.json,landing_region_0132::landing_region_0487,landing_region_0132 -> landing_region_0487,1.3333333333333333,4,4,2,1,1,0.009523809523809523,10,False,False,False,0.0,1.3333333333333333
ID,F-Root,5004,dns-root_f-root_msm5004_20260701T000000Z_010000Z.json,landing_region_0132::landing_region_0807,landing_region_0132 -> landing_region_0807,1.3333333333333333,4,4,2,1,1,0.009523809523809523,11,False,False,False,0.0,1.3333333333333333
IE,F-Root,5004,dns-root_f-root_msm5004_20260701T000000Z_010000Z.json,landing_region_0279::landing_region_0285,landing_region_0279 -> landing_region_0285,4.0,8,8,2,1,1,0.5,1,True,False,False,0.0,4.0
IE,F-Root,5004,dns-root_f-root_msm5004_20260701T000000Z_010000Z.json,landing_region_0279::landing_region_0334,landing_region_0279 -> landing_region_0334,4.0,8,8,2,1,1,0.5,2,False,True,False,0.0,4.0
IL,F-Root,5004,dns-root_f-root_msm5004_20260701T000000Z_010000Z.json,landing_region_0083::landing_region_0083,landing_region_0083 -> landing_region_0083,98.0,98,98,28,15,9,1.0,1,True,False,False,98.0,0.0
IM,F-Root,5004,dns-root_f-root_msm5004_20260701T000000Z_010000Z.json,landing_region_0169::landing_region_0334,landing_region_0169 -> landing_region_0334,4.0,4,4,2,1,1,1.0,1,True,False,False,0.0,4.0
IN,F-Root,5004,dns-root_f-root_msm5004_20260701T000000Z_010000Z.json,landing_region_0260::landing_region_0663,landing_region_0260 -> landing_region_0663,8.0,8,8,4,3,3,1.0,1,True,False,False,8.0,0.0
IQ,F-Root,5004,dns-root_f-root_msm5004_20260701T000000Z_010000Z.json,landing_region_0031::landing_region_0035,landing_region_0031 -> landing_region_0035,4.0,8,8,2,1,1,0.5,1,True,False,False,4.0,0.0
IQ,F-Root,5004,dns-root_f-root_msm5004_20260701T000000Z_010000Z.json,landing_region_0031::landing_region_0414,landing_region_0031 -> landing_region_0414,4.0,8,8,2,1,1,0.5,2,False,True,False,4.0,0.0
IT,F-Root,5004,dns-root_f-root_msm5004_20260701T000000Z_010000Z.json,landing_region_0217::landing_region_0276,landing_region_0217 -> landing_region_0276,4.0,4,4,2,1,1,0.4,1,True,False,False,4.0,0.0
IT,F-Root,5004,dns-root_f-root_msm5004_20260701T000000Z_010000Z.json,landing_region_0389::landing_region_0431,landing_region_0389 -> landing_region_0431,2.0,2,2,1,1,1,0.2,2,False,True,False,0.0,2.0
IT,F-Root,5004,dns-root_f-root_msm5004_20260701T000000Z_010000Z.json,landing_region_0276::landing_region_0572,landing_region_0276 -> landing_region_0572,1.3333333333333333,4,4,2,1,1,0.13333333333333333,3,False,False,True,1.3333333333333333,0.0
IT,F-Root,5004,dns-root_f-root_msm5004_20260701T000000Z_010000Z.json,landing_region_0364::landing_region_0460,landing_region_0364 -> landing_region_0460,1.3333333333333333,4,4,2,1,1,0.13333333333333333,4,False,False,False,1.3333333333333333,0.0
IT,F-Root,5004,dns-root_f-root_msm5004_20260701T000000Z_010000Z.json,landing_region_0364::landing_region_0572,landing_region_0364 -> landing_region_0572,1.3333333333333333,4,4,2,1,1,0.13333333333333333,5,False,False,False,1.3333333333333333,0.0
JP,F-Root,5004,dns-root_f-root_msm5004_20260701T000000Z_010000Z.json,landing_region_0024::landing_region_0266,landing_region_0024 -> landing_region_0266,154.0,288,288,89,49,31,0.49044585987261147,1,True,False,False,154.0,0.0
JP,F-Root,5004,dns-root_f-root_msm5004_20260701T000000Z_010000Z.json,landing_region_0266::landing_region_0266,landing_region_0266 -> landing_region_0266,134.0,268,268,83,46,29,0.4267515923566879,2,False,True,False,134.0,0.0
JP,F-Root,5004,dns-root_f-root_msm5004_20260701T000000Z_010000Z.json,landing_region_0266::landing_region_0950,landing_region_0266 -> landing_region_0950,7.333333333333333,14,14,7,4,3,0.02335456475583864,3,False,False,True,7.333333333333333,0.0
JP,F-Root,5004,dns-root_f-root_msm5004_20260701T000000Z_010000Z.json,landing_region_0024::landing_region_0867,landing_region_0024 -> landing_region_0867,3.333333333333333,10,10,5,3,2,0.010615711252653927,4,False,False,False,3.333333333333333,0.0
JP,F-Root,5004,dns-root_f-root_msm5004_20260701T000000Z_010000Z.json,landing_region_0266::landing_region_0867,landing_region_0266 -> landing_region_0867,3.333333333333333,10,10,5,3,2,0.010615711252653927,5,False,False,False,3.333333333333333,0.0
JP,F-Root,5004,dns-root_f-root_msm5004_20260701T000000Z_010000Z.json,landing_region_0133::landing_region_0266,landing_region_0133 -> landing_region_0266,3.0,6,6,2,1,1,0.009554140127388535,6,False,False,False,0.0,3.0
JP,F-Root,5004,dns-root_f-root_msm5004_20260701T000000Z_010000Z.json,landing_region_0250::landing_region_0266,landing_region_0250 -> landing_region_0266,3.0,6,6,2,1,1,0.009554140127388535,7,False,False,False,0.0,3.0
JP,F-Root,5004,dns-root_f-root_msm5004_20260701T000000Z_010000Z.json,landing_region_0024::landing_region_0456,landing_region_0024 -> landing_region_0456,2.0,4,4,2,1,1,0.006369426751592357,8,False,False,False,2.0,0.0
JP,F-Root,5004,dns-root_f-root_msm5004_20260701T000000Z_010000Z.json,landing_region_0266::landing_region_0456,landing_region_0266 -> landing_region_0456,2.0,4,4,2,1,1,0.006369426751592357,9,False,False,False,2.0,0.0
JP,F-Root,5004,dns-root_f-root_msm5004_20260701T000000Z_010000Z.json,landing_region_0378::landing_region_0514,landing_region_0378 -> landing_region_0514,2.0,2,2,1,1,1,0.006369426751592357,10,False,False,False,2.0,0.0
KE,F-Root,5004,dns-root_f-root_msm5004_20260701T000000Z_010000Z.json,landing_region_0054::landing_region_0650,landing_region_0054 -> landing_region_0650,4.0,4,4,2,1,1,1.0,1,True,False,False,0.0,4.0
KN,F-Root,5004,dns-root_f-root_msm5004_20260701T000000Z_010000Z.json,landing_region_0149::landing_region_0174,landing_region_0149 -> landing_region_0174,4.0,4,4,2,1,1,1.0,1,True,False,False,4.0,0.0
KY,F-Root,5004,dns-root_f-root_msm5004_20260701T000000Z_010000Z.json,landing_region_0174::landing_region_0412,landing_region_0174 -> landing_region_0412,4.0,4,4,2,1,1,1.0,1,True,False,False,0.0,4.0
LA,F-Root,5004,dns-root_f-root_msm5004_20260701T000000Z_010000Z.json,landing_region_0132::landing_region_0892,landing_region_0132 -> landing_region_0892,4.0,4,4,2,1,1,1.0,1,True,False,False,0.0,4.0
LC,F-Root,5004,dns-root_f-root_msm5004_20260701T000000Z_010000Z.json,landing_region_0156::landing_region_0156,landing_region_0156 -> landing_region_0156,2.0,8,8,4,2,2,0.16666666666666666,1,True,False,False,2.0,0.0
LC,F-Root,5004,dns-root_f-root_msm5004_20260701T000000Z_010000Z.json,landing_region_0156::landing_region_0246,landing_region_0156 -> landing_region_0246,2.0,8,8,4,2,2,0.16666666666666666,2,False,True,False,2.0,0.0
LC,F-Root,5004,dns-root_f-root_msm5004_20260701T000000Z_010000Z.json,landing_region_0156::landing_region_0564,landing_region_0156 -> landing_region_0564,2.0,8,8,4,2,2,0.16666666666666666,3,False,False,True,2.0,0.0
LC,F-Root,5004,dns-root_f-root_msm5004_20260701T000000Z_010000Z.json,landing_region_0246::landing_region_0564,landing_region_0246 -> landing_region_0564,2.0,8,8,4,2,2,0.16666666666666666,4,False,False,False,2.0,0.0
LC,F-Root,5004,dns-root_f-root_msm5004_20260701T000000Z_010000Z.json,landing_region_0105::landing_region_0246,landing_region_0105 -> landing_region_0246,1.0,4,4,2,1,1,0.08333333333333333,5,False,False,False,0.0,1.0
LC,F-Root,5004,dns-root_f-root_msm5004_20260701T000000Z_010000Z.json,landing_region_0105::landing_region_0564,landing_region_0105 -> landing_region_0564,1.0,4,4,2,1,1,0.08333333333333333,6,False,False,False,0.0,1.0
LC,F-Root,5004,dns-root_f-root_msm5004_20260701T000000Z_010000Z.json,landing_region_0202::landing_region_0246,landing_region_0202 -> landing_region_0246,1.0,4,4,2,1,1,0.08333333333333333,7,False,False,False,0.0,1.0
LC,F-Root,5004,dns-root_f-root_msm5004_20260701T000000Z_010000Z.json,landing_region_0202::landing_region_0564,landing_region_0202 -> landing_region_0564,1.0,4,4,2,1,1,0.08333333333333333,8,False,False,False,0.0,1.0
LI,F-Root,5004,dns-root_f-root_msm5004_20260701T000000Z_010000Z.json,landing_region_0376::landing_region_0376,landing_region_0376 -> landing_region_0376,16.0,16,16,6,3,3,1.0,1,True,False,False,4.0,12.0
LK,F-Root,5004,dns-root_f-root_msm5004_20260701T000000Z_010000Z.json,landing_region_0132::landing_region_0288,landing_region_0132 -> landing_region_0288,6.0,6,6,3,2,2,1.0,1,True,False,False,0.0,6.0
ME,F-Root,5004,dns-root_f-root_msm5004_20260701T000000Z_010000Z.json,landing_region_0338::landing_region_0341,landing_region_0338 -> landing_region_0341,8.0,8,8,2,1,1,1.0,1,True,False,False,8.0,0.0
ML,F-Root,5004,dns-root_f-root_msm5004_20260701T000000Z_010000Z.json,landing_region_0239::landing_region_0239,landing_region_0239 -> landing_region_0239,2.0,4,4,2,1,1,0.3333333333333333,1,True,False,False,2.0,0.0
ML,F-Root,5004,dns-root_f-root_msm5004_20260701T000000Z_010000Z.json,landing_region_0239::landing_region_0308,landing_region_0239 -> landing_region_0308,2.0,2,2,1,1,1,0.3333333333333333,2,False,True,False,0.0,2.0
ML,F-Root,5004,dns-root_f-root_msm5004_20260701T000000Z_010000Z.json,landing_region_0239::landing_region_0872,landing_region_0239 -> landing_region_0872,2.0,4,4,2,1,1,0.3333333333333333,3,False,False,True,2.0,0.0
MM,F-Root,5004,dns-root_f-root_msm5004_20260701T000000Z_010000Z.json,landing_region_0132::landing_region_0926,landing_region_0132 -> landing_region_0926,6.0,6,6,3,2,2,1.0,1,True,False,False,0.0,6.0
MP,F-Root,5004,dns-root_f-root_msm5004_20260701T000000Z_010000Z.json,landing_region_0014::landing_region_0266,landing_region_0014 -> landing_region_0266,4.0,4,4,2,1,1,0.5,1,True,False,False,0.0,4.0
MP,F-Root,5004,dns-root_f-root_msm5004_20260701T000000Z_010000Z.json,landing_region_0014::landing_region_0824,landing_region_0014 -> landing_region_0824,2.0,4,4,2,1,1,0.25,2,False,True,False,0.0,2.0
MP,F-Root,5004,dns-root_f-root_msm5004_20260701T000000Z_010000Z.json,landing_region_0813::landing_region_0824,landing_region_0813 -> landing_region_0824,2.0,4,4,2,1,1,0.25,3,False,False,True,0.0,2.0
MT,F-Root,5004,dns-root_f-root_msm5004_20260701T000000Z_010000Z.json,landing_region_0102::landing_region_0102,landing_region_0102 -> landing_region_0102,24.0,48,48,16,8,2,0.42857142857142855,1,True,False,False,24.0,0.0
MT,F-Root,5004,dns-root_f-root_msm5004_20260701T000000Z_010000Z.json,landing_region_0102::landing_region_0623,landing_region_0102 -> landing_region_0623,24.0,48,48,16,8,2,0.42857142857142855,2,False,True,False,24.0,0.0
MT,F-Root,5004,dns-root_f-root_msm5004_20260701T000000Z_010000Z.json,landing_region_0102::landing_region_0431,landing_region_0102 -> landing_region_0431,4.0,4,4,2,1,1,0.07142857142857142,3,False,False,True,0.0,4.0
MT,F-Root,5004,dns-root_f-root_msm5004_20260701T000000Z_010000Z.json,landing_region_0102::landing_region_0572,landing_region_0102 -> landing_region_0572,4.0,4,4,2,1,1,0.07142857142857142,4,False,False,False,0.0,4.0
MV,F-Root,5004,dns-root_f-root_msm5004_20260701T000000Z_010000Z.json,landing_region_0132::landing_region_0288,landing_region_0132 -> landing_region_0288,4.0,4,4,2,1,1,0.5,1,True,False,False,0.0,4.0
MV,F-Root,5004,dns-root_f-root_msm5004_20260701T000000Z_010000Z.json,landing_region_0288::landing_region_0439,landing_region_0288 -> landing_region_0439,4.0,4,4,2,1,1,0.5,2,False,True,False,0.0,4.0
MX,F-Root,5004,dns-root_f-root_msm5004_20260701T000000Z_010000Z.json,landing_region_0174::landing_region_0226,landing_region_0174 -> landing_region_0226,4.0,4,4,2,1,1,1.0,1,True,False,False,0.0,4.0
MY,F-Root,5004,dns-root_f-root_msm5004_20260701T000000Z_010000Z.json,landing_region_0132::landing_region_0655,landing_region_0132 -> landing_region_0655,4.0,4,4,2,1,1,0.4,1,True,False,False,0.0,4.0
MY,F-Root,5004,dns-root_f-root_msm5004_20260701T000000Z_010000Z.json,landing_region_0132::landing_region_0132,landing_region_0132 -> landing_region_0132,1.0,4,4,2,1,1,0.1,2,False,True,False,0.0,1.0
MY,F-Root,5004,dns-root_f-root_msm5004_20260701T000000Z_010000Z.json,landing_region_0132::landing_region_0487,landing_region_0132 -> landing_region_0487,1.0,4,4,2,1,1,0.1,3,False,False,True,0.0,1.0
MY,F-Root,5004,dns-root_f-root_msm5004_20260701T000000Z_010000Z.json,landing_region_0132::landing_region_0641,landing_region_0132 -> landing_region_0641,1.0,4,4,2,1,1,0.1,4,False,False,False,0.0,1.0
MY,F-Root,5004,dns-root_f-root_msm5004_20260701T000000Z_010000Z.json,landing_region_0132::landing_region_0807,landing_region_0132 -> landing_region_0807,1.0,4,4,2,1,1,0.1,5,False,False,False,0.0,1.0
MY,F-Root,5004,dns-root_f-root_msm5004_20260701T000000Z_010000Z.json,landing_region_0149::landing_region_0149,landing_region_0149 -> landing_region_0149,1.0,2,2,1,1,1,0.1,6,False,False,False,1.0,0.0
MY,F-Root,5004,dns-root_f-root_msm5004_20260701T000000Z_010000Z.json,landing_region_0149::landing_region_0610,landing_region_0149 -> landing_region_0610,1.0,2,2,1,1,1,0.1,7,False,False,False,1.0,0.0
NA,F-Root,5004,dns-root_f-root_msm5004_20260701T000000Z_010000Z.json,landing_region_0351::landing_region_0640,landing_region_0351 -> landing_region_0640,84.66666666666667,138,138,40,22,1,0.10426929392446635,1,True,False,False,84.66666666666667,0.0
NA,F-Root,5004,dns-root_f-root_msm5004_20260701T000000Z_010000Z.json,landing_region_0376::landing_region_0376,landing_region_0376 -> landing_region_0376,56.0,56,56,18,9,1,0.06896551724137931,2,False,True,False,40.0,16.0
NA,F-Root,5004,dns-root_f-root_msm5004_20260701T000000Z_010000Z.json,landing_region_0351::landing_region_0528,landing_region_0351 -> landing_region_0528,52.0,100,100,26,13,1,0.06403940886699508,3,False,False,True,52.0,0.0
NA,F-Root,5004,dns-root_f-root_msm5004_20260701T000000Z_010000Z.json,landing_region_0149::landing_region_0149,landing_region_0149 -> landing_region_0149,47.0,88,88,30,18,1,0.05788177339901478,4,False,False,False,47.0,0.0
NA,F-Root,5004,dns-root_f-root_msm5004_20260701T000000Z_010000Z.json,landing_region_0024::landing_region_0266,landing_region_0024 -> landing_region_0266,45.0,90,90,31,17,1,0.05541871921182266,5,False,False,False,45.0,0.0
NA,F-Root,5004,dns-root_f-root_msm5004_20260701T000000Z_010000Z.json,landing_region_0266::landing_region_0266,landing_region_0266 -> landing_region_0266,45.0,90,90,31,17,1,0.05541871921182266,6,False,False,False,45.0,0.0
NA,F-Root,5004,dns-root_f-root_msm5004_20260701T000000Z_010000Z.json,landing_region_0149::landing_region_0610,landing_region_0149 -> landing_region_0610,41.0,82,82,30,18,1,0.050492610837438424,7,False,False,False,41.0,0.0
NA,F-Root,5004,dns-root_f-root_msm5004_20260701T000000Z_010000Z.json,landing_region_0337::landing_region_0377,landing_region_0337 -> landing_region_0377,28.0,28,28,6,3,1,0.034482758620689655,8,False,False,False,28.0,0.0
NA,F-Root,5004,dns-root_f-root_msm5004_20260701T000000Z_010000Z.json,landing_region_0719::landing_region_0719,landing_region_0719 -> landing_region_0719,28.0,28,28,6,3,1,0.034482758620689655,9,False,False,False,28.0,0.0
NA,F-Root,5004,dns-root_f-root_msm5004_20260701T000000Z_010000Z.json,landing_region_0223::landing_region_0223,landing_region_0223 -> landing_region_0223,24.666666666666668,30,30,8,4,1,0.030377668308702793,10,False,False,False,24.666666666666668,0.0
NA,F-Root,5004,dns-root_f-root_msm5004_20260701T000000Z_010000Z.json,landing_region_0242::landing_region_0975,landing_region_0242 -> landing_region_0975,24.0,24,24,6,3,1,0.029556650246305417,11,False,False,False,24.0,0.0
NA,F-Root,5004,dns-root_f-root_msm5004_20260701T000000Z_010000Z.json,landing_region_0051::landing_region_0051,landing_region_0051 -> landing_region_0051,23.0,38,38,11,6,1,0.02832512315270936,12,False,False,False,12.0,11.0
NA,F-Root,5004,dns-root_f-root_msm5004_20260701T000000Z_010000Z.json,landing_region_0132::landing_region_0892,landing_region_0132 -> landing_region_0892,22.0,22,22,11,6,1,0.027093596059113302,13,False,False,False,0.0,22.0
NA,F-Root,5004,dns-root_f-root_msm5004_20260701T000000Z_010000Z.json,landing_region_0061::landing_region_0061,landing_region_0061 -> landing_region_0061,20.0,20,20,7,4,1,0.024630541871921183,14,False,False,False,20.0,0.0
NA,F-Root,5004,dns-root_f-root_msm5004_20260701T000000Z_010000Z.json,landing_region_0083::landing_region_0083,landing_region_0083 -> landing_region_0083,16.0,16,16,4,2,1,0.019704433497536946,15,False,False,False,16.0,0.0
NA,F-Root,5004,dns-root_f-root_msm5004_20260701T000000Z_010000Z.json,landing_region_0200::landing_region_0944,landing_region_0200 -> landing_region_0944,16.0,16,16,8,7,1,0.019704433497536946,16,False,False,False,0.0,16.0
NA,F-Root,5004,dns-root_f-root_msm5004_20260701T000000Z_010000Z.json,landing_region_0351::landing_region_0512,landing_region_0351 -> landing_region_0512,14.0,28,28,14,11,1,0.017241379310344827,17,False,False,False,0.0,14.0
NA,F-Root,5004,dns-root_f-root_msm5004_20260701T000000Z_010000Z.json,landing_region_0512::landing_region_0640,landing_region_0512 -> landing_region_0640,14.0,28,28,14,11,1,0.017241379310344827,18,False,False,False,0.0,14.0
NA,F-Root,5004,dns-root_f-root_msm5004_20260701T000000Z_010000Z.json,landing_region_0051::landing_region_0181,landing_region_0051 -> landing_region_0181,13.0,26,26,11,6,1,0.01600985221674877,19,False,False,False,2.0,11.0
NA,F-Root,5004,dns-root_f-root_msm5004_20260701T000000Z_010000Z.json,landing_region_0008::landing_region_0008,landing_region_0008 -> landing_region_0008,9.333333333333332,28,28,14,7,1,0.011494252873563216,20,False,False,False,9.333333333333332,0.0
NA,F-Root,5004,dns-root_f-root_msm5004_20260701T000000Z_010000Z.json,landing_region_0008::landing_region_0293,landing_region_0008 -> landing_region_0293,9.333333333333332,28,28,14,7,1,0.011494252873563216,21,False,False,False,9.333333333333332,0.0
NA,F-Root,5004,dns-root_f-root_msm5004_20260701T000000Z_010000Z.json,landing_region_0293::landing_region_0293,landing_region_0293 -> landing_region_0293,9.333333333333332,28,28,14,7,1,0.011494252873563216,22,False,False,False,9.333333333333332,0.0
NA,F-Root,5004,dns-root_f-root_msm5004_20260701T000000Z_010000Z.json,landing_region_0041::landing_region_0625,landing_region_0041 -> landing_region_0625,8.0,8,8,4,2,1,0.009852216748768473,23,False,False,False,8.0,0.0
NA,F-Root,5004,dns-root_f-root_msm5004_20260701T000000Z_010000Z.json,landing_region_0051::landing_region_0512,landing_region_0051 -> landing_region_0512,8.0,16,16,5,3,1,0.009852216748768473,24,False,False,False,8.0,0.0
NA,F-Root,5004,dns-root_f-root_msm5004_20260701T000000Z_010000Z.json,landing_region_0132::landing_region_0633,landing_region_0132 -> landing_region_0633,8.0,8,8,4,2,1,0.009852216748768473,25,False,False,False,0.0,8.0
NA,F-Root,5004,dns-root_f-root_msm5004_20260701T000000Z_010000Z.json,landing_region_0133::landing_region_0250,landing_region_0133 -> landing_region_0250,8.0,8,8,3,2,1,0.009852216748768473,26,False,False,False,8.0,0.0
NA,F-Root,5004,dns-root_f-root_msm5004_20260701T000000Z_010000Z.json,landing_region_0181::landing_region_0512,landing_region_0181 -> landing_region_0512,8.0,16,16,5,3,1,0.009852216748768473,27,False,False,False,8.0,0.0
NA,F-Root,5004,dns-root_f-root_msm5004_20260701T000000Z_010000Z.json,landing_region_0306::landing_region_0719,landing_region_0306 -> landing_region_0719,8.0,8,8,4,2,1,0.009852216748768473,28,False,False,False,0.0,8.0
NA,F-Root,5004,dns-root_f-root_msm5004_20260701T000000Z_010000Z.json,landing_region_0230::landing_region_0230,landing_region_0230 -> landing_region_0230,6.0,6,6,3,2,1,0.007389162561576354,29,False,False,False,4.0,2.0
NA,F-Root,5004,dns-root_f-root_msm5004_20260701T000000Z_010000Z.json,landing_region_0230::landing_region_0719,landing_region_0230 -> landing_region_0719,6.0,6,6,1,1,1,0.007389162561576354,30,False,False,False,0.0,6.0
NA,F-Root,5004,dns-root_f-root_msm5004_20260701T000000Z_010000Z.json,landing_region_0351::landing_region_0417,landing_region_0351 -> landing_region_0417,4.666666666666666,12,12,5,3,1,0.005747126436781608,31,False,False,False,4.666666666666666,0.0
NA,F-Root,5004,dns-root_f-root_msm5004_20260701T000000Z_010000Z.json,landing_region_0351::landing_region_0420,landing_region_0351 -> landing_region_0420,4.666666666666666,12,12,5,3,1,0.005747126436781608,32,False,False,False,4.666666666666666,0.0
NA,F-Root,5004,dns-root_f-root_msm5004_20260701T000000Z_010000Z.json,landing_region_0048::landing_region_0073,landing_region_0048 -> landing_region_0073,4.0,4,4,2,1,1,0.0049261083743842365,33,False,False,False,0.0,4.0
NA,F-Root,5004,dns-root_f-root_msm5004_20260701T000000Z_010000Z.json,landing_region_0054::landing_region_0650,landing_region_0054 -> landing_region_0650,4.0,4,4,2,1,1,0.0049261083743842365,34,False,False,False,0.0,4.0
NA,F-Root,5004,dns-root_f-root_msm5004_20260701T000000Z_010000Z.json,landing_region_0060::landing_region_0426,landing_region_0060 -> landing_region_0426,4.0,4,4,2,1,1,0.0049261083743842365,35,False,False,False,4.0,0.0
NA,F-Root,5004,dns-root_f-root_msm5004_20260701T000000Z_010000Z.json,landing_region_0102::landing_region_0431,landing_region_0102 -> landing_region_0431,4.0,4,4,2,1,1,0.0049261083743842365,36,False,False,False,0.0,4.0
NA,F-Root,5004,dns-root_f-root_msm5004_20260701T000000Z_010000Z.json,landing_region_0132::landing_region_0988,landing_region_0132 -> landing_region_0988,4.0,4,4,2,1,1,0.0049261083743842365,37,False,False,False,0.0,4.0
NA,F-Root,5004,dns-root_f-root_msm5004_20260701T000000Z_010000Z.json,landing_region_0174::landing_region_0201,landing_region_0174 -> landing_region_0201,4.0,4,4,2,1,1,0.0049261083743842365,38,False,False,False,0.0,4.0
NA,F-Root,5004,dns-root_f-root_msm5004_20260701T000000Z_010000Z.json,landing_region_0174::landing_region_0465,landing_region_0174 -> landing_region_0465,4.0,4,4,2,1,1,0.0049261083743842365,39,False,False,False,4.0,0.0
NA,F-Root,5004,dns-root_f-root_msm5004_20260701T000000Z_010000Z.json,landing_region_0187::landing_region_0195,landing_region_0187 -> landing_region_0195,4.0,4,4,2,1,1,0.0049261083743842365,40,False,False,False,4.0,0.0
NA,F-Root,5004,dns-root_f-root_msm5004_20260701T000000Z_010000Z.json,landing_region_0230::landing_region_0892,landing_region_0230 -> landing_region_0892,4.0,4,4,2,1,1,0.0049261083743842365,41,False,False,False,0.0,4.0
NA,F-Root,5004,dns-root_f-root_msm5004_20260701T000000Z_010000Z.json,landing_region_0297::landing_region_0556,landing_region_0297 -> landing_region_0556,4.0,4,4,2,1,1,0.0049261083743842365,42,False,False,False,0.0,4.0
NA,F-Root,5004,dns-root_f-root_msm5004_20260701T000000Z_010000Z.json,landing_region_0461::landing_region_0614,landing_region_0461 -> landing_region_0614,4.0,4,4,2,1,1,0.0049261083743842365,43,False,False,False,0.0,4.0
NA,F-Root,5004,dns-root_f-root_msm5004_20260701T000000Z_010000Z.json,landing_region_0008::landing_region_0223,landing_region_0008 -> landing_region_0223,2.6666666666666665,8,8,4,2,1,0.003284072249589491,44,False,False,False,2.6666666666666665,0.0
NA,F-Root,5004,dns-root_f-root_msm5004_20260701T000000Z_010000Z.json,landing_region_0132::landing_region_0132,landing_region_0132 -> landing_region_0132,2.6666666666666665,8,8,4,2,1,0.003284072249589491,45,False,False,False,2.6666666666666665,0.0
NA,F-Root,5004,dns-root_f-root_msm5004_20260701T000000Z_010000Z.json,landing_region_0132::landing_region_0487,landing_region_0132 -> landing_region_0487,2.6666666666666665,8,8,4,2,1,0.003284072249589491,46,False,False,False,2.6666666666666665,0.0
NA,F-Root,5004,dns-root_f-root_msm5004_20260701T000000Z_010000Z.json,landing_region_0132::landing_region_0807,landing_region_0132 -> landing_region_0807,2.6666666666666665,8,8,4,2,1,0.003284072249589491,47,False,False,False,2.6666666666666665,0.0
NA,F-Root,5004,dns-root_f-root_msm5004_20260701T000000Z_010000Z.json,landing_region_0223::landing_region_0293,landing_region_0223 -> landing_region_0293,2.6666666666666665,8,8,4,2,1,0.003284072249589491,48,False,False,False,2.6666666666666665,0.0
NA,F-Root,5004,dns-root_f-root_msm5004_20260701T000000Z_010000Z.json,landing_region_0004::landing_region_0377,landing_region_0004 -> landing_region_0377,2.0,4,4,2,1,1,0.0024630541871921183,49,False,False,False,2.0,0.0
NA,F-Root,5004,dns-root_f-root_msm5004_20260701T000000Z_010000Z.json,landing_region_0024::landing_region_0867,landing_region_0024 -> landing_region_0867,2.0,6,6,3,2,1,0.0024630541871921183,50,False,False,False,2.0,0.0
NA,F-Root,5004,dns-root_f-root_msm5004_20260701T000000Z_010000Z.json,landing_region_0102::landing_region_0102,landing_region_0102 -> landing_region_0102,2.0,4,4,2,1,1,0.0024630541871921183,51,False,False,False,2.0,0.0
NA,F-Root,5004,dns-root_f-root_msm5004_20260701T000000Z_010000Z.json,landing_region_0102::landing_region_0623,landing_region_0102 -> landing_region_0623,2.0,4,4,2,1,1,0.0024630541871921183,52,False,False,False,2.0,0.0
NA,F-Root,5004,dns-root_f-root_msm5004_20260701T000000Z_010000Z.json,landing_region_0133::landing_region_0230,landing_region_0133 -> landing_region_0230,2.0,4,4,2,1,1,0.0024630541871921183,53,False,False,False,0.0,2.0
NA,F-Root,5004,dns-root_f-root_msm5004_20260701T000000Z_010000Z.json,landing_region_0149::landing_region_0159,landing_region_0149 -> landing_region_0159,2.0,2,2,1,1,1,0.0024630541871921183,54,False,False,False,0.0,2.0
NA,F-Root,5004,dns-root_f-root_msm5004_20260701T000000Z_010000Z.json,landing_region_0174::landing_region_0290,landing_region_0174 -> landing_region_0290,2.0,4,4,2,1,1,0.0024630541871921183,55,False,False,False,0.0,2.0
NA,F-Root,5004,dns-root_f-root_msm5004_20260701T000000Z_010000Z.json,landing_region_0174::landing_region_0603,landing_region_0174 -> landing_region_0603,2.0,2,2,1,1,1,0.0024630541871921183,56,False,False,False,0.0,2.0
NA,F-Root,5004,dns-root_f-root_msm5004_20260701T000000Z_010000Z.json,landing_region_0174::landing_region_0751,landing_region_0174 -> landing_region_0751,2.0,4,4,2,1,1,0.0024630541871921183,57,False,False,False,0.0,2.0
NA,F-Root,5004,dns-root_f-root_msm5004_20260701T000000Z_010000Z.json,landing_region_0196::landing_region_0719,landing_region_0196 -> landing_region_0719,2.0,4,4,2,1,1,0.0024630541871921183,58,False,False,False,2.0,0.0
NA,F-Root,5004,dns-root_f-root_msm5004_20260701T000000Z_010000Z.json,landing_region_0230::landing_region_0250,landing_region_0230 -> landing_region_0250,2.0,4,4,2,1,1,0.0024630541871921183,59,False,False,False,0.0,2.0
NA,F-Root,5004,dns-root_f-root_msm5004_20260701T000000Z_010000Z.json,landing_region_0230::landing_region_0270,landing_region_0230 -> landing_region_0270,2.0,4,4,2,2,1,0.0024630541871921183,60,False,False,False,2.0,0.0
NA,F-Root,5004,dns-root_f-root_msm5004_20260701T000000Z_010000Z.json,landing_region_0230::landing_region_0579,landing_region_0230 -> landing_region_0579,2.0,4,4,2,2,1,0.0024630541871921183,61,False,False,False,2.0,0.0
NA,F-Root,5004,dns-root_f-root_msm5004_20260701T000000Z_010000Z.json,landing_region_0266::landing_region_0867,landing_region_0266 -> landing_region_0867,2.0,6,6,3,2,1,0.0024630541871921183,62,False,False,False,2.0,0.0
NA,F-Root,5004,dns-root_f-root_msm5004_20260701T000000Z_010000Z.json,landing_region_0266::landing_region_0950,landing_region_0266 -> landing_region_0950,2.0,6,6,3,2,1,0.0024630541871921183,63,False,False,False,2.0,0.0
NA,F-Root,5004,dns-root_f-root_msm5004_20260701T000000Z_010000Z.json,landing_region_0317::landing_region_0719,landing_region_0317 -> landing_region_0719,2.0,4,4,2,1,1,0.0024630541871921183,64,False,False,False,2.0,0.0
NA,F-Root,5004,dns-root_f-root_msm5004_20260701T000000Z_010000Z.json,landing_region_0337::landing_region_0875,landing_region_0337 -> landing_region_0875,2.0,4,4,2,1,1,0.0024630541871921183,65,False,False,False,2.0,0.0
NA,F-Root,5004,dns-root_f-root_msm5004_20260701T000000Z_010000Z.json,landing_region_0524::landing_region_0524,landing_region_0524 -> landing_region_0524,2.0,4,4,2,1,1,0.0024630541871921183,66,False,False,False,2.0,0.0
NA,F-Root,5004,dns-root_f-root_msm5004_20260701T000000Z_010000Z.json,landing_region_0591::landing_region_0770,landing_region_0591 -> landing_region_0770,2.0,2,2,1,1,1,0.0024630541871921183,67,False,False,False,0.0,2.0
NA,F-Root,5004,dns-root_f-root_msm5004_20260701T000000Z_010000Z.json,landing_region_0019::landing_region_0024,landing_region_0019 -> landing_region_0024,1.0,2,2,1,1,1,0.0012315270935960591,68,False,False,False,1.0,0.0
NA,F-Root,5004,dns-root_f-root_msm5004_20260701T000000Z_010000Z.json,landing_region_0019::landing_region_0266,landing_region_0019 -> landing_region_0266,1.0,2,2,1,1,1,0.0012315270935960591,69,False,False,False,1.0,0.0
NA,F-Root,5004,dns-root_f-root_msm5004_20260701T000000Z_010000Z.json,landing_region_0024::landing_region_0456,landing_region_0024 -> landing_region_0456,1.0,2,2,1,1,1,0.0012315270935960591,70,False,False,False,1.0,0.0
NA,F-Root,5004,dns-root_f-root_msm5004_20260701T000000Z_010000Z.json,landing_region_0041::landing_region_0635,landing_region_0041 -> landing_region_0635,1.0,2,2,1,1,1,0.0012315270935960591,71,False,False,False,1.0,0.0
NA,F-Root,5004,dns-root_f-root_msm5004_20260701T000000Z_010000Z.json,landing_region_0041::landing_region_0945,landing_region_0041 -> landing_region_0945,1.0,2,2,1,1,1,0.0012315270935960591,72,False,False,False,1.0,0.0
NA,F-Root,5004,dns-root_f-root_msm5004_20260701T000000Z_010000Z.json,landing_region_0266::landing_region_0456,landing_region_0266 -> landing_region_0456,1.0,2,2,1,1,1,0.0012315270935960591,73,False,False,False,1.0,0.0
NL,F-Root,5004,dns-root_f-root_msm5004_20260701T000000Z_010000Z.json,landing_region_0051::landing_region_0051,landing_region_0051 -> landing_region_0051,8.0,8,8,2,1,1,0.4,1,True,False,False,8.0,0.0
NL,F-Root,5004,dns-root_f-root_msm5004_20260701T000000Z_010000Z.json,landing_region_0051::landing_region_0512,landing_region_0051 -> landing_region_0512,6.0,8,8,2,1,1,0.3,2,False,True,False,2.0,4.0
NL,F-Root,5004,dns-root_f-root_msm5004_20260701T000000Z_010000Z.json,landing_region_0039::landing_region_0159,landing_region_0039 -> landing_region_0159,4.0,4,4,2,1,1,0.2,3,False,False,True,0.0,4.0
NL,F-Root,5004,dns-root_f-root_msm5004_20260701T000000Z_010000Z.json,landing_region_0181::landing_region_0512,landing_region_0181 -> landing_region_0512,2.0,4,4,2,1,1,0.1,4,False,False,False,2.0,0.0
NO,F-Root,5004,dns-root_f-root_msm5004_20260701T000000Z_010000Z.json,landing_region_0335::landing_region_0335,landing_region_0335 -> landing_region_0335,29.333333333333332,74,74,31,16,8,0.19555555555555554,1,True,False,False,29.333333333333332,0.0
NO,F-Root,5004,dns-root_f-root_msm5004_20260701T000000Z_010000Z.json,landing_region_0335::landing_region_0562,landing_region_0335 -> landing_region_0562,25.333333333333332,70,70,29,15,7,0.1688888888888889,2,False,True,False,25.333333333333332,0.0
NO,F-Root,5004,dns-root_f-root_msm5004_20260701T000000Z_010000Z.json,landing_region_0235::landing_region_0335,landing_region_0235 -> landing_region_0335,19.333333333333332,58,58,23,12,6,0.1288888888888889,3,False,False,True,19.333333333333332,0.0
NO,F-Root,5004,dns-root_f-root_msm5004_20260701T000000Z_010000Z.json,landing_region_0335::landing_region_0345,landing_region_0335 -> landing_region_0345,10.666666666666666,24,24,12,6,3,0.07111111111111111,4,False,False,False,10.666666666666666,0.0
NO,F-Root,5004,dns-root_f-root_msm5004_20260701T000000Z_010000Z.json,landing_region_0335::landing_region_0536,landing_region_0335 -> landing_region_0536,10.666666666666666,24,24,12,6,3,0.07111111111111111,5,False,False,False,10.666666666666666,0.0
NO,F-Root,5004,dns-root_f-root_msm5004_20260701T000000Z_010000Z.json,landing_region_0190::landing_region_0675,landing_region_0190 -> landing_region_0675,8.0,8,8,4,2,1,0.05333333333333334,6,False,False,False,8.0,0.0
NO,F-Root,5004,dns-root_f-root_msm5004_20260701T000000Z_010000Z.json,landing_region_0063::landing_region_0063,landing_region_0063 -> landing_region_0063,4.0,12,12,2,1,1,0.02666666666666667,7,False,False,False,4.0,0.0
NO,F-Root,5004,dns-root_f-root_msm5004_20260701T000000Z_010000Z.json,landing_region_0063::landing_region_0190,landing_region_0063 -> landing_region_0190,4.0,8,8,4,2,2,0.02666666666666667,8,False,False,False,4.0,0.0
NO,F-Root,5004,dns-root_f-root_msm5004_20260701T000000Z_010000Z.json,landing_region_0063::landing_region_0365,landing_region_0063 -> landing_region_0365,4.0,12,12,2,1,1,0.02666666666666667,9,False,False,False,4.0,0.0
NO,F-Root,5004,dns-root_f-root_msm5004_20260701T000000Z_010000Z.json,landing_region_0365::landing_region_0365,landing_region_0365 -> landing_region_0365,4.0,12,12,2,1,1,0.02666666666666667,10,False,False,False,4.0,0.0
NO,F-Root,5004,dns-root_f-root_msm5004_20260701T000000Z_010000Z.json,landing_region_0079::landing_region_0335,landing_region_0079 -> landing_region_0335,3.333333333333333,10,10,5,3,2,0.02222222222222222,11,False,False,False,3.333333333333333,0.0
NO,F-Root,5004,dns-root_f-root_msm5004_20260701T000000Z_010000Z.json,landing_region_0335::landing_region_0535,landing_region_0335 -> landing_region_0535,3.333333333333333,10,10,5,3,2,0.02222222222222222,12,False,False,False,3.333333333333333,0.0
NO,F-Root,5004,dns-root_f-root_msm5004_20260701T000000Z_010000Z.json,landing_region_0335::landing_region_0583,landing_region_0335 -> landing_region_0583,3.333333333333333,10,10,5,3,2,0.02222222222222222,13,False,False,False,3.333333333333333,0.0
NO,F-Root,5004,dns-root_f-root_msm5004_20260701T000000Z_010000Z.json,landing_region_0149::landing_region_0149,landing_region_0149 -> landing_region_0149,3.0,6,6,2,1,1,0.02,14,False,False,False,3.0,0.0
NO,F-Root,5004,dns-root_f-root_msm5004_20260701T000000Z_010000Z.json,landing_region_0149::landing_region_0610,landing_region_0149 -> landing_region_0610,3.0,6,6,2,1,1,0.02,15,False,False,False,3.0,0.0
NO,F-Root,5004,dns-root_f-root_msm5004_20260701T000000Z_010000Z.json,landing_region_0190::landing_region_0190,landing_region_0190 -> landing_region_0190,2.0,4,4,2,1,1,0.013333333333333334,16,False,False,False,2.0,0.0
NO,F-Root,5004,dns-root_f-root_msm5004_20260701T000000Z_010000Z.json,landing_region_0190::landing_region_0365,landing_region_0190 -> landing_region_0365,2.0,4,4,2,1,1,0.013333333333333334,17,False,False,False,2.0,0.0
NO,F-Root,5004,dns-root_f-root_msm5004_20260701T000000Z_010000Z.json,landing_region_0158::landing_region_0158,landing_region_0158 -> landing_region_0158,1.3333333333333333,4,4,2,1,1,0.008888888888888889,18,False,False,False,1.3333333333333333,0.0
NO,F-Root,5004,dns-root_f-root_msm5004_20260701T000000Z_010000Z.json,landing_region_0158::landing_region_0442,landing_region_0158 -> landing_region_0442,1.3333333333333333,4,4,2,1,1,0.008888888888888889,19,False,False,False,1.3333333333333333,0.0
NO,F-Root,5004,dns-root_f-root_msm5004_20260701T000000Z_010000Z.json,landing_region_0158::landing_region_0536,landing_region_0158 -> landing_region_0536,1.3333333333333333,4,4,2,1,1,0.008888888888888889,20,False,False,False,1.3333333333333333,0.0
NO,F-Root,5004,dns-root_f-root_msm5004_20260701T000000Z_010000Z.json,landing_region_0079::landing_region_0345,landing_region_0079 -> landing_region_0345,0.6666666666666666,4,4,2,1,1,0.0044444444444444444,21,False,False,False,0.6666666666666666,0.0
NO,F-Root,5004,dns-root_f-root_msm5004_20260701T000000Z_010000Z.json,landing_region_0079::landing_region_0536,landing_region_0079 -> landing_region_0536,0.6666666666666666,4,4,2,1,1,0.0044444444444444444,22,False,False,False,0.6666666666666666,0.0
NO,F-Root,5004,dns-root_f-root_msm5004_20260701T000000Z_010000Z.json,landing_region_0235::landing_region_0345,landing_region_0235 -> landing_region_0345,0.6666666666666666,4,4,2,1,1,0.0044444444444444444,23,False,False,False,0.6666666666666666,0.0
NO,F-Root,5004,dns-root_f-root_msm5004_20260701T000000Z_010000Z.json,landing_region_0235::landing_region_0536,landing_region_0235 -> landing_region_0536,0.6666666666666666,4,4,2,1,1,0.0044444444444444444,24,False,False,False,0.6666666666666666,0.0
NO,F-Root,5004,dns-root_f-root_msm5004_20260701T000000Z_010000Z.json,landing_region_0345::landing_region_0535,landing_region_0345 -> landing_region_0535,0.6666666666666666,4,4,2,1,1,0.0044444444444444444,25,False,False,False,0.6666666666666666,0.0
NO,F-Root,5004,dns-root_f-root_msm5004_20260701T000000Z_010000Z.json,landing_region_0345::landing_region_0562,landing_region_0345 -> landing_region_0562,0.6666666666666666,4,4,2,1,1,0.0044444444444444444,26,False,False,False,0.6666666666666666,0.0
NO,F-Root,5004,dns-root_f-root_msm5004_20260701T000000Z_010000Z.json,landing_region_0345::landing_region_0583,landing_region_0345 -> landing_region_0583,0.6666666666666666,4,4,2,1,1,0.0044444444444444444,27,False,False,False,0.6666666666666666,0.0
NO,F-Root,5004,dns-root_f-root_msm5004_20260701T000000Z_010000Z.json,landing_region_0535::landing_region_0536,landing_region_0535 -> landing_region_0536,0.6666666666666666,4,4,2,1,1,0.0044444444444444444,28,False,False,False,0.6666666666666666,0.0
NO,F-Root,5004,dns-root_f-root_msm5004_20260701T000000Z_010000Z.json,landing_region_0536::landing_region_0562,landing_region_0536 -> landing_region_0562,0.6666666666666666,4,4,2,1,1,0.0044444444444444444,29,False,False,False,0.6666666666666666,0.0
NO,F-Root,5004,dns-root_f-root_msm5004_20260701T000000Z_010000Z.json,landing_region_0536::landing_region_0583,landing_region_0536 -> landing_region_0583,0.6666666666666666,4,4,2,1,1,0.0044444444444444444,30,False,False,False,0.6666666666666666,0.0
NZ,F-Root,5004,dns-root_f-root_msm5004_20260701T000000Z_010000Z.json,landing_region_0089::landing_region_0089,landing_region_0089 -> landing_region_0089,12.0,12,12,6,4,1,0.42857142857142855,1,True,False,False,12.0,0.0
NZ,F-Root,5004,dns-root_f-root_msm5004_20260701T000000Z_010000Z.json,landing_region_0089::landing_region_0362,landing_region_0089 -> landing_region_0362,12.0,12,12,4,2,2,0.42857142857142855,2,False,True,False,12.0,0.0
NZ,F-Root,5004,dns-root_f-root_msm5004_20260701T000000Z_010000Z.json,landing_region_0271::landing_region_0362,landing_region_0271 -> landing_region_0362,4.0,4,4,2,1,1,0.14285714285714285,3,False,False,True,4.0,0.0
PA,F-Root,5004,dns-root_f-root_msm5004_20260701T000000Z_010000Z.json,landing_region_0174::landing_region_0465,landing_region_0174 -> landing_region_0465,8.0,8,8,4,2,1,0.5,1,True,False,False,8.0,0.0
PA,F-Root,5004,dns-root_f-root_msm5004_20260701T000000Z_010000Z.json,landing_region_0107::landing_region_0287,landing_region_0107 -> landing_region_0287,4.0,4,4,2,1,1,0.25,2,False,True,False,4.0,0.0
PA,F-Root,5004,dns-root_f-root_msm5004_20260701T000000Z_010000Z.json,landing_region_0107::landing_region_0465,landing_region_0107 -> landing_region_0465,2.0,4,4,2,1,1,0.125,3,False,False,True,0.0,2.0
PA,F-Root,5004,dns-root_f-root_msm5004_20260701T000000Z_010000Z.json,landing_region_0287::landing_region_0465,landing_region_0287 -> landing_region_0465,2.0,4,4,2,1,1,0.125,4,False,False,False,0.0,2.0
PE,F-Root,5004,dns-root_f-root_msm5004_20260701T000000Z_010000Z.json,landing_region_0591::landing_region_0770,landing_region_0591 -> landing_region_0770,10.0,10,10,5,3,3,1.0,1,True,False,False,0.0,10.0
PG,F-Root,5004,dns-root_f-root_msm5004_20260701T000000Z_010000Z.json,landing_region_0041::landing_region_0758,landing_region_0041 -> landing_region_0758,4.0,4,4,2,1,1,1.0,1,True,False,False,0.0,4.0
PH,F-Root,5004,dns-root_f-root_msm5004_20260701T000000Z_010000Z.json,landing_region_0133::landing_region_0250,landing_region_0133 -> landing_region_0250,112.2,132,132,50,26,15,0.48782608695652174,1,True,False,False,112.2,0.0
PH,F-Root,5004,dns-root_f-root_msm5004_20260701T000000Z_010000Z.json,landing_region_0132::landing_region_0133,landing_region_0132 -> landing_region_0133,13.0,26,26,13,7,6,0.05652173913043478,2,False,True,False,0.0,13.0
PH,F-Root,5004,dns-root_f-root_msm5004_20260701T000000Z_010000Z.json,landing_region_0132::landing_region_0250,landing_region_0132 -> landing_region_0250,13.0,26,26,13,7,6,0.05652173913043478,3,False,False,True,0.0,13.0
PH,F-Root,5004,dns-root_f-root_msm5004_20260701T000000Z_010000Z.json,landing_region_0133::landing_region_0230,landing_region_0133 -> landing_region_0230,11.0,22,22,11,6,4,0.04782608695652174,4,False,False,False,0.0,11.0
PH,F-Root,5004,dns-root_f-root_msm5004_20260701T000000Z_010000Z.json,landing_region_0230::landing_region_0250,landing_region_0230 -> landing_region_0250,11.0,22,22,11,6,4,0.04782608695652174,5,False,False,False,0.0,11.0
PH,F-Root,5004,dns-root_f-root_msm5004_20260701T000000Z_010000Z.json,landing_region_0133::landing_region_0133,landing_region_0133 -> landing_region_0133,8.6,22,22,9,5,4,0.03739130434782609,6,False,False,False,8.6,0.0
PH,F-Root,5004,dns-root_f-root_msm5004_20260701T000000Z_010000Z.json,landing_region_0132::landing_region_0230,landing_region_0132 -> landing_region_0230,4.0,4,4,2,1,1,0.017391304347826087,7,False,False,False,0.0,4.0
PH,F-Root,5004,dns-root_f-root_msm5004_20260701T000000Z_010000Z.json,landing_region_0132::landing_region_0634,landing_region_0132 -> landing_region_0634,4.0,8,8,2,2,2,0.017391304347826087,8,False,False,False,0.0,4.0
PH,F-Root,5004,dns-root_f-root_msm5004_20260701T000000Z_010000Z.json,landing_region_0132::landing_region_0655,landing_region_0132 -> landing_region_0655,4.0,8,8,2,2,2,0.017391304347826087,9,False,False,False,0.0,4.0
PH,F-Root,5004,dns-root_f-root_msm5004_20260701T000000Z_010000Z.json,landing_region_0099::landing_region_0250,landing_region_0099 -> landing_region_0250,3.4333333333333336,14,14,5,3,3,0.014927536231884059,10,False,False,False,3.4333333333333336,0.0
PH,F-Root,5004,dns-root_f-root_msm5004_20260701T000000Z_010000Z.json,landing_region_0133::landing_region_0254,landing_region_0133 -> landing_region_0254,3.4333333333333336,14,14,5,3,3,0.014927536231884059,11,False,False,False,3.4333333333333336,0.0
PH,F-Root,5004,dns-root_f-root_msm5004_20260701T000000Z_010000Z.json,landing_region_0133::landing_region_0743,landing_region_0133 -> landing_region_0743,3.2,16,16,4,2,2,0.01391304347826087,12,False,False,False,3.2,0.0
PH,F-Root,5004,dns-root_f-root_msm5004_20260701T000000Z_010000Z.json,landing_region_0250::landing_region_0743,landing_region_0250 -> landing_region_0743,3.2,16,16,4,2,2,0.01391304347826087,13,False,False,False,3.2,0.0
PH,F-Root,5004,dns-root_f-root_msm5004_20260701T000000Z_010000Z.json,landing_region_0133::landing_region_0266,landing_region_0133 -> landing_region_0266,3.0,6,6,3,2,1,0.013043478260869565,14,False,False,False,0.0,3.0
PH,F-Root,5004,dns-root_f-root_msm5004_20260701T000000Z_010000Z.json,landing_region_0250::landing_region_0266,landing_region_0250 -> landing_region_0266,3.0,6,6,3,2,1,0.013043478260869565,15,False,False,False,0.0,3.0
PH,F-Root,5004,dns-root_f-root_msm5004_20260701T000000Z_010000Z.json,landing_region_0250::landing_region_0254,landing_region_0250 -> landing_region_0254,2.9333333333333336,12,12,5,3,3,0.012753623188405798,16,False,False,False,2.9333333333333336,0.0
PH,F-Root,5004,dns-root_f-root_msm5004_20260701T000000Z_010000Z.json,landing_region_0098::landing_region_0133,landing_region_0098 -> landing_region_0133,2.1,10,10,5,3,3,0.009130434782608696,17,False,False,False,2.1,0.0
PH,F-Root,5004,dns-root_f-root_msm5004_20260701T000000Z_010000Z.json,landing_region_0133::landing_region_0177,landing_region_0133 -> landing_region_0177,2.1,10,10,5,3,3,0.009130434782608696,18,False,False,False,2.1,0.0
PH,F-Root,5004,dns-root_f-root_msm5004_20260701T000000Z_010000Z.json,landing_region_0133::landing_region_0172,landing_region_0133 -> landing_region_0172,1.6,8,8,2,1,1,0.006956521739130435,19,False,False,False,1.6,0.0
PH,F-Root,5004,dns-root_f-root_msm5004_20260701T000000Z_010000Z.json,landing_region_0133::landing_region_0815,landing_region_0133 -> landing_region_0815,1.6,8,8,2,1,1,0.006956521739130435,20,False,False,False,1.6,0.0
PH,F-Root,5004,dns-root_f-root_msm5004_20260701T000000Z_010000Z.json,landing_region_0133::landing_region_0835,landing_region_0133 -> landing_region_0835,1.6,8,8,2,1,1,0.006956521739130435,21,False,False,False,1.6,0.0
PH,F-Root,5004,dns-root_f-root_msm5004_20260701T000000Z_010000Z.json,landing_region_0045::landing_region_0133,landing_region_0045 -> landing_region_0133,1.3333333333333333,4,4,2,1,1,0.005797101449275362,22,False,False,False,1.3333333333333333,0.0
PH,F-Root,5004,dns-root_f-root_msm5004_20260701T000000Z_010000Z.json,landing_region_0045::landing_region_0250,landing_region_0045 -> landing_region_0250,1.3333333333333333,4,4,2,1,1,0.005797101449275362,23,False,False,False,1.3333333333333333,0.0
PH,F-Root,5004,dns-root_f-root_msm5004_20260701T000000Z_010000Z.json,landing_region_0250::landing_region_0570,landing_region_0250 -> landing_region_0570,1.3333333333333333,4,4,2,1,1,0.005797101449275362,24,False,False,False,1.3333333333333333,0.0
PH,F-Root,5004,dns-root_f-root_msm5004_20260701T000000Z_010000Z.json,landing_region_0133::landing_region_0216,landing_region_0133 -> landing_region_0216,1.0,4,4,2,1,1,0.004347826086956522,25,False,False,False,1.0,0.0
PH,F-Root,5004,dns-root_f-root_msm5004_20260701T000000Z_010000Z.json,landing_region_0133::landing_region_0224,landing_region_0133 -> landing_region_0224,1.0,4,4,2,1,1,0.004347826086956522,26,False,False,False,1.0,0.0
PH,F-Root,5004,dns-root_f-root_msm5004_20260701T000000Z_010000Z.json,landing_region_0133::landing_region_0901,landing_region_0133 -> landing_region_0901,1.0,4,4,2,1,1,0.004347826086956522,27,False,False,False,1.0,0.0
PH,F-Root,5004,dns-root_f-root_msm5004_20260701T000000Z_010000Z.json,landing_region_0179::landing_region_0179,landing_region_0179 -> landing_region_0179,1.0,4,4,2,1,1,0.004347826086956522,28,False,False,False,1.0,0.0
PH,F-Root,5004,dns-root_f-root_msm5004_20260701T000000Z_010000Z.json,landing_region_0179::landing_region_0220,landing_region_0179 -> landing_region_0220,1.0,4,4,2,1,1,0.004347826086956522,29,False,False,False,1.0,0.0
PH,F-Root,5004,dns-root_f-root_msm5004_20260701T000000Z_010000Z.json,landing_region_0179::landing_region_0814,landing_region_0179 -> landing_region_0814,1.0,4,4,2,1,1,0.004347826086956522,30,False,False,False,1.0,0.0
PH,F-Root,5004,dns-root_f-root_msm5004_20260701T000000Z_010000Z.json,landing_region_0199::landing_region_0250,landing_region_0199 -> landing_region_0250,1.0,4,4,2,1,1,0.004347826086956522,31,False,False,False,1.0,0.0
PH,F-Root,5004,dns-root_f-root_msm5004_20260701T000000Z_010000Z.json,landing_region_0220::landing_region_0814,landing_region_0220 -> landing_region_0814,1.0,4,4,2,1,1,0.004347826086956522,32,False,False,False,1.0,0.0
PH,F-Root,5004,dns-root_f-root_msm5004_20260701T000000Z_010000Z.json,landing_region_0098::landing_region_0177,landing_region_0098 -> landing_region_0177,0.4444444444444444,4,4,2,1,1,0.001932367149758454,33,False,False,False,0.4444444444444444,0.0
PH,F-Root,5004,dns-root_f-root_msm5004_20260701T000000Z_010000Z.json,landing_region_0098::landing_region_0254,landing_region_0098 -> landing_region_0254,0.4444444444444444,4,4,2,1,1,0.001932367149758454,34,False,False,False,0.4444444444444444,0.0
PH,F-Root,5004,dns-root_f-root_msm5004_20260701T000000Z_010000Z.json,landing_region_0098::landing_region_0594,landing_region_0098 -> landing_region_0594,0.4444444444444444,4,4,2,1,1,0.001932367149758454,35,False,False,False,0.4444444444444444,0.0
PH,F-Root,5004,dns-root_f-root_msm5004_20260701T000000Z_010000Z.json,landing_region_0099::landing_region_0177,landing_region_0099 -> landing_region_0177,0.4444444444444444,4,4,2,1,1,0.001932367149758454,36,False,False,False,0.4444444444444444,0.0
PH,F-Root,5004,dns-root_f-root_msm5004_20260701T000000Z_010000Z.json,landing_region_0177::landing_region_0177,landing_region_0177 -> landing_region_0177,0.4444444444444444,4,4,2,1,1,0.001932367149758454,37,False,False,False,0.4444444444444444,0.0
PH,F-Root,5004,dns-root_f-root_msm5004_20260701T000000Z_010000Z.json,landing_region_0177::landing_region_0254,landing_region_0177 -> landing_region_0254,0.4444444444444444,4,4,2,1,1,0.001932367149758454,38,False,False,False,0.4444444444444444,0.0
PH,F-Root,5004,dns-root_f-root_msm5004_20260701T000000Z_010000Z.json,landing_region_0177::landing_region_0594,landing_region_0177 -> landing_region_0594,0.4444444444444444,4,4,2,1,1,0.001932367149758454,39,False,False,False,0.4444444444444444,0.0
PH,F-Root,5004,dns-root_f-root_msm5004_20260701T000000Z_010000Z.json,landing_region_0254::landing_region_0254,landing_region_0254 -> landing_region_0254,0.4444444444444444,4,4,2,1,1,0.001932367149758454,40,False,False,False,0.4444444444444444,0.0
PH,F-Root,5004,dns-root_f-root_msm5004_20260701T000000Z_010000Z.json,landing_region_0254::landing_region_0594,landing_region_0254 -> landing_region_0594,0.4444444444444444,4,4,2,1,1,0.001932367149758454,41,False,False,False,0.4444444444444444,0.0
PH,F-Root,5004,dns-root_f-root_msm5004_20260701T000000Z_010000Z.json,landing_region_0098::landing_region_0179,landing_region_0098 -> landing_region_0179,0.2,2,2,1,1,1,0.0008695652173913044,42,False,False,False,0.2,0.0
PH,F-Root,5004,dns-root_f-root_msm5004_20260701T000000Z_010000Z.json,landing_region_0098::landing_region_0220,landing_region_0098 -> landing_region_0220,0.2,2,2,1,1,1,0.0008695652173913044,43,False,False,False,0.2,0.0
PH,F-Root,5004,dns-root_f-root_msm5004_20260701T000000Z_010000Z.json,landing_region_0098::landing_region_0814,landing_region_0098 -> landing_region_0814,0.2,2,2,1,1,1,0.0008695652173913044,44,False,False,False,0.2,0.0
PH,F-Root,5004,dns-root_f-root_msm5004_20260701T000000Z_010000Z.json,landing_region_0099::landing_region_0814,landing_region_0099 -> landing_region_0814,0.2,2,2,1,1,1,0.0008695652173913044,45,False,False,False,0.2,0.0
PH,F-Root,5004,dns-root_f-root_msm5004_20260701T000000Z_010000Z.json,landing_region_0177::landing_region_0179,landing_region_0177 -> landing_region_0179,0.2,2,2,1,1,1,0.0008695652173913044,46,False,False,False,0.2,0.0
PH,F-Root,5004,dns-root_f-root_msm5004_20260701T000000Z_010000Z.json,landing_region_0177::landing_region_0220,landing_region_0177 -> landing_region_0220,0.2,2,2,1,1,1,0.0008695652173913044,47,False,False,False,0.2,0.0
PH,F-Root,5004,dns-root_f-root_msm5004_20260701T000000Z_010000Z.json,landing_region_0177::landing_region_0814,landing_region_0177 -> landing_region_0814,0.2,2,2,1,1,1,0.0008695652173913044,48,False,False,False,0.2,0.0
PH,F-Root,5004,dns-root_f-root_msm5004_20260701T000000Z_010000Z.json,landing_region_0179::landing_region_0254,landing_region_0179 -> landing_region_0254,0.2,2,2,1,1,1,0.0008695652173913044,49,False,False,False,0.2,0.0
PH,F-Root,5004,dns-root_f-root_msm5004_20260701T000000Z_010000Z.json,landing_region_0220::landing_region_0254,landing_region_0220 -> landing_region_0254,0.2,2,2,1,1,1,0.0008695652173913044,50,False,False,False,0.2,0.0
PH,F-Root,5004,dns-root_f-root_msm5004_20260701T000000Z_010000Z.json,landing_region_0254::landing_region_0814,landing_region_0254 -> landing_region_0814,0.2,2,2,1,1,1,0.0008695652173913044,51,False,False,False,0.2,0.0
PT,F-Root,5004,dns-root_f-root_msm5004_20260701T000000Z_010000Z.json,landing_region_0204::landing_region_0239,landing_region_0204 -> landing_region_0239,14.0,14,14,7,4,2,0.5384615384615384,1,True,False,False,14.0,0.0
PT,F-Root,5004,dns-root_f-root_msm5004_20260701T000000Z_010000Z.json,landing_region_0239::landing_region_0239,landing_region_0239 -> landing_region_0239,4.0,8,8,4,2,2,0.15384615384615385,2,False,True,False,4.0,0.0
PT,F-Root,5004,dns-root_f-root_msm5004_20260701T000000Z_010000Z.json,landing_region_0239::landing_region_0872,landing_region_0239 -> landing_region_0872,4.0,8,8,4,2,2,0.15384615384615385,3,False,False,True,4.0,0.0
PT,F-Root,5004,dns-root_f-root_msm5004_20260701T000000Z_010000Z.json,landing_region_0380::landing_region_0380,landing_region_0380 -> landing_region_0380,2.0,4,4,2,1,1,0.07692307692307693,4,False,False,False,2.0,0.0
PT,F-Root,5004,dns-root_f-root_msm5004_20260701T000000Z_010000Z.json,landing_region_0380::landing_region_0765,landing_region_0380 -> landing_region_0765,2.0,4,4,2,1,1,0.07692307692307693,5,False,False,False,2.0,0.0
SE,F-Root,5004,dns-root_f-root_msm5004_20260701T000000Z_010000Z.json,landing_region_0051::landing_region_0051,landing_region_0051 -> landing_region_0051,85.0,156,156,64,36,16,0.19144144144144143,1,True,False,False,35.0,50.0
SE,F-Root,5004,dns-root_f-root_msm5004_20260701T000000Z_010000Z.json,landing_region_0051::landing_region_0512,landing_region_0051 -> landing_region_0512,76.0,120,120,42,26,10,0.17117117117117117,2,False,True,False,52.0,24.0
SE,F-Root,5004,dns-root_f-root_msm5004_20260701T000000Z_010000Z.json,landing_region_0051::landing_region_0181,landing_region_0051 -> landing_region_0181,69.0,140,140,61,34,16,0.1554054054054054,3,False,False,True,19.0,50.0
SE,F-Root,5004,dns-root_f-root_msm5004_20260701T000000Z_010000Z.json,landing_region_0351::landing_region_0512,landing_region_0351 -> landing_region_0512,50.0,100,100,50,49,12,0.11261261261261261,4,False,False,False,0.0,50.0
SE,F-Root,5004,dns-root_f-root_msm5004_20260701T000000Z_010000Z.json,landing_region_0512::landing_region_0640,landing_region_0512 -> landing_region_0640,50.0,100,100,50,49,12,0.11261261261261261,5,False,False,False,0.0,50.0
SE,F-Root,5004,dns-root_f-root_msm5004_20260701T000000Z_010000Z.json,landing_region_0181::landing_region_0512,landing_region_0181 -> landing_region_0512,44.0,88,88,38,24,8,0.0990990990990991,6,False,False,False,44.0,0.0
SE,F-Root,5004,dns-root_f-root_msm5004_20260701T000000Z_010000Z.json,landing_region_0428::landing_region_0428,landing_region_0428 -> landing_region_0428,26.0,28,28,8,4,3,0.05855855855855856,7,False,False,False,26.0,0.0
SE,F-Root,5004,dns-root_f-root_msm5004_20260701T000000Z_010000Z.json,landing_region_0512::landing_region_0699,landing_region_0512 -> landing_region_0699,22.0,24,24,8,4,3,0.04954954954954955,8,False,False,False,22.0,0.0
SE,F-Root,5004,dns-root_f-root_msm5004_20260701T000000Z_010000Z.json,landing_region_0209::landing_region_0699,landing_region_0209 -> landing_region_0699,4.0,4,4,2,1,1,0.009009009009009009,9,False,False,False,4.0,0.0
SE,F-Root,5004,dns-root_f-root_msm5004_20260701T000000Z_010000Z.json,landing_region_0351::landing_region_0640,landing_region_0351 -> landing_region_0640,4.0,4,4,2,1,1,0.009009009009009009,10,False,False,False,4.0,0.0
SE,F-Root,5004,dns-root_f-root_msm5004_20260701T000000Z_010000Z.json,landing_region_0415::landing_region_0512,landing_region_0415 -> landing_region_0512,4.0,8,8,4,2,1,0.009009009009009009,11,False,False,False,4.0,0.0
SE,F-Root,5004,dns-root_f-root_msm5004_20260701T000000Z_010000Z.json,landing_region_0415::landing_region_0693,landing_region_0415 -> landing_region_0693,4.0,8,8,4,2,1,0.009009009009009009,12,False,False,False,4.0,0.0
SE,F-Root,5004,dns-root_f-root_msm5004_20260701T000000Z_010000Z.json,landing_region_0181::landing_region_0181,landing_region_0181 -> landing_region_0181,2.0,6,6,3,2,1,0.0045045045045045045,13,False,False,False,2.0,0.0
SE,F-Root,5004,dns-root_f-root_msm5004_20260701T000000Z_010000Z.json,landing_region_0209::landing_region_0512,landing_region_0209 -> landing_region_0512,2.0,4,4,2,1,1,0.0045045045045045045,14,False,False,False,2.0,0.0
SE,F-Root,5004,dns-root_f-root_msm5004_20260701T000000Z_010000Z.json,landing_region_0428::landing_region_0881,landing_region_0428 -> landing_region_0881,2.0,4,4,2,1,1,0.0045045045045045045,15,False,False,False,2.0,0.0
SG,F-Root,5004,dns-root_f-root_msm5004_20260701T000000Z_010000Z.json,landing_region_0132::landing_region_0132,landing_region_0132 -> landing_region_0132,5.0,16,16,8,4,3,0.22727272727272727,1,True,False,False,5.0,0.0
SG,F-Root,5004,dns-root_f-root_msm5004_20260701T000000Z_010000Z.json,landing_region_0132::landing_region_0487,landing_region_0132 -> landing_region_0487,5.0,16,16,8,4,3,0.22727272727272727,2,False,True,False,5.0,0.0
SG,F-Root,5004,dns-root_f-root_msm5004_20260701T000000Z_010000Z.json,landing_region_0132::landing_region_0807,landing_region_0132 -> landing_region_0807,5.0,16,16,8,4,3,0.22727272727272727,3,False,False,True,5.0,0.0
SG,F-Root,5004,dns-root_f-root_msm5004_20260701T000000Z_010000Z.json,landing_region_0132::landing_region_0230,landing_region_0132 -> landing_region_0230,4.0,4,4,2,1,1,0.18181818181818182,4,False,False,False,0.0,4.0
SG,F-Root,5004,dns-root_f-root_msm5004_20260701T000000Z_010000Z.json,landing_region_0041::landing_region_0625,landing_region_0041 -> landing_region_0625,2.0,2,2,1,1,1,0.09090909090909091,5,False,False,False,2.0,0.0
SG,F-Root,5004,dns-root_f-root_msm5004_20260701T000000Z_010000Z.json,landing_region_0132::landing_region_0641,landing_region_0132 -> landing_region_0641,1.0,4,4,2,1,1,0.045454545454545456,6,False,False,False,1.0,0.0
SL,F-Root,5004,dns-root_f-root_msm5004_20260701T000000Z_010000Z.json,landing_region_0006::landing_region_0556,landing_region_0006 -> landing_region_0556,4.0,4,4,2,1,1,1.0,1,True,False,False,0.0,4.0
TD,F-Root,5004,dns-root_f-root_msm5004_20260701T000000Z_010000Z.json,landing_region_0770::landing_region_0809,landing_region_0770 -> landing_region_0809,4.0,4,4,2,1,1,1.0,1,True,False,False,4.0,0.0
TG,F-Root,5004,dns-root_f-root_msm5004_20260701T000000Z_010000Z.json,landing_region_0556::landing_region_0586,landing_region_0556 -> landing_region_0586,4.0,4,4,2,1,1,1.0,1,True,False,False,0.0,4.0
TH,F-Root,5004,dns-root_f-root_msm5004_20260701T000000Z_010000Z.json,landing_region_0741::landing_region_0892,landing_region_0741 -> landing_region_0892,56.0,56,56,15,8,5,0.875,1,True,False,False,56.0,0.0
TH,F-Root,5004,dns-root_f-root_msm5004_20260701T000000Z_010000Z.json,landing_region_0132::landing_region_0892,landing_region_0132 -> landing_region_0892,4.0,4,4,2,1,1,0.0625,2,False,True,False,0.0,4.0
TH,F-Root,5004,dns-root_f-root_msm5004_20260701T000000Z_010000Z.json,landing_region_0230::landing_region_0892,landing_region_0230 -> landing_region_0892,4.0,4,4,2,1,1,0.0625,3,False,False,True,0.0,4.0
TL,F-Root,5004,dns-root_f-root_msm5004_20260701T000000Z_010000Z.json,landing_region_0009::landing_region_0041,landing_region_0009 -> landing_region_0041,4.0,4,4,2,1,1,0.5,1,True,False,False,4.0,0.0
TL,F-Root,5004,dns-root_f-root_msm5004_20260701T000000Z_010000Z.json,landing_region_0009::landing_region_0945,landing_region_0009 -> landing_region_0945,4.0,4,4,2,1,1,0.5,2,False,True,False,4.0,0.0
TN,F-Root,5004,dns-root_f-root_msm5004_20260701T000000Z_010000Z.json,landing_region_0166::landing_region_0431,landing_region_0166 -> landing_region_0431,4.0,4,4,2,2,2,1.0,1,True,False,False,0.0,4.0
TO,F-Root,5004,dns-root_f-root_msm5004_20260701T000000Z_010000Z.json,landing_region_0701::landing_region_0903,landing_region_0701 -> landing_region_0903,4.0,4,4,2,1,1,1.0,1,True,False,False,0.0,4.0
TR,F-Root,5004,dns-root_f-root_msm5004_20260701T000000Z_010000Z.json,landing_region_0461::landing_region_0614,landing_region_0461 -> landing_region_0614,8.0,8,8,4,3,2,1.0,1,True,False,False,0.0,8.0
TV,F-Root,5004,dns-root_f-root_msm5004_20260701T000000Z_010000Z.json,landing_region_0089::landing_region_0903,landing_region_0089 -> landing_region_0903,4.0,4,4,2,1,1,1.0,1,True,False,False,0.0,4.0
TW,F-Root,5004,dns-root_f-root_msm5004_20260701T000000Z_010000Z.json,landing_region_0719::landing_region_1011,landing_region_0719 -> landing_region_1011,40.0,44,44,20,10,6,0.6896551724137931,1,True,False,False,40.0,0.0
TW,F-Root,5004,dns-root_f-root_msm5004_20260701T000000Z_010000Z.json,landing_region_0719::landing_region_0719,landing_region_0719 -> landing_region_0719,10.0,14,14,6,3,3,0.1724137931034483,2,False,True,False,10.0,0.0
TW,F-Root,5004,dns-root_f-root_msm5004_20260701T000000Z_010000Z.json,landing_region_0230::landing_region_0230,landing_region_0230 -> landing_region_0230,4.0,4,4,2,1,1,0.06896551724137931,3,False,False,True,4.0,0.0
TW,F-Root,5004,dns-root_f-root_msm5004_20260701T000000Z_010000Z.json,landing_region_0196::landing_region_1011,landing_region_0196 -> landing_region_1011,2.0,4,4,2,1,1,0.034482758620689655,4,False,False,False,2.0,0.0
TW,F-Root,5004,dns-root_f-root_msm5004_20260701T000000Z_010000Z.json,landing_region_0441::landing_region_1011,landing_region_0441 -> landing_region_1011,2.0,4,4,2,1,1,0.034482758620689655,5,False,False,False,2.0,0.0
UA,F-Root,5004,dns-root_f-root_msm5004_20260701T000000Z_010000Z.json,landing_region_0351::landing_region_0640,landing_region_0351 -> landing_region_0640,2.0,2,2,1,1,1,1.0,1,True,False,False,2.0,0.0
UG,F-Root,5004,dns-root_f-root_msm5004_20260701T000000Z_010000Z.json,landing_region_0054::landing_region_0650,landing_region_0054 -> landing_region_0650,2.0,2,2,1,1,1,1.0,1,True,False,False,0.0,2.0
US,F-Root,5004,dns-root_f-root_msm5004_20260701T000000Z_010000Z.json,landing_region_0149::landing_region_0149,landing_region_0149 -> landing_region_0149,351.0,638,638,213,117,41,0.37340425531914895,1,True,False,False,351.0,0.0
US,F-Root,5004,dns-root_f-root_msm5004_20260701T000000Z_010000Z.json,landing_region_0149::landing_region_0610,landing_region_0149 -> landing_region_0610,349.0,636,636,223,123,39,0.37127659574468086,2,False,True,False,349.0,0.0
US,F-Root,5004,dns-root_f-root_msm5004_20260701T000000Z_010000Z.json,landing_region_0223::landing_region_0223,landing_region_0223 -> landing_region_0223,139.33333333333334,154,154,41,21,11,0.14822695035460995,3,False,False,True,139.33333333333334,0.0
US,F-Root,5004,dns-root_f-root_msm5004_20260701T000000Z_010000Z.json,landing_region_0200::landing_region_0944,landing_region_0200 -> landing_region_0944,16.0,16,16,8,6,3,0.01702127659574468,4,False,False,False,4.0,12.0
US,F-Root,5004,dns-root_f-root_msm5004_20260701T000000Z_010000Z.json,landing_region_0174::landing_region_0981,landing_region_0174 -> landing_region_0981,8.0,8,8,2,1,1,0.00851063829787234,5,False,False,False,8.0,0.0
US,F-Root,5004,dns-root_f-root_msm5004_20260701T000000Z_010000Z.json,landing_region_0008::landing_region_0223,landing_region_0008 -> landing_region_0223,7.333333333333333,22,22,11,6,4,0.007801418439716312,6,False,False,False,7.333333333333333,0.0
US,F-Root,5004,dns-root_f-root_msm5004_20260701T000000Z_010000Z.json,landing_region_0223::landing_region_0293,landing_region_0223 -> landing_region_0293,7.333333333333333,22,22,11,6,4,0.007801418439716312,7,False,False,False,7.333333333333333,0.0
US,F-Root,5004,dns-root_f-root_msm5004_20260701T000000Z_010000Z.json,landing_region_0125::landing_region_0125,landing_region_0125 -> landing_region_0125,6.0,12,12,4,2,1,0.006382978723404255,8,False,False,False,6.0,0.0
US,F-Root,5004,dns-root_f-root_msm5004_20260701T000000Z_010000Z.json,landing_region_0125::landing_region_0416,landing_region_0125 -> landing_region_0416,6.0,12,12,4,2,1,0.006382978723404255,9,False,False,False,6.0,0.0
US,F-Root,5004,dns-root_f-root_msm5004_20260701T000000Z_010000Z.json,landing_region_0125::landing_region_0493,landing_region_0125 -> landing_region_0493,6.0,8,8,4,2,2,0.006382978723404255,10,False,False,False,6.0,0.0
US,F-Root,5004,dns-root_f-root_msm5004_20260701T000000Z_010000Z.json,landing_region_0174::landing_region_0465,landing_region_0174 -> landing_region_0465,6.0,6,6,3,2,2,0.006382978723404255,11,False,False,False,6.0,0.0
US,F-Root,5004,dns-root_f-root_msm5004_20260701T000000Z_010000Z.json,landing_region_0014::landing_region_0041,landing_region_0014 -> landing_region_0041,4.0,4,4,2,1,1,0.00425531914893617,12,False,False,False,0.0,4.0
US,F-Root,5004,dns-root_f-root_msm5004_20260701T000000Z_010000Z.json,landing_region_0060::landing_region_0223,landing_region_0060 -> landing_region_0223,4.0,4,4,2,1,1,0.00425531914893617,13,False,False,False,4.0,0.0
US,F-Root,5004,dns-root_f-root_msm5004_20260701T000000Z_010000Z.json,landing_region_0060::landing_region_0426,landing_region_0060 -> landing_region_0426,4.0,4,4,2,1,1,0.00425531914893617,14,False,False,False,4.0,0.0
US,F-Root,5004,dns-root_f-root_msm5004_20260701T000000Z_010000Z.json,landing_region_0174::landing_region_0208,landing_region_0174 -> landing_region_0208,4.0,4,4,2,1,1,0.00425531914893617,15,False,False,False,0.0,4.0
US,F-Root,5004,dns-root_f-root_msm5004_20260701T000000Z_010000Z.json,landing_region_0348::landing_region_0843,landing_region_0348 -> landing_region_0843,4.0,4,4,2,1,1,0.00425531914893617,16,False,False,False,4.0,0.0
US,F-Root,5004,dns-root_f-root_msm5004_20260701T000000Z_010000Z.json,landing_region_0051::landing_region_0051,landing_region_0051 -> landing_region_0051,2.0,4,4,2,1,1,0.002127659574468085,17,False,False,False,0.0,2.0
US,F-Root,5004,dns-root_f-root_msm5004_20260701T000000Z_010000Z.json,landing_region_0051::landing_region_0181,landing_region_0051 -> landing_region_0181,2.0,4,4,2,1,1,0.002127659574468085,18,False,False,False,0.0,2.0
US,F-Root,5004,dns-root_f-root_msm5004_20260701T000000Z_010000Z.json,landing_region_0174::landing_region_0290,landing_region_0174 -> landing_region_0290,2.0,4,4,2,1,1,0.002127659574468085,19,False,False,False,0.0,2.0
US,F-Root,5004,dns-root_f-root_msm5004_20260701T000000Z_010000Z.json,landing_region_0174::landing_region_0751,landing_region_0174 -> landing_region_0751,2.0,4,4,2,1,1,0.002127659574468085,20,False,False,False,0.0,2.0
US,F-Root,5004,dns-root_f-root_msm5004_20260701T000000Z_010000Z.json,landing_region_0187::landing_region_0195,landing_region_0187 -> landing_region_0195,2.0,2,2,1,1,1,0.002127659574468085,21,False,False,False,2.0,0.0
US,F-Root,5004,dns-root_f-root_msm5004_20260701T000000Z_010000Z.json,landing_region_0416::landing_region_0493,landing_region_0416 -> landing_region_0493,2.0,4,4,2,1,1,0.002127659574468085,22,False,False,False,2.0,0.0
US,F-Root,5004,dns-root_f-root_msm5004_20260701T000000Z_010000Z.json,landing_region_0115::landing_region_0115,landing_region_0115 -> landing_region_0115,1.3333333333333333,4,4,2,1,1,0.0014184397163120566,23,False,False,False,1.3333333333333333,0.0
US,F-Root,5004,dns-root_f-root_msm5004_20260701T000000Z_010000Z.json,landing_region_0115::landing_region_0208,landing_region_0115 -> landing_region_0208,1.3333333333333333,4,4,2,1,1,0.0014184397163120566,24,False,False,False,1.3333333333333333,0.0
US,F-Root,5004,dns-root_f-root_msm5004_20260701T000000Z_010000Z.json,landing_region_0208::landing_region_0208,landing_region_0208 -> landing_region_0208,1.3333333333333333,4,4,2,1,1,0.0014184397163120566,25,False,False,False,1.3333333333333333,0.0
US,F-Root,5004,dns-root_f-root_msm5004_20260701T000000Z_010000Z.json,landing_region_0235::landing_region_0335,landing_region_0235 -> landing_region_0335,0.6666666666666666,2,2,1,1,1,0.0007092198581560283,26,False,False,False,0.6666666666666666,0.0
US,F-Root,5004,dns-root_f-root_msm5004_20260701T000000Z_010000Z.json,landing_region_0335::landing_region_0335,landing_region_0335 -> landing_region_0335,0.6666666666666666,2,2,1,1,1,0.0007092198581560283,27,False,False,False,0.6666666666666666,0.0
US,F-Root,5004,dns-root_f-root_msm5004_20260701T000000Z_010000Z.json,landing_region_0335::landing_region_0562,landing_region_0335 -> landing_region_0562,0.6666666666666666,2,2,1,1,1,0.0007092198581560283,28,False,False,False,0.6666666666666666,0.0
VE,F-Root,5004,dns-root_f-root_msm5004_20260701T000000Z_010000Z.json,landing_region_0225::landing_region_0425,landing_region_0225 -> landing_region_0425,4.0,4,4,2,1,1,0.6666666666666666,1,True,False,False,4.0,0.0
VE,F-Root,5004,dns-root_f-root_msm5004_20260701T000000Z_010000Z.json,landing_region_0174::landing_region_0225,landing_region_0174 -> landing_region_0225,2.0,2,2,1,1,1,0.3333333333333333,2,False,True,False,0.0,2.0
VI,F-Root,5004,dns-root_f-root_msm5004_20260701T000000Z_010000Z.json,landing_region_0174::landing_region_0208,landing_region_0174 -> landing_region_0208,4.0,4,4,2,1,1,0.5,1,True,False,False,0.0,4.0
VI,F-Root,5004,dns-root_f-root_msm5004_20260701T000000Z_010000Z.json,landing_region_0115::landing_region_0115,landing_region_0115 -> landing_region_0115,1.3333333333333333,4,4,2,1,1,0.16666666666666666,2,False,True,False,1.3333333333333333,0.0
VI,F-Root,5004,dns-root_f-root_msm5004_20260701T000000Z_010000Z.json,landing_region_0115::landing_region_0208,landing_region_0115 -> landing_region_0208,1.3333333333333333,4,4,2,1,1,0.16666666666666666,3,False,False,True,1.3333333333333333,0.0
VI,F-Root,5004,dns-root_f-root_msm5004_20260701T000000Z_010000Z.json,landing_region_0208::landing_region_0208,landing_region_0208 -> landing_region_0208,1.3333333333333333,4,4,2,1,1,0.16666666666666666,4,False,False,False,1.3333333333333333,0.0
VN,F-Root,5004,dns-root_f-root_msm5004_20260701T000000Z_010000Z.json,landing_region_0132::landing_region_0988,landing_region_0132 -> landing_region_0988,12.0,12,12,6,4,3,1.0,1,True,False,False,0.0,12.0
ZA,F-Root,5004,dns-root_f-root_msm5004_20260701T000000Z_010000Z.json,landing_region_0233::landing_region_0233,landing_region_0233 -> landing_region_0233,48.0,48,48,14,7,6,0.96,1,True,False,False,48.0,0.0
ZA,F-Root,5004,dns-root_f-root_msm5004_20260701T000000Z_010000Z.json,landing_region_0104::landing_region_0233,landing_region_0104 -> landing_region_0233,2.0,2,2,1,1,1,0.04,2,False,True,False,0.0,2.0
