probe_country,service_id,service_class,deployment_type,total_valid_traces,mappable_traces,submarine_exposed_traces,service_physical_exposure_rate,mappable_trace_rate,unique_probes,unique_probe_asns,unique_target_ips,unique_target_asns,service_entry_resolution_rate,sufficient_trace_observation,auditable_paper_case,observation_sufficiency_reason,failed_thresholds,analysis_scope
AD,Topology-IPv4-UDP,topology_baseline,dynamic_multi_target,9,9,6,0.6666666666666666,1.0,3,1,7,7,0.1111111111111111,False,False,"insufficient_minimum_mappable_segments,minimum_unique_probes,minimum_unique_probe_asns","minimum_mappable_segments,minimum_unique_probes,minimum_unique_probe_asns",probe_country_service
AE,Topology-IPv4-UDP,topology_baseline,dynamic_multi_target,63,59,21,0.3333333333333333,0.9365079365079365,20,14,61,59,0.38095238095238093,True,True,auditable,,probe_country_service
AF,Topology-IPv4-UDP,topology_baseline,dynamic_multi_target,18,17,9,0.5,0.9444444444444444,6,2,16,15,0.2222222222222222,False,False,"insufficient_minimum_mappable_segments,minimum_unique_probes,minimum_unique_probe_asns","minimum_mappable_segments,minimum_unique_probes,minimum_unique_probe_asns",probe_country_service
AL,Topology-IPv4-UDP,topology_baseline,dynamic_multi_target,73,66,22,0.3013698630136986,0.9041095890410958,23,14,73,70,0.273972602739726,True,True,auditable,,probe_country_service
AM,Topology-IPv4-UDP,topology_baseline,dynamic_multi_target,44,44,9,0.20454545454545456,1.0,14,7,44,42,0.5,True,True,auditable,,probe_country_service
AO,Topology-IPv4-UDP,topology_baseline,dynamic_multi_target,32,28,11,0.34375,0.875,10,4,31,31,0.34375,True,True,auditable,,probe_country_service
AR,Topology-IPv4-UDP,topology_baseline,dynamic_multi_target,165,157,34,0.20606060606060606,0.9515151515151515,52,40,163,153,0.3333333333333333,True,True,auditable,,probe_country_service
AT,Topology-IPv4-UDP,topology_baseline,dynamic_multi_target,657,640,107,0.1628614916286149,0.974124809741248,206,81,641,526,0.4322678843226788,True,True,auditable,,probe_country_service
AU,Topology-IPv4-UDP,topology_baseline,dynamic_multi_target,767,655,503,0.6558018252933507,0.8539765319426337,240,71,747,594,0.3559322033898305,True,True,auditable,,probe_country_service
AX,Topology-IPv4-UDP,topology_baseline,dynamic_multi_target,6,6,5,0.8333333333333334,1.0,2,2,6,6,0.5,False,False,"insufficient_minimum_mappable_segments,minimum_unique_probes,minimum_unique_probe_asns","minimum_mappable_segments,minimum_unique_probes,minimum_unique_probe_asns",probe_country_service
AZ,Topology-IPv4-UDP,topology_baseline,dynamic_multi_target,27,21,5,0.18518518518518517,0.7777777777777778,9,8,27,26,0.37037037037037035,False,False,"insufficient_minimum_mappable_segments,minimum_unique_probes","minimum_mappable_segments,minimum_unique_probes",probe_country_service
BA,Topology-IPv4-UDP,topology_baseline,dynamic_multi_target,48,41,3,0.0625,0.8541666666666666,15,6,46,46,0.4166666666666667,True,True,auditable,,probe_country_service
BB,Topology-IPv4-UDP,topology_baseline,dynamic_multi_target,4,4,2,0.5,1.0,1,1,4,4,0.5,False,False,"insufficient_minimum_mappable_segments,minimum_unique_probes,minimum_unique_probe_asns","minimum_mappable_segments,minimum_unique_probes,minimum_unique_probe_asns",probe_country_service
BD,Topology-IPv4-UDP,topology_baseline,dynamic_multi_target,27,27,12,0.4444444444444444,1.0,9,6,26,25,0.4074074074074074,False,False,"insufficient_minimum_mappable_segments,minimum_unique_probes","minimum_mappable_segments,minimum_unique_probes",probe_country_service
BE,Topology-IPv4-UDP,topology_baseline,dynamic_multi_target,467,452,71,0.15203426124197003,0.9678800856531049,146,25,452,389,0.43897216274089934,True,True,auditable,,probe_country_service
BF,Topology-IPv4-UDP,topology_baseline,dynamic_multi_target,12,9,4,0.3333333333333333,0.75,4,3,12,12,0.5,False,False,"insufficient_minimum_mappable_segments,minimum_unique_probes","minimum_mappable_segments,minimum_unique_probes",probe_country_service
BG,Topology-IPv4-UDP,topology_baseline,dynamic_multi_target,275,264,36,0.13090909090909092,0.96,83,51,266,240,0.41818181818181815,True,True,auditable,,probe_country_service
BH,Topology-IPv4-UDP,topology_baseline,dynamic_multi_target,15,14,11,0.7333333333333333,0.9333333333333333,5,2,15,15,0.26666666666666666,False,False,"insufficient_minimum_mappable_segments,minimum_unique_probes,minimum_unique_probe_asns","minimum_mappable_segments,minimum_unique_probes,minimum_unique_probe_asns",probe_country_service
BI,Topology-IPv4-UDP,topology_baseline,dynamic_multi_target,3,1,0,0.0,0.3333333333333333,1,1,2,2,0.0,False,False,"insufficient_minimum_mappable_segments,minimum_unique_probes,minimum_unique_probe_asns","minimum_mappable_segments,minimum_unique_probes,minimum_unique_probe_asns",probe_country_service
BJ,Topology-IPv4-UDP,topology_baseline,dynamic_multi_target,24,24,10,0.4166666666666667,1.0,7,4,24,24,0.375,False,False,"insufficient_minimum_mappable_segments,minimum_unique_probes","minimum_mappable_segments,minimum_unique_probes",probe_country_service
BL,Topology-IPv4-UDP,topology_baseline,dynamic_multi_target,3,3,1,0.3333333333333333,1.0,1,1,3,3,0.6666666666666666,False,False,"insufficient_minimum_mappable_segments,minimum_unique_probes,minimum_unique_probe_asns","minimum_mappable_segments,minimum_unique_probes,minimum_unique_probe_asns",probe_country_service
BO,Topology-IPv4-UDP,topology_baseline,dynamic_multi_target,56,56,14,0.25,1.0,18,9,56,53,0.42857142857142855,True,True,auditable,,probe_country_service
BR,Topology-IPv4-UDP,topology_baseline,dynamic_multi_target,280,251,53,0.18928571428571428,0.8964285714285715,87,58,271,238,0.4714285714285714,True,True,auditable,,probe_country_service
BT,Topology-IPv4-UDP,topology_baseline,dynamic_multi_target,6,3,2,0.3333333333333333,0.5,2,2,6,6,0.5,False,False,"insufficient_minimum_mappable_segments,minimum_unique_probes,minimum_unique_probe_asns","minimum_mappable_segments,minimum_unique_probes,minimum_unique_probe_asns",probe_country_service
BW,Topology-IPv4-UDP,topology_baseline,dynamic_multi_target,4,4,0,0.0,1.0,1,1,4,4,0.75,False,False,"insufficient_minimum_mappable_segments,minimum_unique_probes,minimum_unique_probe_asns","minimum_mappable_segments,minimum_unique_probes,minimum_unique_probe_asns",probe_country_service
BY,Topology-IPv4-UDP,topology_baseline,dynamic_multi_target,74,74,10,0.13513513513513514,1.0,23,14,74,72,0.44594594594594594,True,True,auditable,,probe_country_service
BZ,Topology-IPv4-UDP,topology_baseline,dynamic_multi_target,3,3,0,0.0,1.0,1,1,3,3,0.3333333333333333,False,False,"insufficient_minimum_mappable_segments,minimum_unique_probes,minimum_unique_probe_asns","minimum_mappable_segments,minimum_unique_probes,minimum_unique_probe_asns",probe_country_service
CA,Topology-IPv4-UDP,topology_baseline,dynamic_multi_target,856,807,281,0.3282710280373832,0.9427570093457944,271,85,837,661,0.4088785046728972,True,True,auditable,,probe_country_service
CD,Topology-IPv4-UDP,topology_baseline,dynamic_multi_target,9,9,1,0.1111111111111111,1.0,3,3,9,9,0.5555555555555556,False,False,"insufficient_minimum_mappable_segments,minimum_unique_probes","minimum_mappable_segments,minimum_unique_probes",probe_country_service
CG,Topology-IPv4-UDP,topology_baseline,dynamic_multi_target,6,5,0,0.0,0.8333333333333334,2,2,6,6,0.0,False,False,"insufficient_minimum_mappable_segments,minimum_unique_probes,minimum_unique_probe_asns","minimum_mappable_segments,minimum_unique_probes,minimum_unique_probe_asns",probe_country_service
CH,Topology-IPv4-UDP,topology_baseline,dynamic_multi_target,1045,982,238,0.22775119617224882,0.939712918660287,323,81,966,758,0.38564593301435407,True,True,auditable,,probe_country_service
CI,Topology-IPv4-UDP,topology_baseline,dynamic_multi_target,3,3,3,1.0,1.0,1,1,3,3,0.0,False,False,"insufficient_minimum_mappable_segments,minimum_unique_probes,minimum_unique_probe_asns","minimum_mappable_segments,minimum_unique_probes,minimum_unique_probe_asns",probe_country_service
CK,Topology-IPv4-UDP,topology_baseline,dynamic_multi_target,3,3,3,1.0,1.0,1,1,3,3,1.0,False,False,"insufficient_minimum_mappable_segments,minimum_unique_probes,minimum_unique_probe_asns","minimum_mappable_segments,minimum_unique_probes,minimum_unique_probe_asns",probe_country_service
CL,Topology-IPv4-UDP,topology_baseline,dynamic_multi_target,244,234,39,0.1598360655737705,0.9590163934426229,76,33,241,223,0.4098360655737705,True,True,auditable,,probe_country_service
CM,Topology-IPv4-UDP,topology_baseline,dynamic_multi_target,6,6,4,0.6666666666666666,1.0,2,2,6,6,0.6666666666666666,False,False,"insufficient_minimum_mappable_segments,minimum_unique_probes,minimum_unique_probe_asns","minimum_mappable_segments,minimum_unique_probes,minimum_unique_probe_asns",probe_country_service
CN,Topology-IPv4-UDP,topology_baseline,dynamic_multi_target,163,151,68,0.4171779141104294,0.9263803680981595,50,23,159,149,0.38650306748466257,True,True,auditable,,probe_country_service
CO,Topology-IPv4-UDP,topology_baseline,dynamic_multi_target,98,89,13,0.1326530612244898,0.9081632653061225,31,22,93,92,0.46938775510204084,True,True,auditable,,probe_country_service
CR,Topology-IPv4-UDP,topology_baseline,dynamic_multi_target,48,33,6,0.125,0.6875,16,8,46,44,0.25,True,True,auditable,,probe_country_service
CU,Topology-IPv4-UDP,topology_baseline,dynamic_multi_target,3,3,2,0.6666666666666666,1.0,1,1,3,3,0.3333333333333333,False,False,"insufficient_minimum_mappable_segments,minimum_unique_probes,minimum_unique_probe_asns","minimum_mappable_segments,minimum_unique_probes,minimum_unique_probe_asns",probe_country_service
CV,Topology-IPv4-UDP,topology_baseline,dynamic_multi_target,12,12,8,0.6666666666666666,1.0,4,2,12,12,0.25,False,False,"insufficient_minimum_mappable_segments,minimum_unique_probes,minimum_unique_probe_asns","minimum_mappable_segments,minimum_unique_probes,minimum_unique_probe_asns",probe_country_service
CW,Topology-IPv4-UDP,topology_baseline,dynamic_multi_target,6,6,3,0.5,1.0,2,2,6,6,0.5,False,False,"insufficient_minimum_mappable_segments,minimum_unique_probes,minimum_unique_probe_asns","minimum_mappable_segments,minimum_unique_probes,minimum_unique_probe_asns",probe_country_service
CY,Topology-IPv4-UDP,topology_baseline,dynamic_multi_target,41,37,23,0.5609756097560976,0.9024390243902439,13,6,40,40,0.3170731707317073,True,True,auditable,,probe_country_service
CZ,Topology-IPv4-UDP,topology_baseline,dynamic_multi_target,894,869,170,0.19015659955257272,0.9720357941834452,278,112,879,678,0.4161073825503356,True,True,auditable,,probe_country_service
DE,Topology-IPv4-UDP,topology_baseline,dynamic_multi_target,5150,4943,819,0.15902912621359222,0.9598058252427184,1596,376,4948,2804,0.43766990291262137,True,True,auditable,,probe_country_service
DJ,Topology-IPv4-UDP,topology_baseline,dynamic_multi_target,8,8,3,0.375,1.0,3,2,8,8,0.5,False,False,"insufficient_minimum_mappable_segments,minimum_unique_probes,minimum_unique_probe_asns","minimum_mappable_segments,minimum_unique_probes,minimum_unique_probe_asns",probe_country_service
DK,Topology-IPv4-UDP,topology_baseline,dynamic_multi_target,346,329,257,0.7427745664739884,0.9508670520231214,108,35,338,294,0.41040462427745666,True,True,auditable,,probe_country_service
DO,Topology-IPv4-UDP,topology_baseline,dynamic_multi_target,25,25,13,0.52,1.0,9,7,25,24,0.52,False,False,"insufficient_minimum_mappable_segments,minimum_unique_probes","minimum_mappable_segments,minimum_unique_probes",probe_country_service
DZ,Topology-IPv4-UDP,topology_baseline,dynamic_multi_target,3,2,0,0.0,0.6666666666666666,1,1,3,3,0.3333333333333333,False,False,"insufficient_minimum_mappable_segments,minimum_unique_probes,minimum_unique_probe_asns","minimum_mappable_segments,minimum_unique_probes,minimum_unique_probe_asns",probe_country_service
EC,Topology-IPv4-UDP,topology_baseline,dynamic_multi_target,78,73,14,0.1794871794871795,0.9358974358974359,24,19,78,76,0.46153846153846156,True,True,auditable,,probe_country_service
EE,Topology-IPv4-UDP,topology_baseline,dynamic_multi_target,123,106,66,0.5365853658536586,0.8617886178861789,39,22,123,116,0.34959349593495936,True,True,auditable,,probe_country_service
EG,Topology-IPv4-UDP,topology_baseline,dynamic_multi_target,6,6,2,0.3333333333333333,1.0,2,1,6,6,0.3333333333333333,False,False,"insufficient_minimum_mappable_segments,minimum_unique_probes,minimum_unique_probe_asns","minimum_mappable_segments,minimum_unique_probes,minimum_unique_probe_asns",probe_country_service
ES,Topology-IPv4-UDP,topology_baseline,dynamic_multi_target,760,700,167,0.21973684210526315,0.9210526315789473,230,73,740,583,0.4026315789473684,True,True,auditable,,probe_country_service
ET,Topology-IPv4-UDP,topology_baseline,dynamic_multi_target,4,4,2,0.5,1.0,1,1,4,4,0.25,False,False,"insufficient_minimum_mappable_segments,minimum_unique_probes,minimum_unique_probe_asns","minimum_mappable_segments,minimum_unique_probes,minimum_unique_probe_asns",probe_country_service
FI,Topology-IPv4-UDP,topology_baseline,dynamic_multi_target,455,434,277,0.6087912087912087,0.9538461538461539,142,50,440,368,0.43736263736263736,True,True,auditable,,probe_country_service
FJ,Topology-IPv4-UDP,topology_baseline,dynamic_multi_target,7,3,3,0.42857142857142855,0.42857142857142855,2,2,7,7,0.2857142857142857,False,False,"insufficient_minimum_mappable_segments,minimum_unique_probes,minimum_unique_probe_asns","minimum_mappable_segments,minimum_unique_probes,minimum_unique_probe_asns",probe_country_service
FM,Topology-IPv4-UDP,topology_baseline,dynamic_multi_target,7,4,4,0.5714285714285714,0.5714285714285714,3,1,7,7,0.2857142857142857,False,False,"insufficient_minimum_mappable_segments,minimum_unique_probes,minimum_unique_probe_asns","minimum_mappable_segments,minimum_unique_probes,minimum_unique_probe_asns",probe_country_service
FR,Topology-IPv4-UDP,topology_baseline,dynamic_multi_target,3086,2926,498,0.16137394685677253,0.948152948801037,952,163,2987,1938,0.40084251458198317,True,True,auditable,,probe_country_service
GB,Topology-IPv4-UDP,topology_baseline,dynamic_multi_target,1671,1561,260,0.15559545182525433,0.9341711549970078,525,186,1629,1162,0.39916217833632556,True,True,auditable,,probe_country_service
GE,Topology-IPv4-UDP,topology_baseline,dynamic_multi_target,34,34,8,0.23529411764705882,1.0,10,6,34,33,0.5,True,True,auditable,,probe_country_service
GF,Topology-IPv4-UDP,topology_baseline,dynamic_multi_target,3,3,0,0.0,1.0,1,1,3,3,0.3333333333333333,False,False,"insufficient_minimum_mappable_segments,minimum_unique_probes,minimum_unique_probe_asns","minimum_mappable_segments,minimum_unique_probes,minimum_unique_probe_asns",probe_country_service
GG,Topology-IPv4-UDP,topology_baseline,dynamic_multi_target,3,3,3,1.0,1.0,1,1,3,3,0.6666666666666666,False,False,"insufficient_minimum_mappable_segments,minimum_unique_probes,minimum_unique_probe_asns","minimum_mappable_segments,minimum_unique_probes,minimum_unique_probe_asns",probe_country_service
GH,Topology-IPv4-UDP,topology_baseline,dynamic_multi_target,10,10,6,0.6,1.0,3,3,10,10,0.5,False,False,"insufficient_minimum_mappable_segments,minimum_unique_probes","minimum_mappable_segments,minimum_unique_probes",probe_country_service
GP,Topology-IPv4-UDP,topology_baseline,dynamic_multi_target,7,7,3,0.42857142857142855,1.0,2,2,7,7,0.7142857142857143,False,False,"insufficient_minimum_mappable_segments,minimum_unique_probes,minimum_unique_probe_asns","minimum_mappable_segments,minimum_unique_probes,minimum_unique_probe_asns",probe_country_service
GQ,Topology-IPv4-UDP,topology_baseline,dynamic_multi_target,4,4,4,1.0,1.0,1,1,4,4,0.75,False,False,"insufficient_minimum_mappable_segments,minimum_unique_probes,minimum_unique_probe_asns","minimum_mappable_segments,minimum_unique_probes,minimum_unique_probe_asns",probe_country_service
GR,Topology-IPv4-UDP,topology_baseline,dynamic_multi_target,239,220,41,0.17154811715481172,0.9205020920502092,73,26,237,216,0.39748953974895396,True,True,auditable,,probe_country_service
GT,Topology-IPv4-UDP,topology_baseline,dynamic_multi_target,13,12,0,0.0,0.9230769230769231,4,3,13,13,0.46153846153846156,False,False,"insufficient_minimum_mappable_segments,minimum_unique_probes","minimum_mappable_segments,minimum_unique_probes",probe_country_service
GU,Topology-IPv4-UDP,topology_baseline,dynamic_multi_target,29,26,26,0.896551724137931,0.896551724137931,9,5,24,24,0.10344827586206896,False,False,"insufficient_minimum_mappable_segments,minimum_unique_probes","minimum_mappable_segments,minimum_unique_probes",probe_country_service
HK,Topology-IPv4-UDP,topology_baseline,dynamic_multi_target,155,142,111,0.7161290322580646,0.9161290322580645,49,32,153,143,0.4,True,True,auditable,,probe_country_service
HN,Topology-IPv4-UDP,topology_baseline,dynamic_multi_target,29,29,17,0.5862068965517241,1.0,9,6,28,28,0.3103448275862069,False,False,"insufficient_minimum_mappable_segments,minimum_unique_probes","minimum_mappable_segments,minimum_unique_probes",probe_country_service
HR,Topology-IPv4-UDP,topology_baseline,dynamic_multi_target,133,112,22,0.16541353383458646,0.8421052631578947,42,20,133,127,0.3609022556390977,True,True,auditable,,probe_country_service
HT,Topology-IPv4-UDP,topology_baseline,dynamic_multi_target,3,3,0,0.0,1.0,1,1,3,3,0.3333333333333333,False,False,"insufficient_minimum_mappable_segments,minimum_unique_probes,minimum_unique_probe_asns","minimum_mappable_segments,minimum_unique_probes,minimum_unique_probe_asns",probe_country_service
HU,Topology-IPv4-UDP,topology_baseline,dynamic_multi_target,183,171,18,0.09836065573770492,0.9344262295081968,55,23,165,149,0.41530054644808745,True,True,auditable,,probe_country_service
ID,Topology-IPv4-UDP,topology_baseline,dynamic_multi_target,251,245,226,0.900398406374502,0.9760956175298805,79,57,245,223,0.44223107569721115,True,True,auditable,,probe_country_service
IE,Topology-IPv4-UDP,topology_baseline,dynamic_multi_target,279,268,61,0.21863799283154123,0.9605734767025089,88,25,273,248,0.40860215053763443,True,True,auditable,,probe_country_service
IL,Topology-IPv4-UDP,topology_baseline,dynamic_multi_target,94,91,59,0.6276595744680851,0.9680851063829787,30,12,94,87,0.4148936170212766,True,True,auditable,,probe_country_service
IM,Topology-IPv4-UDP,topology_baseline,dynamic_multi_target,10,10,8,0.8,1.0,3,3,10,10,0.2,False,False,"insufficient_minimum_mappable_segments,minimum_unique_probes","minimum_mappable_segments,minimum_unique_probes",probe_country_service
IN,Topology-IPv4-UDP,topology_baseline,dynamic_multi_target,442,376,139,0.31447963800904977,0.8506787330316742,135,59,407,350,0.36425339366515835,True,True,auditable,,probe_country_service
IQ,Topology-IPv4-UDP,topology_baseline,dynamic_multi_target,26,26,5,0.19230769230769232,1.0,8,6,26,26,0.46153846153846156,False,False,"insufficient_minimum_mappable_segments,minimum_unique_probes","minimum_mappable_segments,minimum_unique_probes",probe_country_service
IR,Topology-IPv4-UDP,topology_baseline,dynamic_multi_target,137,70,10,0.072992700729927,0.5109489051094891,44,22,124,114,0.25547445255474455,True,True,auditable,,probe_country_service
IS,Topology-IPv4-UDP,topology_baseline,dynamic_multi_target,36,36,7,0.19444444444444445,1.0,11,8,36,35,0.4444444444444444,True,True,auditable,,probe_country_service
IT,Topology-IPv4-UDP,topology_baseline,dynamic_multi_target,987,919,165,0.16717325227963525,0.9311043566362716,307,102,955,737,0.3677811550151976,True,True,auditable,,probe_country_service
JO,Topology-IPv4-UDP,topology_baseline,dynamic_multi_target,7,4,0,0.0,0.5714285714285714,2,2,7,7,0.42857142857142855,False,False,"insufficient_minimum_mappable_segments,minimum_unique_probes,minimum_unique_probe_asns","minimum_mappable_segments,minimum_unique_probes,minimum_unique_probe_asns",probe_country_service
JP,Topology-IPv4-UDP,topology_baseline,dynamic_multi_target,721,665,190,0.2635228848821082,0.9223300970873787,225,99,704,567,0.3897364771151179,True,True,auditable,,probe_country_service
KE,Topology-IPv4-UDP,topology_baseline,dynamic_multi_target,50,44,17,0.34,0.88,15,10,48,46,0.26,True,True,auditable,,probe_country_service
KG,Topology-IPv4-UDP,topology_baseline,dynamic_multi_target,63,57,10,0.15873015873015872,0.9047619047619048,20,13,63,61,0.3333333333333333,True,True,auditable,,probe_country_service
KH,Topology-IPv4-UDP,topology_baseline,dynamic_multi_target,10,10,3,0.3,1.0,3,3,10,10,0.7,False,False,"insufficient_minimum_mappable_segments,minimum_unique_probes","minimum_mappable_segments,minimum_unique_probes",probe_country_service
KI,Topology-IPv4-UDP,topology_baseline,dynamic_multi_target,6,6,6,1.0,1.0,2,1,6,6,0.8333333333333334,False,False,"insufficient_minimum_mappable_segments,minimum_unique_probes,minimum_unique_probe_asns","minimum_mappable_segments,minimum_unique_probes,minimum_unique_probe_asns",probe_country_service
KN,Topology-IPv4-UDP,topology_baseline,dynamic_multi_target,3,3,3,1.0,1.0,1,1,3,3,0.3333333333333333,False,False,"insufficient_minimum_mappable_segments,minimum_unique_probes,minimum_unique_probe_asns","minimum_mappable_segments,minimum_unique_probes,minimum_unique_probe_asns",probe_country_service
KR,Topology-IPv4-UDP,topology_baseline,dynamic_multi_target,73,58,15,0.2054794520547945,0.7945205479452054,22,12,71,67,0.410958904109589,True,True,auditable,,probe_country_service
KW,Topology-IPv4-UDP,topology_baseline,dynamic_multi_target,6,3,0,0.0,0.5,2,2,6,6,0.0,False,False,"insufficient_minimum_mappable_segments,minimum_unique_probes,minimum_unique_probe_asns","minimum_mappable_segments,minimum_unique_probes,minimum_unique_probe_asns",probe_country_service
KY,Topology-IPv4-UDP,topology_baseline,dynamic_multi_target,3,3,3,1.0,1.0,1,1,3,3,0.3333333333333333,False,False,"insufficient_minimum_mappable_segments,minimum_unique_probes,minimum_unique_probe_asns","minimum_mappable_segments,minimum_unique_probes,minimum_unique_probe_asns",probe_country_service
KZ,Topology-IPv4-UDP,topology_baseline,dynamic_multi_target,178,175,27,0.15168539325842698,0.9831460674157303,54,20,174,160,0.48314606741573035,True,True,auditable,,probe_country_service
LA,Topology-IPv4-UDP,topology_baseline,dynamic_multi_target,3,3,1,0.3333333333333333,1.0,1,1,3,3,0.3333333333333333,False,False,"insufficient_minimum_mappable_segments,minimum_unique_probes,minimum_unique_probe_asns","minimum_mappable_segments,minimum_unique_probes,minimum_unique_probe_asns",probe_country_service
LB,Topology-IPv4-UDP,topology_baseline,dynamic_multi_target,6,3,1,0.16666666666666666,0.5,2,2,6,6,0.16666666666666666,False,False,"insufficient_minimum_mappable_segments,minimum_unique_probes,minimum_unique_probe_asns","minimum_mappable_segments,minimum_unique_probes,minimum_unique_probe_asns",probe_country_service
LC,Topology-IPv4-UDP,topology_baseline,dynamic_multi_target,7,7,6,0.8571428571428571,1.0,2,2,7,7,0.5714285714285714,False,False,"insufficient_minimum_mappable_segments,minimum_unique_probes,minimum_unique_probe_asns","minimum_mappable_segments,minimum_unique_probes,minimum_unique_probe_asns",probe_country_service
LI,Topology-IPv4-UDP,topology_baseline,dynamic_multi_target,10,10,1,0.1,1.0,3,3,10,10,0.4,False,False,"insufficient_minimum_mappable_segments,minimum_unique_probes","minimum_mappable_segments,minimum_unique_probes",probe_country_service
LK,Topology-IPv4-UDP,topology_baseline,dynamic_multi_target,40,37,31,0.775,0.925,13,6,37,36,0.3,True,True,auditable,,probe_country_service
LS,Topology-IPv4-UDP,topology_baseline,dynamic_multi_target,3,3,0,0.0,1.0,1,1,3,3,0.6666666666666666,False,False,"insufficient_minimum_mappable_segments,minimum_unique_probes,minimum_unique_probe_asns","minimum_mappable_segments,minimum_unique_probes,minimum_unique_probe_asns",probe_country_service
LT,Topology-IPv4-UDP,topology_baseline,dynamic_multi_target,115,107,30,0.2608695652173913,0.9304347826086956,36,21,115,108,0.3739130434782609,True,True,auditable,,probe_country_service
LU,Topology-IPv4-UDP,topology_baseline,dynamic_multi_target,119,110,19,0.15966386554621848,0.9243697478991597,38,20,117,107,0.3865546218487395,True,True,auditable,,probe_country_service
LV,Topology-IPv4-UDP,topology_baseline,dynamic_multi_target,97,92,17,0.17525773195876287,0.9484536082474226,30,19,97,90,0.4329896907216495,True,True,auditable,,probe_country_service
MA,Topology-IPv4-UDP,topology_baseline,dynamic_multi_target,3,3,1,0.3333333333333333,1.0,1,1,3,3,0.0,False,False,"insufficient_minimum_mappable_segments,minimum_unique_probes,minimum_unique_probe_asns","minimum_mappable_segments,minimum_unique_probes,minimum_unique_probe_asns",probe_country_service
MD,Topology-IPv4-UDP,topology_baseline,dynamic_multi_target,83,80,11,0.13253012048192772,0.963855421686747,25,15,83,81,0.4578313253012048,True,True,auditable,,probe_country_service
ME,Topology-IPv4-UDP,topology_baseline,dynamic_multi_target,20,20,6,0.3,1.0,6,5,20,18,0.55,False,False,"insufficient_minimum_mappable_segments,minimum_unique_probes","minimum_mappable_segments,minimum_unique_probes",probe_country_service
MG,Topology-IPv4-UDP,topology_baseline,dynamic_multi_target,7,7,4,0.5714285714285714,1.0,2,1,7,7,0.14285714285714285,False,False,"insufficient_minimum_mappable_segments,minimum_unique_probes,minimum_unique_probe_asns","minimum_mappable_segments,minimum_unique_probes,minimum_unique_probe_asns",probe_country_service
MH,Topology-IPv4-UDP,topology_baseline,dynamic_multi_target,3,3,1,0.3333333333333333,1.0,1,1,3,3,0.3333333333333333,False,False,"insufficient_minimum_mappable_segments,minimum_unique_probes,minimum_unique_probe_asns","minimum_mappable_segments,minimum_unique_probes,minimum_unique_probe_asns",probe_country_service
MK,Topology-IPv4-UDP,topology_baseline,dynamic_multi_target,30,26,8,0.26666666666666666,0.8666666666666667,10,8,30,30,0.43333333333333335,True,True,auditable,,probe_country_service
ML,Topology-IPv4-UDP,topology_baseline,dynamic_multi_target,3,3,3,1.0,1.0,1,1,3,3,0.0,False,False,"insufficient_minimum_mappable_segments,minimum_unique_probes,minimum_unique_probe_asns","minimum_mappable_segments,minimum_unique_probes,minimum_unique_probe_asns",probe_country_service
MM,Topology-IPv4-UDP,topology_baseline,dynamic_multi_target,10,10,10,1.0,1.0,3,3,10,10,0.3,False,False,"insufficient_minimum_mappable_segments,minimum_unique_probes","minimum_mappable_segments,minimum_unique_probes",probe_country_service
MN,Topology-IPv4-UDP,topology_baseline,dynamic_multi_target,24,24,9,0.375,1.0,7,7,24,24,0.4583333333333333,False,False,"insufficient_minimum_mappable_segments,minimum_unique_probes","minimum_mappable_segments,minimum_unique_probes",probe_country_service
MP,Topology-IPv4-UDP,topology_baseline,dynamic_multi_target,3,3,3,1.0,1.0,1,1,3,3,0.6666666666666666,False,False,"insufficient_minimum_mappable_segments,minimum_unique_probes,minimum_unique_probe_asns","minimum_mappable_segments,minimum_unique_probes,minimum_unique_probe_asns",probe_country_service
MT,Topology-IPv4-UDP,topology_baseline,dynamic_multi_target,27,27,27,1.0,1.0,8,2,27,26,0.25925925925925924,False,False,"insufficient_minimum_mappable_segments,minimum_unique_probes,minimum_unique_probe_asns","minimum_mappable_segments,minimum_unique_probes,minimum_unique_probe_asns",probe_country_service
MU,Topology-IPv4-UDP,topology_baseline,dynamic_multi_target,27,23,5,0.18518518518518517,0.8518518518518519,8,4,27,26,0.25925925925925924,False,False,"insufficient_minimum_mappable_segments,minimum_unique_probes","minimum_mappable_segments,minimum_unique_probes",probe_country_service
MV,Topology-IPv4-UDP,topology_baseline,dynamic_multi_target,36,36,34,0.9444444444444444,1.0,11,4,36,35,0.4444444444444444,True,True,auditable,,probe_country_service
MW,Topology-IPv4-UDP,topology_baseline,dynamic_multi_target,3,3,0,0.0,1.0,1,1,3,3,0.3333333333333333,False,False,"insufficient_minimum_mappable_segments,minimum_unique_probes,minimum_unique_probe_asns","minimum_mappable_segments,minimum_unique_probes,minimum_unique_probe_asns",probe_country_service
MX,Topology-IPv4-UDP,topology_baseline,dynamic_multi_target,136,126,33,0.2426470588235294,0.9264705882352942,43,22,135,123,0.375,True,True,auditable,,probe_country_service
MY,Topology-IPv4-UDP,topology_baseline,dynamic_multi_target,105,100,65,0.6190476190476191,0.9523809523809523,33,18,104,98,0.3904761904761905,True,True,auditable,,probe_country_service
MZ,Topology-IPv4-UDP,topology_baseline,dynamic_multi_target,10,10,4,0.4,1.0,3,3,10,10,0.6,False,False,"insufficient_minimum_mappable_segments,minimum_unique_probes","minimum_mappable_segments,minimum_unique_probes",probe_country_service
NA,Topology-IPv4-UDP,topology_baseline,dynamic_multi_target,5691,5251,1607,0.28237568089966614,0.9226849411351257,1750,4,5586,3159,0.3899138991389914,True,True,auditable,,probe_country_service
NC,Topology-IPv4-UDP,topology_baseline,dynamic_multi_target,15,15,15,1.0,1.0,5,2,15,14,0.5333333333333333,False,False,"insufficient_minimum_mappable_segments,minimum_unique_probes,minimum_unique_probe_asns","minimum_mappable_segments,minimum_unique_probes,minimum_unique_probe_asns",probe_country_service
NG,Topology-IPv4-UDP,topology_baseline,dynamic_multi_target,29,29,18,0.6206896551724138,1.0,9,6,29,28,0.5517241379310345,False,False,"insufficient_minimum_mappable_segments,minimum_unique_probes","minimum_mappable_segments,minimum_unique_probes",probe_country_service
NI,Topology-IPv4-UDP,topology_baseline,dynamic_multi_target,20,18,5,0.25,0.9,6,4,20,19,0.4,False,False,"insufficient_minimum_mappable_segments,minimum_unique_probes","minimum_mappable_segments,minimum_unique_probes",probe_country_service
NL,Topology-IPv4-UDP,topology_baseline,dynamic_multi_target,1851,1742,286,0.15451107509454348,0.9411129119394922,576,159,1800,1264,0.406807131280389,True,True,auditable,,probe_country_service
NO,Topology-IPv4-UDP,topology_baseline,dynamic_multi_target,286,260,229,0.8006993006993007,0.9090909090909091,89,33,274,251,0.3811188811188811,True,True,auditable,,probe_country_service
NP,Topology-IPv4-UDP,topology_baseline,dynamic_multi_target,46,46,12,0.2608695652173913,1.0,15,9,46,46,0.391304347826087,True,True,auditable,,probe_country_service
NZ,Topology-IPv4-UDP,topology_baseline,dynamic_multi_target,323,291,274,0.848297213622291,0.9009287925696594,98,32,310,269,0.3715170278637771,True,True,auditable,,probe_country_service
OM,Topology-IPv4-UDP,topology_baseline,dynamic_multi_target,4,4,3,0.75,1.0,1,1,4,4,0.0,False,False,"insufficient_minimum_mappable_segments,minimum_unique_probes,minimum_unique_probe_asns","minimum_mappable_segments,minimum_unique_probes,minimum_unique_probe_asns",probe_country_service
PA,Topology-IPv4-UDP,topology_baseline,dynamic_multi_target,58,54,18,0.3103448275862069,0.9310344827586207,18,11,55,53,0.43103448275862066,True,True,auditable,,probe_country_service
PE,Topology-IPv4-UDP,topology_baseline,dynamic_multi_target,62,62,17,0.27419354838709675,1.0,19,14,62,61,0.46774193548387094,True,True,auditable,,probe_country_service
PF,Topology-IPv4-UDP,topology_baseline,dynamic_multi_target,16,16,2,0.125,1.0,5,1,16,15,0.625,False,False,"insufficient_minimum_mappable_segments,minimum_unique_probes,minimum_unique_probe_asns","minimum_mappable_segments,minimum_unique_probes,minimum_unique_probe_asns",probe_country_service
PG,Topology-IPv4-UDP,topology_baseline,dynamic_multi_target,3,3,3,1.0,1.0,1,1,3,3,0.6666666666666666,False,False,"insufficient_minimum_mappable_segments,minimum_unique_probes,minimum_unique_probe_asns","minimum_mappable_segments,minimum_unique_probes,minimum_unique_probe_asns",probe_country_service
PH,Topology-IPv4-UDP,topology_baseline,dynamic_multi_target,191,178,121,0.6335078534031413,0.9319371727748691,59,33,188,172,0.3612565445026178,True,True,auditable,,probe_country_service
PK,Topology-IPv4-UDP,topology_baseline,dynamic_multi_target,17,11,6,0.35294117647058826,0.6470588235294118,6,5,17,17,0.11764705882352941,False,False,"insufficient_minimum_mappable_segments,minimum_unique_probes","minimum_mappable_segments,minimum_unique_probes",probe_country_service
PL,Topology-IPv4-UDP,topology_baseline,dynamic_multi_target,655,613,96,0.1465648854961832,0.9358778625954198,204,120,634,512,0.41374045801526715,True,True,auditable,,probe_country_service
PR,Topology-IPv4-UDP,topology_baseline,dynamic_multi_target,4,4,4,1.0,1.0,1,1,4,4,0.25,False,False,"insufficient_minimum_mappable_segments,minimum_unique_probes,minimum_unique_probe_asns","minimum_mappable_segments,minimum_unique_probes,minimum_unique_probe_asns",probe_country_service
PS,Topology-IPv4-UDP,topology_baseline,dynamic_multi_target,3,3,2,0.6666666666666666,1.0,1,1,2,2,0.6666666666666666,False,False,"insufficient_minimum_mappable_segments,minimum_unique_probes,minimum_unique_probe_asns","minimum_mappable_segments,minimum_unique_probes,minimum_unique_probe_asns",probe_country_service
PT,Topology-IPv4-UDP,topology_baseline,dynamic_multi_target,305,284,181,0.5934426229508196,0.9311475409836065,94,21,294,259,0.32131147540983607,True,True,auditable,,probe_country_service
PW,Topology-IPv4-UDP,topology_baseline,dynamic_multi_target,3,3,1,0.3333333333333333,1.0,1,1,3,3,0.3333333333333333,False,False,"insufficient_minimum_mappable_segments,minimum_unique_probes,minimum_unique_probe_asns","minimum_mappable_segments,minimum_unique_probes,minimum_unique_probe_asns",probe_country_service
PY,Topology-IPv4-UDP,topology_baseline,dynamic_multi_target,31,28,5,0.16129032258064516,0.9032258064516129,10,8,30,30,0.22580645161290322,True,True,auditable,,probe_country_service
QA,Topology-IPv4-UDP,topology_baseline,dynamic_multi_target,3,3,1,0.3333333333333333,1.0,1,1,3,3,0.6666666666666666,False,False,"insufficient_minimum_mappable_segments,minimum_unique_probes,minimum_unique_probe_asns","minimum_mappable_segments,minimum_unique_probes,minimum_unique_probe_asns",probe_country_service
RE,Topology-IPv4-UDP,topology_baseline,dynamic_multi_target,112,111,53,0.4732142857142857,0.9910714285714286,36,4,111,107,0.4375,True,True,auditable,,probe_country_service
RO,Topology-IPv4-UDP,topology_baseline,dynamic_multi_target,255,242,38,0.14901960784313725,0.9490196078431372,81,43,252,228,0.40784313725490196,True,True,auditable,,probe_country_service
RS,Topology-IPv4-UDP,topology_baseline,dynamic_multi_target,147,137,25,0.17006802721088435,0.9319727891156463,45,16,147,138,0.3945578231292517,True,True,auditable,,probe_country_service
RU,Topology-IPv4-UDP,topology_baseline,dynamic_multi_target,1506,1411,422,0.28021248339973437,0.9369189907038512,468,281,1440,1042,0.39707835325365204,True,True,auditable,,probe_country_service
RW,Topology-IPv4-UDP,topology_baseline,dynamic_multi_target,3,3,0,0.0,1.0,1,1,3,3,0.3333333333333333,False,False,"insufficient_minimum_mappable_segments,minimum_unique_probes,minimum_unique_probe_asns","minimum_mappable_segments,minimum_unique_probes,minimum_unique_probe_asns",probe_country_service
SA,Topology-IPv4-UDP,topology_baseline,dynamic_multi_target,48,43,9,0.1875,0.8958333333333334,15,8,48,46,0.4375,True,True,auditable,,probe_country_service
SE,Topology-IPv4-UDP,topology_baseline,dynamic_multi_target,638,590,322,0.5047021943573667,0.9247648902821317,200,70,618,504,0.3934169278996865,True,True,auditable,,probe_country_service
SG,Topology-IPv4-UDP,topology_baseline,dynamic_multi_target,369,343,284,0.7696476964769647,0.9295392953929539,115,57,353,301,0.3875338753387534,True,True,auditable,,probe_country_service
SI,Topology-IPv4-UDP,topology_baseline,dynamic_multi_target,137,122,17,0.12408759124087591,0.8905109489051095,44,19,131,121,0.38686131386861317,True,True,auditable,,probe_country_service
SK,Topology-IPv4-UDP,topology_baseline,dynamic_multi_target,152,136,22,0.14473684210526316,0.8947368421052632,48,21,152,142,0.3684210526315789,True,True,auditable,,probe_country_service
SL,Topology-IPv4-UDP,topology_baseline,dynamic_multi_target,7,3,3,0.42857142857142855,0.42857142857142855,2,2,7,7,0.14285714285714285,False,False,"insufficient_minimum_mappable_segments,minimum_unique_probes,minimum_unique_probe_asns","minimum_mappable_segments,minimum_unique_probes,minimum_unique_probe_asns",probe_country_service
SM,Topology-IPv4-UDP,topology_baseline,dynamic_multi_target,3,3,0,0.0,1.0,1,1,3,3,0.0,False,False,"insufficient_minimum_mappable_segments,minimum_unique_probes,minimum_unique_probe_asns","minimum_mappable_segments,minimum_unique_probes,minimum_unique_probe_asns",probe_country_service
SN,Topology-IPv4-UDP,topology_baseline,dynamic_multi_target,3,3,1,0.3333333333333333,1.0,1,1,3,3,0.6666666666666666,False,False,"insufficient_minimum_mappable_segments,minimum_unique_probes,minimum_unique_probe_asns","minimum_mappable_segments,minimum_unique_probes,minimum_unique_probe_asns",probe_country_service
SS,Topology-IPv4-UDP,topology_baseline,dynamic_multi_target,4,4,4,1.0,1.0,1,1,4,4,0.5,False,False,"insufficient_minimum_mappable_segments,minimum_unique_probes,minimum_unique_probe_asns","minimum_mappable_segments,minimum_unique_probes,minimum_unique_probe_asns",probe_country_service
SV,Topology-IPv4-UDP,topology_baseline,dynamic_multi_target,35,35,6,0.17142857142857143,1.0,11,6,35,35,0.45714285714285713,True,True,auditable,,probe_country_service
SY,Topology-IPv4-UDP,topology_baseline,dynamic_multi_target,3,0,0,0.0,0.0,1,1,3,3,0.0,False,False,"insufficient_minimum_mappable_segments,minimum_unique_probes,minimum_unique_probe_asns","minimum_mappable_segments,minimum_unique_probes,minimum_unique_probe_asns",probe_country_service
TD,Topology-IPv4-UDP,topology_baseline,dynamic_multi_target,4,4,3,0.75,1.0,1,1,4,4,0.5,False,False,"insufficient_minimum_mappable_segments,minimum_unique_probes,minimum_unique_probe_asns","minimum_mappable_segments,minimum_unique_probes,minimum_unique_probe_asns",probe_country_service
TG,Topology-IPv4-UDP,topology_baseline,dynamic_multi_target,4,4,2,0.5,1.0,1,1,4,4,0.25,False,False,"insufficient_minimum_mappable_segments,minimum_unique_probes,minimum_unique_probe_asns","minimum_mappable_segments,minimum_unique_probes,minimum_unique_probe_asns",probe_country_service
TH,Topology-IPv4-UDP,topology_baseline,dynamic_multi_target,126,120,79,0.626984126984127,0.9523809523809523,39,24,126,113,0.4365079365079365,True,True,auditable,,probe_country_service
TJ,Topology-IPv4-UDP,topology_baseline,dynamic_multi_target,44,40,10,0.22727272727272727,0.9090909090909091,14,10,44,44,0.5,True,True,auditable,,probe_country_service
TL,Topology-IPv4-UDP,topology_baseline,dynamic_multi_target,13,13,8,0.6153846153846154,1.0,4,2,13,13,0.5384615384615384,False,False,"insufficient_minimum_mappable_segments,minimum_unique_probes,minimum_unique_probe_asns","minimum_mappable_segments,minimum_unique_probes,minimum_unique_probe_asns",probe_country_service
TN,Topology-IPv4-UDP,topology_baseline,dynamic_multi_target,24,20,4,0.16666666666666666,0.8333333333333334,8,5,21,21,0.2916666666666667,False,False,"insufficient_minimum_mappable_segments,minimum_unique_probes","minimum_mappable_segments,minimum_unique_probes",probe_country_service
TO,Topology-IPv4-UDP,topology_baseline,dynamic_multi_target,3,3,3,1.0,1.0,1,1,3,3,1.0,False,False,"insufficient_minimum_mappable_segments,minimum_unique_probes,minimum_unique_probe_asns","minimum_mappable_segments,minimum_unique_probes,minimum_unique_probe_asns",probe_country_service
TR,Topology-IPv4-UDP,topology_baseline,dynamic_multi_target,191,174,26,0.13612565445026178,0.9109947643979057,58,29,187,171,0.42408376963350786,True,True,auditable,,probe_country_service
TT,Topology-IPv4-UDP,topology_baseline,dynamic_multi_target,3,3,0,0.0,1.0,1,1,3,3,0.3333333333333333,False,False,"insufficient_minimum_mappable_segments,minimum_unique_probes,minimum_unique_probe_asns","minimum_mappable_segments,minimum_unique_probes,minimum_unique_probe_asns",probe_country_service
TV,Topology-IPv4-UDP,topology_baseline,dynamic_multi_target,3,3,2,0.6666666666666666,1.0,1,1,3,3,0.3333333333333333,False,False,"insufficient_minimum_mappable_segments,minimum_unique_probes,minimum_unique_probe_asns","minimum_mappable_segments,minimum_unique_probes,minimum_unique_probe_asns",probe_country_service
TW,Topology-IPv4-UDP,topology_baseline,dynamic_multi_target,201,189,168,0.835820895522388,0.9402985074626866,64,30,197,182,0.35323383084577115,True,True,auditable,,probe_country_service
TZ,Topology-IPv4-UDP,topology_baseline,dynamic_multi_target,13,13,6,0.46153846153846156,1.0,4,3,13,13,0.5384615384615384,False,False,"insufficient_minimum_mappable_segments,minimum_unique_probes","minimum_mappable_segments,minimum_unique_probes",probe_country_service
UA,Topology-IPv4-UDP,topology_baseline,dynamic_multi_target,476,445,77,0.16176470588235295,0.9348739495798319,151,104,457,399,0.4054621848739496,True,True,auditable,,probe_country_service
UG,Topology-IPv4-UDP,topology_baseline,dynamic_multi_target,19,19,6,0.3157894736842105,1.0,6,4,19,18,0.21052631578947367,False,False,"insufficient_minimum_mappable_segments,minimum_unique_probes","minimum_mappable_segments,minimum_unique_probes",probe_country_service
US,Topology-IPv4-UDP,topology_baseline,dynamic_multi_target,5325,5047,1238,0.23248826291079813,0.947793427230047,1648,440,5238,2980,0.4108920187793427,True,True,auditable,,probe_country_service
UY,Topology-IPv4-UDP,topology_baseline,dynamic_multi_target,61,61,11,0.18032786885245902,1.0,19,5,61,59,0.5081967213114754,True,True,auditable,,probe_country_service
UZ,Topology-IPv4-UDP,topology_baseline,dynamic_multi_target,32,28,12,0.375,0.875,10,8,32,31,0.28125,True,True,auditable,,probe_country_service
VA,Topology-IPv4-UDP,topology_baseline,dynamic_multi_target,3,3,1,0.3333333333333333,1.0,1,1,3,3,0.0,False,False,"insufficient_minimum_mappable_segments,minimum_unique_probes,minimum_unique_probe_asns","minimum_mappable_segments,minimum_unique_probes,minimum_unique_probe_asns",probe_country_service
VE,Topology-IPv4-UDP,topology_baseline,dynamic_multi_target,117,92,35,0.29914529914529914,0.7863247863247863,36,24,108,101,0.26495726495726496,True,True,auditable,,probe_country_service
VI,Topology-IPv4-UDP,topology_baseline,dynamic_multi_target,6,6,3,0.5,1.0,2,2,6,6,0.3333333333333333,False,False,"insufficient_minimum_mappable_segments,minimum_unique_probes,minimum_unique_probe_asns","minimum_mappable_segments,minimum_unique_probes,minimum_unique_probe_asns",probe_country_service
VN,Topology-IPv4-UDP,topology_baseline,dynamic_multi_target,80,77,56,0.7,0.9625,24,13,79,76,0.3375,True,True,auditable,,probe_country_service
VU,Topology-IPv4-UDP,topology_baseline,dynamic_multi_target,3,1,1,0.3333333333333333,0.3333333333333333,1,1,2,2,0.3333333333333333,False,False,"insufficient_minimum_mappable_segments,minimum_unique_probes,minimum_unique_probe_asns","minimum_mappable_segments,minimum_unique_probes,minimum_unique_probe_asns",probe_country_service
XK,Topology-IPv4-UDP,topology_baseline,dynamic_multi_target,6,6,1,0.16666666666666666,1.0,2,2,6,6,0.3333333333333333,False,False,"insufficient_minimum_mappable_segments,minimum_unique_probes,minimum_unique_probe_asns","minimum_mappable_segments,minimum_unique_probes,minimum_unique_probe_asns",probe_country_service
YE,Topology-IPv4-UDP,topology_baseline,dynamic_multi_target,3,3,1,0.3333333333333333,1.0,1,1,3,3,0.3333333333333333,False,False,"insufficient_minimum_mappable_segments,minimum_unique_probes,minimum_unique_probe_asns","minimum_mappable_segments,minimum_unique_probes,minimum_unique_probe_asns",probe_country_service
ZA,Topology-IPv4-UDP,topology_baseline,dynamic_multi_target,360,341,105,0.2916666666666667,0.9472222222222222,113,63,340,303,0.4388888888888889,True,True,auditable,,probe_country_service
ZM,Topology-IPv4-UDP,topology_baseline,dynamic_multi_target,14,14,4,0.2857142857142857,1.0,4,4,14,14,0.2857142857142857,False,False,"insufficient_minimum_mappable_segments,minimum_unique_probes","minimum_mappable_segments,minimum_unique_probes",probe_country_service
ZW,Topology-IPv4-UDP,topology_baseline,dynamic_multi_target,10,10,1,0.1,1.0,3,2,10,10,0.7,False,False,"insufficient_minimum_mappable_segments,minimum_unique_probes,minimum_unique_probe_asns","minimum_mappable_segments,minimum_unique_probes,minimum_unique_probe_asns",probe_country_service
